cell,tissue,subtissue,cell_ontology_class,cell_ontology_id,free_annotation,cluster.ids,mouse.sex,mouse.id,tSNE_1,tSNE_2,plate.barcode
A10.MAA000595.3_9_M.1.1,Heart,Aorta,fibroblast,CL:0000057,NA,3,M,3_9_M,-14.946930708977785,-5.725040414719559,MAA000595
A17.B002431.3_39_F.1.1,Heart,Aorta,professional antigen presenting cell,CL:0000145,NA,4,F,3_39_F,-0.14771689307340968,-20.92964466706299,B002431
A17.MAA000594.3_8_M.1.1,Heart,Aorta,fibroblast,CL:0000057,NA,3,M,3_8_M,-12.436331896374549,-6.479416037988375,MAA000594
A17.MAA000906.3_11_M.1.1,Heart,Aorta,endothelial cell,CL:0000115,endothelial cells_2,2,M,3_11_M,-9.23377058634925,7.539952673331895,MAA000906
A17.MAA000908.3_10_M.1.1,Heart,Aorta,endothelial cell,CL:0000115,endothelial cells_2,2,M,3_10_M,-7.922529492227094,10.749217429716813,MAA000908
A18.B002431.3_39_F.1.1,Heart,Aorta,endothelial cell,CL:0000115,endothelial cells_3,5,F,3_39_F,2.6392591474245592,-12.085821737211806,B002431
A18.MAA000908.3_10_M.1.1,Heart,Aorta,endothelial cell,CL:0000115,endothelial cells_3,5,M,3_10_M,7.348832691304955,6.6309215737030955,MAA000908
A19.MAA000595.3_9_M.1.1,Heart,Aorta,erythrocyte,CL:0000232,NA,0,M,3_9_M,7.694027282578646,-6.217182380058345,MAA000595
A20.B002431.3_39_F.1.1,Heart,Aorta,professional antigen presenting cell,CL:0000145,NA,4,F,3_39_F,0.195282120363456,-18.84423348974758,B002431
A20.MAA000594.3_8_M.1.1,Heart,Aorta,erythrocyte,CL:0000232,NA,0,M,3_8_M,7.7165196035270975,-4.229133150897535,MAA000594
A20.MAA000595.3_9_M.1.1,Heart,Aorta,fibroblast,CL:0000057,NA,3,M,3_9_M,-4.376038381203599,-3.7534820255108934,MAA000595
A20.MAA000908.3_10_M.1.1,Heart,Aorta,endothelial cell,CL:0000115,endothelial cells_2,2,M,3_10_M,-8.562575984912197,11.70038781975061,MAA000908
A21.B002431.3_39_F.1.1,Heart,Aorta,endothelial cell,CL:0000115,endothelial cells_3,5,F,3_39_F,8.255004078278663,2.929224223577449,B002431
A21.MAA000594.3_8_M.1.1,Heart,Aorta,fibroblast,CL:0000057,NA,3,M,3_8_M,-15.322283954723982,-5.440011769996835,MAA000594
A21.MAA000595.3_9_M.1.1,Heart,Aorta,erythrocyte,CL:0000232,NA,0,M,3_9_M,13.2500697611802,-4.300609918737975,MAA000595
A21.MAA000908.3_10_M.1.1,Heart,Aorta,endothelial cell,CL:0000115,endothelial cells_2,2,M,3_10_M,-3.200218365527588,12.291610848377113,MAA000908
A22.B002430.3_38_F.1.1,Heart,Aorta,endothelial cell,CL:0000115,endothelial cells_3,5,F,3_38_F,9.025853459040892,1.4619523960327367,B002430
A22.B002431.3_39_F.1.1,Heart,Aorta,professional antigen presenting cell,CL:0000145,NA,4,F,3_39_F,-1.0115636327258961,-20.13423418479955,B002431
A22.MAA000594.3_8_M.1.1,Heart,Aorta,professional antigen presenting cell,CL:0000145,NA,4,M,3_8_M,4.430508815714829,-14.694116759146665,MAA000594
A22.MAA000906.3_11_M.1.1,Heart,Aorta,endothelial cell,CL:0000115,endothelial cells_1,1,M,3_11_M,2.6070338153802872,6.6753749461247995,MAA000906
A22.MAA000908.3_10_M.1.1,Heart,Aorta,endothelial cell,CL:0000115,endothelial cells_1,1,M,3_10_M,0.19667402893555,11.656564427171956,MAA000908
A5.B002431.3_39_F.1.1,Heart,Aorta,erythrocyte,CL:0000232,NA,0,F,3_39_F,14.267498379808691,-2.0440524662154864,B002431
A8.MAA000594.3_8_M.1.1,Heart,Aorta,erythrocyte,CL:0000232,NA,0,M,3_8_M,14.252268856535956,-4.453085892926418,MAA000594
B1.MAA000908.3_10_M.1.1,Heart,Aorta,erythrocyte,CL:0000232,NA,0,M,3_10_M,14.463179724473889,-5.568892234962247,MAA000908
B13.MAA000906.3_11_M.1.1,Heart,Aorta,erythrocyte,CL:0000232,NA,0,M,3_11_M,7.811101428371791,-2.5130336473834745,MAA000906
B17.MAA000594.3_8_M.1.1,Heart,Aorta,fibroblast,CL:0000057,NA,3,M,3_8_M,-16.61155153541202,-4.7679264858786325,MAA000594
B17.MAA000595.3_9_M.1.1,Heart,Aorta,erythrocyte,CL:0000232,NA,0,M,3_9_M,7.016496216550354,-2.1613966042231727,MAA000595
B17.MAA000906.3_11_M.1.1,Heart,Aorta,endothelial cell,CL:0000115,endothelial cells_2,2,M,3_11_M,-6.507379595006084,16.325426667689527,MAA000906
B17.MAA000908.3_10_M.1.1,Heart,Aorta,erythrocyte,CL:0000232,NA,0,M,3_10_M,11.193102364003119,-1.3073737736003928,MAA000908
B18.MAA000594.3_8_M.1.1,Heart,Aorta,fibroblast,CL:0000057,NA,3,M,3_8_M,-12.626173473337799,-6.3687159179152895,MAA000594
B18.MAA000595.3_9_M.1.1,Heart,Aorta,professional antigen presenting cell,CL:0000145,NA,4,M,3_9_M,0.27787454924708743,-18.038405982363653,MAA000595
B18.MAA000906.3_11_M.1.1,Heart,Aorta,endothelial cell,CL:0000115,endothelial cells_2,2,M,3_11_M,-6.934783287273983,16.406873858985715,MAA000906
B18.MAA000908.3_10_M.1.1,Heart,Aorta,endothelial cell,CL:0000115,endothelial cells_1,1,M,3_10_M,-2.602517727743905,9.779449124651382,MAA000908
B19.MAA000594.3_8_M.1.1,Heart,Aorta,fibroblast,CL:0000057,NA,3,M,3_8_M,-15.52871618483446,-2.033436762521833,MAA000594
B19.MAA000906.3_11_M.1.1,Heart,Aorta,endothelial cell,CL:0000115,endothelial cells_1,1,M,3_11_M,2.912055125072015,8.264964036134113,MAA000906
B19.MAA000908.3_10_M.1.1,Heart,Aorta,endothelial cell,CL:0000115,endothelial cells_2,2,M,3_10_M,-10.760611121120995,7.503925185569328,MAA000908
B20.B002431.3_39_F.1.1,Heart,Aorta,professional antigen presenting cell,CL:0000145,NA,4,F,3_39_F,-0.06749466963936168,-19.269599980581344,B002431
B20.MAA000594.3_8_M.1.1,Heart,Aorta,professional antigen presenting cell,CL:0000145,NA,4,M,3_8_M,-1.425301130084799,-17.773030159608908,MAA000594
B20.MAA000906.3_11_M.1.1,Heart,Aorta,fibroblast,CL:0000057,NA,3,M,3_11_M,-16.715929183075676,-2.389689082003117,MAA000906
B20.MAA000908.3_10_M.1.1,Heart,Aorta,endothelial cell,CL:0000115,endothelial cells_2,2,M,3_10_M,-8.062858489030972,12.874427470415228,MAA000908
B21.B002431.3_39_F.1.1,Heart,Aorta,endothelial cell,CL:0000115,endothelial cells_3,5,F,3_39_F,4.665364169774091,7.3830561009107525,B002431
B21.MAA000594.3_8_M.1.1,Heart,Aorta,professional antigen presenting cell,CL:0000145,NA,4,M,3_8_M,9.682698374377429,-11.866613218084916,MAA000594
B21.MAA000906.3_11_M.1.1,Heart,Aorta,endothelial cell,CL:0000115,endothelial cells_3,5,M,3_11_M,7.275104081458041,5.863788410615962,MAA000906
B21.MAA000908.3_10_M.1.1,Heart,Aorta,endothelial cell,CL:0000115,endothelial cells_1,1,M,3_10_M,-0.5807213794528968,12.511758876912872,MAA000908
B22.B002431.3_39_F.1.1,Heart,Aorta,endothelial cell,CL:0000115,endothelial cells_3,5,F,3_39_F,8.5161731419992,1.3531142856630232,B002431
B22.MAA000594.3_8_M.1.1,Heart,Aorta,erythrocyte,CL:0000232,NA,0,M,3_8_M,12.046339801681135,-5.151579241209587,MAA000594
B22.MAA000595.3_9_M.1.1,Heart,Aorta,erythrocyte,CL:0000232,NA,0,M,3_9_M,10.454952702921139,-7.935098750453819,MAA000595
B22.MAA000906.3_11_M.1.1,Heart,Aorta,endothelial cell,CL:0000115,endothelial cells_2,2,M,3_11_M,-6.683595058098155,7.702176220814501,MAA000906
B22.MAA000908.3_10_M.1.1,Heart,Aorta,endothelial cell,CL:0000115,endothelial cells_1,1,M,3_10_M,-2.06646408632765,11.984215764029033,MAA000908
B3.MAA000906.3_11_M.1.1,Heart,Aorta,erythrocyte,CL:0000232,NA,0,M,3_11_M,13.640066699443839,-3.6840917376317455,MAA000906
B7.MAA000906.3_11_M.1.1,Heart,Aorta,erythrocyte,CL:0000232,NA,0,M,3_11_M,14.495479292953025,-2.6645419429381336,MAA000906
C15.B002431.3_39_F.1.1,Heart,Aorta,erythrocyte,CL:0000232,NA,0,F,3_39_F,13.20869800990917,-2.6037597918753415,B002431
C17.MAA000594.3_8_M.1.1,Heart,Aorta,erythrocyte,CL:0000232,NA,0,M,3_8_M,11.429819802848721,-9.662004601145927,MAA000594
C17.MAA000595.3_9_M.1.1,Heart,Aorta,fibroblast,CL:0000057,NA,3,M,3_9_M,-4.953983880694987,-4.3437552990433845,MAA000595
C17.MAA000906.3_11_M.1.1,Heart,Aorta,endothelial cell,CL:0000115,endothelial cells_2,2,M,3_11_M,-7.268061328536974,16.383831560904706,MAA000906
C17.MAA000908.3_10_M.1.1,Heart,Aorta,endothelial cell,CL:0000115,endothelial cells_2,2,M,3_10_M,-9.396846821367756,12.158252776283812,MAA000908
C18.B002431.3_39_F.1.1,Heart,Aorta,endothelial cell,CL:0000115,endothelial cells_1,1,F,3_39_F,2.736655584583141,9.462829421398848,B002431
C18.MAA000906.3_11_M.1.1,Heart,Aorta,endothelial cell,CL:0000115,endothelial cells_2,2,M,3_11_M,-7.164656386736754,16.43900006554223,MAA000906
C18.MAA000908.3_10_M.1.1,Heart,Aorta,endothelial cell,CL:0000115,endothelial cells_1,1,M,3_10_M,-2.3938677450850308,11.965260876423944,MAA000908
C19.B002430.3_38_F.1.1,Heart,Aorta,endothelial cell,CL:0000115,endothelial cells_3,5,F,3_38_F,6.862231236449123,4.436330568422483,B002430
C19.B002431.3_39_F.1.1,Heart,Aorta,erythrocyte,CL:0000232,NA,0,F,3_39_F,10.348388114472016,-2.194052933124331,B002431
C19.MAA000594.3_8_M.1.1,Heart,Aorta,professional antigen presenting cell,CL:0000145,NA,4,M,3_8_M,-0.4766629028521455,-19.919454633279287,MAA000594
C19.MAA000595.3_9_M.1.1,Heart,Aorta,professional antigen presenting cell,CL:0000145,NA,4,M,3_9_M,0.015888537383349947,-17.580168448020682,MAA000595
C19.MAA000906.3_11_M.1.1,Heart,Aorta,endothelial cell,CL:0000115,endothelial cells_2,2,M,3_11_M,-11.168961618982769,9.718345340060948,MAA000906
C19.MAA000908.3_10_M.1.1,Heart,Aorta,endothelial cell,CL:0000115,endothelial cells_2,2,M,3_10_M,-10.386439540940506,10.356186243158245,MAA000908
C20.B002430.3_38_F.1.1,Heart,Aorta,endothelial cell,CL:0000115,endothelial cells_3,5,F,3_38_F,8.235072628587343,2.4884247253089176,B002430
C20.MAA000594.3_8_M.1.1,Heart,Aorta,professional antigen presenting cell,CL:0000145,NA,4,M,3_8_M,1.6350548052610632,-16.983372040387778,MAA000594
C20.MAA000908.3_10_M.1.1,Heart,Aorta,endothelial cell,CL:0000115,endothelial cells_2,2,M,3_10_M,-7.571147823847145,11.096215223938856,MAA000908
C21.B002431.3_39_F.1.1,Heart,Aorta,endothelial cell,CL:0000115,endothelial cells_1,1,F,3_39_F,-4.594137495431782,8.646551302960315,B002431
C21.MAA000594.3_8_M.1.1,Heart,Aorta,fibroblast,CL:0000057,NA,3,M,3_8_M,-12.320317884183558,-4.32239140138004,MAA000594
C21.MAA000595.3_9_M.1.1,Heart,Aorta,professional antigen presenting cell,CL:0000145,NA,4,M,3_9_M,0.4190958351174344,-18.288633743001938,MAA000595
C21.MAA000906.3_11_M.1.1,Heart,Aorta,endothelial cell,CL:0000115,endothelial cells_1,1,M,3_11_M,1.0085395608846706,12.458744302541431,MAA000906
C21.MAA000908.3_10_M.1.1,Heart,Aorta,endothelial cell,CL:0000115,endothelial cells_1,1,M,3_10_M,-1.391409012883664,12.64050203305327,MAA000908
C22.B002431.3_39_F.1.1,Heart,Aorta,endothelial cell,CL:0000115,endothelial cells_2,2,F,3_39_F,-9.225453987725627,4.838893373133441,B002431
C22.MAA000594.3_8_M.1.1,Heart,Aorta,professional antigen presenting cell,CL:0000145,NA,4,M,3_8_M,3.223236381616168,-15.762854342497633,MAA000594
C22.MAA000595.3_9_M.1.1,Heart,Aorta,professional antigen presenting cell,CL:0000145,NA,4,M,3_9_M,3.295903566366267,-13.457634411455533,MAA000595
C22.MAA000906.3_11_M.1.1,Heart,Aorta,endothelial cell,CL:0000115,endothelial cells_1,1,M,3_11_M,0.829812017086792,15.36117884468144,MAA000906
C22.MAA000908.3_10_M.1.1,Heart,Aorta,endothelial cell,CL:0000115,endothelial cells_2,2,M,3_10_M,-4.660066872899115,12.545131537813196,MAA000908
D14.MAA000594.3_8_M.1.1,Heart,Aorta,erythrocyte,CL:0000232,NA,0,M,3_8_M,13.052166957216592,-8.922562595150174,MAA000594
D15.MAA000906.3_11_M.1.1,Heart,Aorta,erythrocyte,CL:0000232,NA,0,M,3_11_M,14.8170591986977,-3.5474525224125353,MAA000906
D17.B002430.3_38_F.1.1,Heart,Aorta,endothelial cell,CL:0000115,endothelial cells_3,5,F,3_38_F,6.38110373998396,5.178780595500914,B002430
D17.MAA000594.3_8_M.1.1,Heart,Aorta,erythrocyte,CL:0000232,NA,0,M,3_8_M,6.438811002497392,-2.936269577295004,MAA000594
D17.MAA000595.3_9_M.1.1,Heart,Aorta,fibroblast,CL:0000057,NA,3,M,3_9_M,-3.7241239382786926,-3.6616206453424236,MAA000595
D17.MAA000906.3_11_M.1.1,Heart,Aorta,endothelial cell,CL:0000115,endothelial cells_1,1,M,3_11_M,1.5855986360863865,13.617053636938573,MAA000906
D17.MAA000908.3_10_M.1.1,Heart,Aorta,endothelial cell,CL:0000115,endothelial cells_1,1,M,3_10_M,-1.1562697708145426,8.089780908713248,MAA000908
D18.B002431.3_39_F.1.1,Heart,Aorta,endothelial cell,CL:0000115,endothelial cells_2,2,F,3_39_F,-9.301783638317497,4.788098899454015,B002431
D18.MAA000906.3_11_M.1.1,Heart,Aorta,endothelial cell,CL:0000115,endothelial cells_1,1,M,3_11_M,0.8855219641575033,15.079771362965994,MAA000906
D18.MAA000908.3_10_M.1.1,Heart,Aorta,professional antigen presenting cell,CL:0000145,NA,4,M,3_10_M,10.114969618199396,-11.277855552245928,MAA000908
D19.B002430.3_38_F.1.1,Heart,Aorta,endothelial cell,CL:0000115,endothelial cells_3,5,F,3_38_F,2.5573074602701924,-12.000123679707368,B002430
D19.MAA000594.3_8_M.1.1,Heart,Aorta,professional antigen presenting cell,CL:0000145,NA,4,M,3_8_M,1.001767848869846,-17.25831006750337,MAA000594
D19.MAA000595.3_9_M.1.1,Heart,Aorta,fibroblast,CL:0000057,NA,3,M,3_9_M,-4.5813949851149856,-3.5241935688497836,MAA000595
D19.MAA000908.3_10_M.1.1,Heart,Aorta,endothelial cell,CL:0000115,endothelial cells_2,2,M,3_10_M,-10.944924572115077,8.407305483061554,MAA000908
D20.B002430.3_38_F.1.1,Heart,Aorta,endothelial cell,CL:0000115,endothelial cells_1,1,F,3_38_F,-5.361734120029933,4.877298007849791,B002430
D20.B002431.3_39_F.1.1,Heart,Aorta,endothelial cell,CL:0000115,endothelial cells_3,5,F,3_39_F,7.610646385734498,4.637236761827159,B002431
D20.MAA000594.3_8_M.1.1,Heart,Aorta,fibroblast,CL:0000057,NA,3,M,3_8_M,-15.036356263538723,-5.0439989635007025,MAA000594
D20.MAA000595.3_9_M.1.1,Heart,Aorta,fibroblast,CL:0000057,NA,3,M,3_9_M,-4.169915681297551,-3.937169299708382,MAA000595
D20.MAA000908.3_10_M.1.1,Heart,Aorta,endothelial cell,CL:0000115,endothelial cells_2,2,M,3_10_M,-9.715749422368546,10.19638594090247,MAA000908
D21.MAA000594.3_8_M.1.1,Heart,Aorta,professional antigen presenting cell,CL:0000145,NA,4,M,3_8_M,1.7633071111145795,-16.220193517958972,MAA000594
D21.MAA000595.3_9_M.1.1,Heart,Aorta,erythrocyte,CL:0000232,NA,0,M,3_9_M,-3.2081676477305443,-3.8353159386547033,MAA000595
D21.MAA000908.3_10_M.1.1,Heart,Aorta,endothelial cell,CL:0000115,endothelial cells_2,2,M,3_10_M,-4.662481170004656,12.327236694262941,MAA000908
D22.B002431.3_39_F.1.1,Heart,Aorta,endothelial cell,CL:0000115,endothelial cells_2,2,F,3_39_F,-6.734073466434205,8.296517594170567,B002431
D22.MAA000594.3_8_M.1.1,Heart,Aorta,fibroblast,CL:0000057,NA,3,M,3_8_M,9.319706371259409,-12.374451820694565,MAA000594
D22.MAA000595.3_9_M.1.1,Heart,Aorta,fibroblast,CL:0000057,NA,3,M,3_9_M,-16.62088361910397,-4.18388253298055,MAA000595
D22.MAA000906.3_11_M.1.1,Heart,Aorta,erythrocyte,CL:0000232,NA,0,M,3_11_M,9.959961762395375,-3.9079973447994094,MAA000906
D22.MAA000908.3_10_M.1.1,Heart,Aorta,endothelial cell,CL:0000115,endothelial cells_2,2,M,3_10_M,-6.521896871568206,12.454523517883237,MAA000908
D4.B002431.3_39_F.1.1,Heart,Aorta,erythrocyte,CL:0000232,NA,0,F,3_39_F,4.327386454951338,-12.124643956291024,B002431
D4.MAA000594.3_8_M.1.1,Heart,Aorta,fibroblast,CL:0000057,NA,3,M,3_8_M,-13.910999502688048,-5.219858014634336,MAA000594
D6.MAA000594.3_8_M.1.1,Heart,Aorta,erythrocyte,CL:0000232,NA,0,M,3_8_M,13.934888220051324,-5.121532841293335,MAA000594
D6.MAA000906.3_11_M.1.1,Heart,Aorta,erythrocyte,CL:0000232,NA,0,M,3_11_M,15.74771696830988,-2.9940408748646363,MAA000906
E15.MAA000595.3_9_M.1.1,Heart,Aorta,fibroblast,CL:0000057,NA,3,M,3_9_M,-16.340672191174335,-5.024175575986807,MAA000595
E17.MAA000594.3_8_M.1.1,Heart,Aorta,fibroblast,CL:0000057,NA,3,M,3_8_M,-15.370838713649206,-2.160615278590977,MAA000594
E17.MAA000908.3_10_M.1.1,Heart,Aorta,endothelial cell,CL:0000115,endothelial cells_1,1,M,3_10_M,-2.0342557864835435,10.753402603346427,MAA000908
E18.B002431.3_39_F.1.1,Heart,Aorta,endothelial cell,CL:0000115,endothelial cells_3,5,F,3_39_F,4.889366472549241,6.651081181615466,B002431
E18.MAA000594.3_8_M.1.1,Heart,Aorta,professional antigen presenting cell,CL:0000145,NA,4,M,3_8_M,3.26252988585991,-13.833481647775242,MAA000594
E18.MAA000908.3_10_M.1.1,Heart,Aorta,endothelial cell,CL:0000115,endothelial cells_2,2,M,3_10_M,-7.809182550627695,16.163548536269616,MAA000908
E19.MAA000594.3_8_M.1.1,Heart,Aorta,fibroblast,CL:0000057,NA,3,M,3_8_M,-13.286616645789334,-6.06619828499977,MAA000594
E19.MAA000595.3_9_M.1.1,Heart,Aorta,professional antigen presenting cell,CL:0000145,NA,4,M,3_9_M,0.6615734176934743,-18.47946082245411,MAA000595
E19.MAA000908.3_10_M.1.1,Heart,Aorta,endothelial cell,CL:0000115,endothelial cells_2,2,M,3_10_M,-4.0658923746043865,10.385267686583639,MAA000908
E20.B002431.3_39_F.1.1,Heart,Aorta,endothelial cell,CL:0000115,endothelial cells_3,5,F,3_39_F,6.66296174883012,3.697597357427129,B002431
E20.MAA000594.3_8_M.1.1,Heart,Aorta,erythrocyte,CL:0000232,NA,0,M,3_8_M,8.441097994605377,-7.0889504823847735,MAA000594
E20.MAA000906.3_11_M.1.1,Heart,Aorta,erythrocyte,CL:0000232,NA,0,M,3_11_M,14.511002689412102,-4.791728503288671,MAA000906
E20.MAA000908.3_10_M.1.1,Heart,Aorta,endothelial cell,CL:0000115,endothelial cells_2,2,M,3_10_M,-4.2827325193400725,9.411693697813183,MAA000908
E21.MAA000594.3_8_M.1.1,Heart,Aorta,erythrocyte,CL:0000232,NA,0,M,3_8_M,10.000479401517666,-8.744449763555503,MAA000594
E21.MAA000908.3_10_M.1.1,Heart,Aorta,endothelial cell,CL:0000115,endothelial cells_1,1,M,3_10_M,-2.1077267158448607,12.54885178295142,MAA000908
E22.B002430.3_38_F.1.1,Heart,Aorta,endothelial cell,CL:0000115,endothelial cells_1,1,F,3_38_F,-5.722883022145091,4.914302967261932,B002430
E22.MAA000594.3_8_M.1.1,Heart,Aorta,fibroblast,CL:0000057,NA,3,M,3_8_M,-15.910587687960321,-7.230191282366041,MAA000594
E22.MAA000908.3_10_M.1.1,Heart,Aorta,endothelial cell,CL:0000115,endothelial cells_1,1,M,3_10_M,-3.3056619022809506,8.952804506506286,MAA000908
E4.MAA000906.3_11_M.1.1,Heart,Aorta,erythrocyte,CL:0000232,NA,0,M,3_11_M,14.607667970578637,-3.121347616181529,MAA000906
F14.MAA000594.3_8_M.1.1,Heart,Aorta,erythrocyte,CL:0000232,NA,0,M,3_8_M,12.311036600081302,-8.483249470357865,MAA000594
F14.MAA000906.3_11_M.1.1,Heart,Aorta,erythrocyte,CL:0000232,NA,0,M,3_11_M,16.490064595955463,-3.6597425646918427,MAA000906
F17.B002431.3_39_F.1.1,Heart,Aorta,endothelial cell,CL:0000115,endothelial cells_1,1,F,3_39_F,-5.723692141043144,4.776330846809538,B002431
F17.MAA000594.3_8_M.1.1,Heart,Aorta,professional antigen presenting cell,CL:0000145,NA,4,M,3_8_M,2.114811202821648,-16.114866900246355,MAA000594
F17.MAA000595.3_9_M.1.1,Heart,Aorta,erythrocyte,CL:0000232,NA,0,M,3_9_M,11.59477837813259,-6.999363700898052,MAA000595
F17.MAA000908.3_10_M.1.1,Heart,Aorta,endothelial cell,CL:0000115,endothelial cells_2,2,M,3_10_M,-6.036326925108939,10.601264403808708,MAA000908
F18.MAA000595.3_9_M.1.1,Heart,Aorta,professional antigen presenting cell,CL:0000145,NA,4,M,3_9_M,-0.6049066888886002,-17.503874536580298,MAA000595
F18.MAA000906.3_11_M.1.1,Heart,Aorta,endothelial cell,CL:0000115,endothelial cells_1,1,M,3_11_M,2.7641167321106423,13.67913258128938,MAA000906
F18.MAA000908.3_10_M.1.1,Heart,Aorta,endothelial cell,CL:0000115,endothelial cells_2,2,M,3_10_M,-8.63374530085535,11.82081214166943,MAA000908
F19.MAA000594.3_8_M.1.1,Heart,Aorta,fibroblast,CL:0000057,NA,3,M,3_8_M,-18.27333327097482,-4.5926868136489185,MAA000594
F19.MAA000908.3_10_M.1.1,Heart,Aorta,endothelial cell,CL:0000115,endothelial cells_2,2,M,3_10_M,-5.431898567032396,9.813626874031177,MAA000908
F2.MAA000595.3_9_M.1.1,Heart,Aorta,fibroblast,CL:0000057,NA,3,M,3_9_M,-15.395590082830482,-4.470090346642974,MAA000595
F20.B002431.3_39_F.1.1,Heart,Aorta,endothelial cell,CL:0000115,endothelial cells_3,5,F,3_39_F,4.858352734336852,6.430388726212009,B002431
F20.MAA000594.3_8_M.1.1,Heart,Aorta,fibroblast,CL:0000057,NA,3,M,3_8_M,-14.022355973594921,-5.641224602474158,MAA000594
F20.MAA000595.3_9_M.1.1,Heart,Aorta,professional antigen presenting cell,CL:0000145,NA,4,M,3_9_M,-0.9797858663441115,-18.2334651426048,MAA000595
F20.MAA000908.3_10_M.1.1,Heart,Aorta,endothelial cell,CL:0000115,endothelial cells_1,1,M,3_10_M,-0.3185295212425944,8.936120552751083,MAA000908
F21.B002431.3_39_F.1.1,Heart,Aorta,endothelial cell,CL:0000115,endothelial cells_3,5,F,3_39_F,5.2837220898099275,5.113832705956404,B002431
F21.MAA000594.3_8_M.1.1,Heart,Aorta,fibroblast,CL:0000057,NA,3,M,3_8_M,-16.649016968620316,-4.143912430414228,MAA000594
F21.MAA000908.3_10_M.1.1,Heart,Aorta,endothelial cell,CL:0000115,endothelial cells_2,2,M,3_10_M,-5.945914690950811,9.709470587741079,MAA000908
F22.B002430.3_38_F.1.1,Heart,Aorta,endothelial cell,CL:0000115,endothelial cells_3,5,F,3_38_F,9.599778533932493,0.5557172237205281,B002430
F22.B002431.3_39_F.1.1,Heart,Aorta,erythrocyte,CL:0000232,NA,0,F,3_39_F,10.288443252161066,-0.9341848134334664,B002431
F22.MAA000594.3_8_M.1.1,Heart,Aorta,fibroblast,CL:0000057,NA,3,M,3_8_M,-16.756614939773037,-3.1366743437759674,MAA000594
F22.MAA000595.3_9_M.1.1,Heart,Aorta,fibroblast,CL:0000057,NA,3,M,3_9_M,-4.920193889984168,-3.775867344474064,MAA000595
F22.MAA000906.3_11_M.1.1,Heart,Aorta,endothelial cell,CL:0000115,endothelial cells_1,1,M,3_11_M,1.262424467866767,7.854390479057697,MAA000906
F22.MAA000908.3_10_M.1.1,Heart,Aorta,endothelial cell,CL:0000115,endothelial cells_2,2,M,3_10_M,-0.5414461941722359,16.014880605250884,MAA000908
F8.MAA000594.3_8_M.1.1,Heart,Aorta,erythrocyte,CL:0000232,NA,0,M,3_8_M,7.89875568363206,-6.459818306526549,MAA000594
G1.MAA000594.3_8_M.1.1,Heart,Aorta,erythrocyte,CL:0000232,NA,0,M,3_8_M,14.126439830328588,-3.444402347188147,MAA000594
G12.MAA000594.3_8_M.1.1,Heart,Aorta,erythrocyte,CL:0000232,NA,0,M,3_8_M,14.970662507982304,-6.7419878670529085,MAA000594
G14.MAA000595.3_9_M.1.1,Heart,Aorta,fibroblast,CL:0000057,NA,3,M,3_9_M,-14.050301285506587,-3.544484007474652,MAA000595
G15.B002431.3_39_F.1.1,Heart,Aorta,professional antigen presenting cell,CL:0000145,NA,4,F,3_39_F,2.4871240494592373,-12.15535652952978,B002431
G15.MAA000908.3_10_M.1.1,Heart,Aorta,erythrocyte,CL:0000232,NA,0,M,3_10_M,15.51349791545312,-3.063655415047585,MAA000908
G17.MAA000594.3_8_M.1.1,Heart,Aorta,professional antigen presenting cell,CL:0000145,NA,4,M,3_8_M,2.415753183314567,-15.644905653311987,MAA000594
G17.MAA000908.3_10_M.1.1,Heart,Aorta,endothelial cell,CL:0000115,endothelial cells_1,1,M,3_10_M,-1.2341524861259539,12.114232903748052,MAA000908
G18.B002430.3_38_F.1.1,Heart,Aorta,endothelial cell,CL:0000115,endothelial cells_3,5,F,3_38_F,6.746450769449129,5.108803899729332,B002430
G18.B002431.3_39_F.1.1,Heart,Aorta,endothelial cell,CL:0000115,endothelial cells_2,2,F,3_39_F,-8.25120261904237,8.531139295392812,B002431
G18.MAA000594.3_8_M.1.1,Heart,Aorta,fibroblast,CL:0000057,NA,3,M,3_8_M,-12.902479557212528,-1.7149615977545605,MAA000594
G18.MAA000595.3_9_M.1.1,Heart,Aorta,erythrocyte,CL:0000232,NA,0,M,3_9_M,11.087577832352535,-7.22584500756868,MAA000595
G18.MAA000908.3_10_M.1.1,Heart,Aorta,endothelial cell,CL:0000115,endothelial cells_1,1,M,3_10_M,-1.9842506651327192,8.342649666717147,MAA000908
G19.MAA000594.3_8_M.1.1,Heart,Aorta,professional antigen presenting cell,CL:0000145,NA,4,M,3_8_M,-0.20559654093569937,-18.410002219325563,MAA000594
G19.MAA000595.3_9_M.1.1,Heart,Aorta,erythrocyte,CL:0000232,NA,0,M,3_9_M,11.016574587687,-7.291714809929158,MAA000595
G19.MAA000908.3_10_M.1.1,Heart,Aorta,endothelial cell,CL:0000115,endothelial cells_2,2,M,3_10_M,-6.279755292555799,10.186756042630677,MAA000908
G20.B002431.3_39_F.1.1,Heart,Aorta,endothelial cell,CL:0000115,endothelial cells_3,5,F,3_39_F,8.64962833551965,3.3554132331603572,B002431
G20.MAA000594.3_8_M.1.1,Heart,Aorta,erythrocyte,CL:0000232,NA,0,M,3_8_M,7.337572033834632,-4.36090863878704,MAA000594
G20.MAA000908.3_10_M.1.1,Heart,Aorta,endothelial cell,CL:0000115,endothelial cells_2,2,M,3_10_M,-4.227215425189564,12.931657193422055,MAA000908
G21.MAA000594.3_8_M.1.1,Heart,Aorta,fibroblast,CL:0000057,NA,3,M,3_8_M,-13.119561823137214,-2.11852641791823,MAA000594
G21.MAA000595.3_9_M.1.1,Heart,Aorta,professional antigen presenting cell,CL:0000145,NA,4,M,3_9_M,-0.832543529953439,-17.597848602291624,MAA000595
G21.MAA000908.3_10_M.1.1,Heart,Aorta,endothelial cell,CL:0000115,endothelial cells_1,1,M,3_10_M,-1.8050209339331564,13.232443467397951,MAA000908
G22.MAA000594.3_8_M.1.1,Heart,Aorta,erythrocyte,CL:0000232,NA,0,M,3_8_M,9.625686309114414,-9.045980950055904,MAA000594
G22.MAA000908.3_10_M.1.1,Heart,Aorta,endothelial cell,CL:0000115,endothelial cells_1,1,M,3_10_M,1.9327543845043402,14.639156950456403,MAA000908
G3.MAA000594.3_8_M.1.1,Heart,Aorta,erythrocyte,CL:0000232,NA,0,M,3_8_M,4.008297139110533,-12.56599247829666,MAA000594
G5.MAA000594.3_8_M.1.1,Heart,Aorta,erythrocyte,CL:0000232,NA,0,M,3_8_M,15.303709694144901,-3.080089230135205,MAA000594
G7.MAA000594.3_8_M.1.1,Heart,Aorta,erythrocyte,CL:0000232,NA,0,M,3_8_M,15.192234696250068,-6.174894535326044,MAA000594
G8.B002431.3_39_F.1.1,Heart,Aorta,erythrocyte,CL:0000232,NA,0,F,3_39_F,13.959177427867127,-2.3509357229852275,B002431
H1.MAA000594.3_8_M.1.1,Heart,Aorta,erythrocyte,CL:0000232,NA,0,M,3_8_M,16.937383154427174,0.4487857408025248,MAA000594
H1.MAA000595.3_9_M.1.1,Heart,Aorta,fibroblast,CL:0000057,NA,3,M,3_9_M,-14.210535610504945,-3.602951008607994,MAA000595
H11.MAA000594.3_8_M.1.1,Heart,Aorta,erythrocyte,CL:0000232,NA,0,M,3_8_M,14.039970119780694,-3.910648154825715,MAA000594
H12.MAA000594.3_8_M.1.1,Heart,Aorta,erythrocyte,CL:0000232,NA,0,M,3_8_M,11.292781537430715,0.08497588889790152,MAA000594
H17.MAA000594.3_8_M.1.1,Heart,Aorta,erythrocyte,CL:0000232,NA,0,M,3_8_M,13.954777325589577,-9.481329677060144,MAA000594
H17.MAA000908.3_10_M.1.1,Heart,Aorta,endothelial cell,CL:0000115,endothelial cells_2,2,M,3_10_M,-5.074132578535063,9.547912689874128,MAA000908
H18.B002431.3_39_F.1.1,Heart,Aorta,erythrocyte,CL:0000232,NA,0,F,3_39_F,10.490592067622789,-1.8294347780297484,B002431
H18.MAA000908.3_10_M.1.1,Heart,Aorta,endothelial cell,CL:0000115,endothelial cells_2,2,M,3_10_M,-6.402249039682719,10.192588034439364,MAA000908
H19.B002431.3_39_F.1.1,Heart,Aorta,endothelial cell,CL:0000115,endothelial cells_2,2,F,3_39_F,-6.55011815667905,5.501886068552313,B002431
H19.MAA000594.3_8_M.1.1,Heart,Aorta,professional antigen presenting cell,CL:0000145,NA,4,M,3_8_M,-2.54848751359145,-18.294053589384102,MAA000594
H19.MAA000595.3_9_M.1.1,Heart,Aorta,fibroblast,CL:0000057,NA,3,M,3_9_M,-10.636495869232832,-1.8803094247191812,MAA000595
H19.MAA000906.3_11_M.1.1,Heart,Aorta,endothelial cell,CL:0000115,endothelial cells_2,2,M,3_11_M,0.46021393444709946,15.958055896765734,MAA000906
H2.MAA000595.3_9_M.1.1,Heart,Aorta,fibroblast,CL:0000057,NA,3,M,3_9_M,-16.18253508007182,-3.9199370620268597,MAA000595
H20.B002431.3_39_F.1.1,Heart,Aorta,endothelial cell,CL:0000115,endothelial cells_3,5,F,3_39_F,8.99902811664596,2.146715013656142,B002431
H20.MAA000594.3_8_M.1.1,Heart,Aorta,professional antigen presenting cell,CL:0000145,NA,4,M,3_8_M,-3.1372239136942706,-18.224127786052467,MAA000594
H20.MAA000908.3_10_M.1.1,Heart,Aorta,endothelial cell,CL:0000115,endothelial cells_2,2,M,3_10_M,-10.659168004694829,10.302533247236209,MAA000908
H21.B002430.3_38_F.1.1,Heart,Aorta,endothelial cell,CL:0000115,endothelial cells_3,5,F,3_38_F,9.447596630393193,1.2138544187883065,B002430
H21.B002431.3_39_F.1.1,Heart,Aorta,endothelial cell,CL:0000115,endothelial cells_3,5,F,3_39_F,9.084429679453319,3.025660168652426,B002431
H21.MAA000594.3_8_M.1.1,Heart,Aorta,professional antigen presenting cell,CL:0000145,NA,4,M,3_8_M,2.781021856052616,-14.394822268980228,MAA000594
H21.MAA000908.3_10_M.1.1,Heart,Aorta,endothelial cell,CL:0000115,endothelial cells_1,1,M,3_10_M,-1.6737638613605925,9.124547623217898,MAA000908
H22.MAA000594.3_8_M.1.1,Heart,Aorta,fibroblast,CL:0000057,NA,3,M,3_8_M,-18.098361388652663,-6.101957466846137,MAA000594
H22.MAA000906.3_11_M.1.1,Heart,Aorta,endothelial cell,CL:0000115,endothelial cells_3,5,M,3_11_M,6.318872007158622,8.267688822929323,MAA000906
H22.MAA000908.3_10_M.1.1,Heart,Aorta,endothelial cell,CL:0000115,endothelial cells_2,2,M,3_10_M,-8.991992045826537,9.904809282969605,MAA000908
H6.MAA000906.3_11_M.1.1,Heart,Aorta,erythrocyte,CL:0000232,NA,0,M,3_11_M,15.940626598252297,-4.605249001383298,MAA000906
H7.MAA000594.3_8_M.1.1,Heart,Aorta,erythrocyte,CL:0000232,NA,0,M,3_8_M,16.940858078237238,0.4529502103873394,MAA000594
H8.B002431.3_39_F.1.1,Heart,Aorta,erythrocyte,CL:0000232,NA,0,F,3_39_F,9.612216144069777,-2.9106124420381483,B002431
I14.MAA000594.3_8_M.1.1,Heart,Aorta,erythrocyte,CL:0000232,NA,0,M,3_8_M,15.43524681984186,-4.3506942500195285,MAA000594
I16.MAA000594.3_8_M.1.1,Heart,Aorta,erythrocyte,CL:0000232,NA,0,M,3_8_M,14.25273222663002,-9.672744705341529,MAA000594
I17.MAA000594.3_8_M.1.1,Heart,Aorta,fibroblast,CL:0000057,NA,3,M,3_8_M,-14.977858010676718,-6.042696942712337,MAA000594
I17.MAA000906.3_11_M.1.1,Heart,Aorta,endothelial cell,CL:0000115,endothelial cells_1,1,M,3_11_M,-0.22044338268512387,15.52318734904143,MAA000906
I17.MAA000908.3_10_M.1.1,Heart,Aorta,endothelial cell,CL:0000115,endothelial cells_1,1,M,3_10_M,0.6911931659841825,8.278024052950327,MAA000908
I18.B002431.3_39_F.1.1,Heart,Aorta,endothelial cell,CL:0000115,endothelial cells_2,2,F,3_39_F,-6.201127526639652,4.913157048901509,B002431
I18.MAA000906.3_11_M.1.1,Heart,Aorta,endothelial cell,CL:0000115,endothelial cells_1,1,M,3_11_M,-5.876364645833427,16.382982328581992,MAA000906
I18.MAA000908.3_10_M.1.1,Heart,Aorta,endothelial cell,CL:0000115,endothelial cells_2,2,M,3_10_M,-6.081466966454851,7.842995331520018,MAA000908
I19.B002431.3_39_F.1.1,Heart,Aorta,erythrocyte,CL:0000232,NA,0,F,3_39_F,10.34643474426695,-0.2429526085266696,B002431
I19.MAA000908.3_10_M.1.1,Heart,Aorta,endothelial cell,CL:0000115,endothelial cells_1,1,M,3_10_M,0.6079218841728506,9.415825804103125,MAA000908
I20.B002431.3_39_F.1.1,Heart,Aorta,endothelial cell,CL:0000115,endothelial cells_2,2,F,3_39_F,-8.884758649822812,4.676267253434395,B002431
I20.MAA000594.3_8_M.1.1,Heart,Aorta,fibroblast,CL:0000057,NA,3,M,3_8_M,-18.01868877187069,-6.319183678142115,MAA000594
I20.MAA000595.3_9_M.1.1,Heart,Aorta,erythrocyte,CL:0000232,NA,0,M,3_9_M,10.888047181441124,-6.945315947827635,MAA000595
I20.MAA000906.3_11_M.1.1,Heart,Aorta,endothelial cell,CL:0000115,endothelial cells_3,5,M,3_11_M,5.791982943038288,6.301831971708488,MAA000906
I20.MAA000908.3_10_M.1.1,Heart,Aorta,endothelial cell,CL:0000115,endothelial cells_1,1,M,3_10_M,0.9827783185182719,8.468560418647261,MAA000908
I21.B002431.3_39_F.1.1,Heart,Aorta,endothelial cell,CL:0000115,endothelial cells_2,2,F,3_39_F,-6.5243584538488015,7.726826029934948,B002431
I21.MAA000594.3_8_M.1.1,Heart,Aorta,fibroblast,CL:0000057,NA,3,M,3_8_M,-18.214726673487355,-6.470157748724272,MAA000594
I21.MAA000595.3_9_M.1.1,Heart,Aorta,professional antigen presenting cell,CL:0000145,NA,4,M,3_9_M,0.6097112683361295,-19.175359664825372,MAA000595
I21.MAA000908.3_10_M.1.1,Heart,Aorta,endothelial cell,CL:0000115,endothelial cells_1,1,M,3_10_M,-2.103585653385551,11.018223247668516,MAA000908
I22.MAA000594.3_8_M.1.1,Heart,Aorta,fibroblast,CL:0000057,NA,3,M,3_8_M,-18.49799074210349,-6.43828756805116,MAA000594
I22.MAA000906.3_11_M.1.1,Heart,Aorta,endothelial cell,CL:0000115,endothelial cells_2,2,M,3_11_M,-7.109869148811982,8.265815668888402,MAA000906
I22.MAA000908.3_10_M.1.1,Heart,Aorta,endothelial cell,CL:0000115,endothelial cells_1,1,M,3_10_M,0.26647803910869555,14.344700764831032,MAA000908
J10.MAA000906.3_11_M.1.1,Heart,Aorta,erythrocyte,CL:0000232,NA,0,M,3_11_M,14.965396429669978,-4.531234659463473,MAA000906
J17.B002430.3_38_F.1.1,Heart,Aorta,endothelial cell,CL:0000115,endothelial cells_3,5,F,3_38_F,6.514322174151572,4.8057275166151925,B002430
J17.MAA000594.3_8_M.1.1,Heart,Aorta,professional antigen presenting cell,CL:0000145,NA,4,M,3_8_M,-4.30520328378055,-13.785919050418702,MAA000594
J17.MAA000908.3_10_M.1.1,Heart,Aorta,endothelial cell,CL:0000115,endothelial cells_2,2,M,3_10_M,-3.723467310843312,14.405122387332682,MAA000908
J18.B002431.3_39_F.1.1,Heart,Aorta,endothelial cell,CL:0000115,endothelial cells_3,5,F,3_39_F,8.097325711545537,3.1469415332658626,B002431
J18.MAA000594.3_8_M.1.1,Heart,Aorta,professional antigen presenting cell,CL:0000145,NA,4,M,3_8_M,-4.309340136951074,-13.786360496652602,MAA000594
J18.MAA000906.3_11_M.1.1,Heart,Aorta,endothelial cell,CL:0000115,endothelial cells_1,1,M,3_11_M,2.10611902826979,15.733225581987309,MAA000906
J18.MAA000908.3_10_M.1.1,Heart,Aorta,endothelial cell,CL:0000115,endothelial cells_1,1,M,3_10_M,1.1031164779391986,9.466455606211177,MAA000908
J19.B002431.3_39_F.1.1,Heart,Aorta,endothelial cell,CL:0000115,endothelial cells_1,1,F,3_39_F,3.539524829381744,9.90300978695881,B002431
J19.MAA000594.3_8_M.1.1,Heart,Aorta,professional antigen presenting cell,CL:0000145,NA,4,M,3_8_M,-4.327763157143739,-13.774620072050787,MAA000594
J2.MAA000595.3_9_M.1.1,Heart,Aorta,fibroblast,CL:0000057,NA,3,M,3_9_M,-16.247360373859202,-4.384238867261257,MAA000595
J20.B002431.3_39_F.1.1,Heart,Aorta,endothelial cell,CL:0000115,endothelial cells_3,5,F,3_39_F,7.738255996336384,3.787969206555157,B002431
J20.MAA000594.3_8_M.1.1,Heart,Aorta,fibroblast,CL:0000057,NA,3,M,3_8_M,-15.84356504784978,1.8985582395293041,MAA000594
J20.MAA000908.3_10_M.1.1,Heart,Aorta,endothelial cell,CL:0000115,endothelial cells_1,1,M,3_10_M,2.514878113000321,8.425081420937481,MAA000908
J21.B002430.3_38_F.1.1,Heart,Aorta,endothelial cell,CL:0000115,endothelial cells_3,5,F,3_38_F,4.260005027267519,6.704845019838736,B002430
J21.B002431.3_39_F.1.1,Heart,Aorta,endothelial cell,CL:0000115,endothelial cells_3,5,F,3_39_F,4.8094689650480245,7.197413296581254,B002431
J21.MAA000594.3_8_M.1.1,Heart,Aorta,professional antigen presenting cell,CL:0000145,NA,4,M,3_8_M,0.7053969215574485,-20.60506950479245,MAA000594
J21.MAA000595.3_9_M.1.1,Heart,Aorta,fibroblast,CL:0000057,NA,3,M,3_9_M,-5.150314852127151,-3.519888413873442,MAA000595
J21.MAA000908.3_10_M.1.1,Heart,Aorta,endothelial cell,CL:0000115,endothelial cells_2,2,M,3_10_M,-3.9280718402064534,11.002593623790457,MAA000908
J22.B002431.3_39_F.1.1,Heart,Aorta,erythrocyte,CL:0000232,NA,0,F,3_39_F,9.430715350954879,-1.398195767879849,B002431
J22.MAA000594.3_8_M.1.1,Heart,Aorta,fibroblast,CL:0000057,NA,3,M,3_8_M,-16.866517163207522,-4.784787777086492,MAA000594
J22.MAA000595.3_9_M.1.1,Heart,Aorta,erythrocyte,CL:0000232,NA,0,M,3_9_M,8.018397440778328,-3.276468639378836,MAA000595
J22.MAA000908.3_10_M.1.1,Heart,Aorta,endothelial cell,CL:0000115,endothelial cells_2,2,M,3_10_M,-8.629845404215217,9.669169605193943,MAA000908
J4.MAA000594.3_8_M.1.1,Heart,Aorta,professional antigen presenting cell,CL:0000145,NA,4,M,3_8_M,12.606721205655194,-10.782570905320716,MAA000594
J9.MAA000908.3_10_M.1.1,Heart,Aorta,erythrocyte,CL:0000232,NA,0,M,3_10_M,13.970208354757387,-2.925437891558277,MAA000908
K14.MAA000594.3_8_M.1.1,Heart,Aorta,erythrocyte,CL:0000232,NA,0,M,3_8_M,16.47606479910781,-5.403702373020216,MAA000594
K17.B002431.3_39_F.1.1,Heart,Aorta,endothelial cell,CL:0000115,endothelial cells_1,1,F,3_39_F,3.601216363144582,9.323073488756831,B002431
K17.MAA000908.3_10_M.1.1,Heart,Aorta,endothelial cell,CL:0000115,endothelial cells_1,1,M,3_10_M,-0.7219561294638721,10.230792080322674,MAA000908
K18.B002431.3_39_F.1.1,Heart,Aorta,endothelial cell,CL:0000115,endothelial cells_3,5,F,3_39_F,8.941899031870287,2.469695805594594,B002431
K18.MAA000594.3_8_M.1.1,Heart,Aorta,fibroblast,CL:0000057,NA,3,M,3_8_M,-15.87601008134785,2.4532323968260625,MAA000594
K19.B002431.3_39_F.1.1,Heart,Aorta,professional antigen presenting cell,CL:0000145,NA,4,F,3_39_F,0.37312026189536274,-20.976157875647456,B002431
K19.MAA000594.3_8_M.1.1,Heart,Aorta,fibroblast,CL:0000057,NA,3,M,3_8_M,-15.832605604986936,1.8985021810156826,MAA000594
K19.MAA000908.3_10_M.1.1,Heart,Aorta,endothelial cell,CL:0000115,endothelial cells_1,1,M,3_10_M,-0.5010566047502459,11.32425530598928,MAA000908
K20.B002431.3_39_F.1.1,Heart,Aorta,professional antigen presenting cell,CL:0000145,NA,4,F,3_39_F,-0.7143713468313123,-20.59475461351208,B002431
K20.MAA000594.3_8_M.1.1,Heart,Aorta,fibroblast,CL:0000057,NA,3,M,3_8_M,-15.867610281578836,2.2281103243625022,MAA000594
K20.MAA000595.3_9_M.1.1,Heart,Aorta,professional antigen presenting cell,CL:0000145,NA,4,M,3_9_M,-0.1325354974734922,-20.218930799400265,MAA000595
K20.MAA000906.3_11_M.1.1,Heart,Aorta,endothelial cell,CL:0000115,endothelial cells_2,2,M,3_11_M,-10.378951041673188,9.221810717550953,MAA000906
K20.MAA000908.3_10_M.1.1,Heart,Aorta,endothelial cell,CL:0000115,endothelial cells_1,1,M,3_10_M,2.163496588978037,16.244953076195237,MAA000908
K21.B002430.3_38_F.1.1,Heart,Aorta,endothelial cell,CL:0000115,endothelial cells_3,5,F,3_38_F,6.87294062335252,3.095463661767103,B002430
K21.B002431.3_39_F.1.1,Heart,Aorta,endothelial cell,CL:0000115,endothelial cells_3,5,F,3_39_F,8.75886678547132,3.448981289000303,B002431
K21.MAA000594.3_8_M.1.1,Heart,Aorta,professional antigen presenting cell,CL:0000145,NA,4,M,3_8_M,-15.87393262278216,2.488603313329536,MAA000594
K21.MAA000595.3_9_M.1.1,Heart,Aorta,erythrocyte,CL:0000232,NA,0,M,3_9_M,3.9893239083271395,-12.676029323358126,MAA000595
K21.MAA000906.3_11_M.1.1,Heart,Aorta,endothelial cell,CL:0000115,endothelial cells_1,1,M,3_11_M,1.1759054938288729,14.119236402629959,MAA000906
K21.MAA000908.3_10_M.1.1,Heart,Aorta,endothelial cell,CL:0000115,endothelial cells_1,1,M,3_10_M,-1.3581052224012307,9.918251127930551,MAA000908
K22.B002431.3_39_F.1.1,Heart,Aorta,erythrocyte,CL:0000232,NA,0,F,3_39_F,10.274401106615308,-3.1397525987478017,B002431
K22.MAA000594.3_8_M.1.1,Heart,Aorta,professional antigen presenting cell,CL:0000145,NA,4,M,3_8_M,-15.8837788874302,2.5824388906133655,MAA000594
K22.MAA000908.3_10_M.1.1,Heart,Aorta,endothelial cell,CL:0000115,endothelial cells_2,2,M,3_10_M,-4.3564869664179575,10.631819945679743,MAA000908
K4.MAA000594.3_8_M.1.1,Heart,Aorta,erythrocyte,CL:0000232,NA,0,M,3_8_M,10.649988407875117,-4.101554515604837,MAA000594
K5.B002430.3_38_F.1.1,Heart,Aorta,erythrocyte,CL:0000232,NA,0,F,3_38_F,14.520970642521165,-2.1139652534429585,B002430
K8.MAA000594.3_8_M.1.1,Heart,Aorta,erythrocyte,CL:0000232,NA,0,M,3_8_M,16.033437985918958,-6.206559815721009,MAA000594
K9.MAA000594.3_8_M.1.1,Heart,Aorta,erythrocyte,CL:0000232,NA,0,M,3_8_M,16.088538108237998,-3.9022280286830155,MAA000594
L10.MAA000594.3_8_M.1.1,Heart,Aorta,erythrocyte,CL:0000232,NA,0,M,3_8_M,7.226300880956709,-6.7112248989140495,MAA000594
L17.B002431.3_39_F.1.1,Heart,Aorta,erythrocyte,CL:0000232,NA,0,F,3_39_F,10.504447494060715,-0.820380781156185,B002431
L17.MAA000594.3_8_M.1.1,Heart,Aorta,fibroblast,CL:0000057,NA,3,M,3_8_M,-17.389584233532464,-4.951578966473235,MAA000594
L17.MAA000906.3_11_M.1.1,Heart,Aorta,endothelial cell,CL:0000115,endothelial cells_1,1,M,3_11_M,2.0969025340496668,11.37915265009707,MAA000906
L17.MAA000908.3_10_M.1.1,Heart,Aorta,endothelial cell,CL:0000115,endothelial cells_1,1,M,3_10_M,-1.2075703183412108,10.298498137603955,MAA000908
L18.B002430.3_38_F.1.1,Heart,Aorta,endothelial cell,CL:0000115,endothelial cells_3,5,F,3_38_F,5.466873584592552,5.49500250040092,B002430
L18.MAA000595.3_9_M.1.1,Heart,Aorta,professional antigen presenting cell,CL:0000145,NA,4,M,3_9_M,-0.28859101197681997,-19.605466207725854,MAA000595
L18.MAA000908.3_10_M.1.1,Heart,Aorta,endothelial cell,CL:0000115,endothelial cells_1,1,M,3_10_M,-2.8365324224459836,11.164886095074145,MAA000908
L19.B002431.3_39_F.1.1,Heart,Aorta,erythrocyte,CL:0000232,NA,0,F,3_39_F,9.129021738876169,-4.435294182333166,B002431
L19.MAA000594.3_8_M.1.1,Heart,Aorta,fibroblast,CL:0000057,NA,3,M,3_8_M,-18.82513194604024,-5.201622939629425,MAA000594
L19.MAA000595.3_9_M.1.1,Heart,Aorta,fibroblast,CL:0000057,NA,3,M,3_9_M,-4.712411856364242,-3.559236392441565,MAA000595
L20.B002431.3_39_F.1.1,Heart,Aorta,professional antigen presenting cell,CL:0000145,NA,4,F,3_39_F,-0.5184113060340716,-20.415221479563094,B002431
L20.MAA000594.3_8_M.1.1,Heart,Aorta,professional antigen presenting cell,CL:0000145,NA,4,M,3_8_M,-1.7500548525266468,-19.0357861873283,MAA000594
L20.MAA000908.3_10_M.1.1,Heart,Aorta,endothelial cell,CL:0000115,endothelial cells_1,1,M,3_10_M,-2.659489920151759,14.031339981434686,MAA000908
L21.B002431.3_39_F.1.1,Heart,Aorta,erythrocyte,CL:0000232,NA,0,F,3_39_F,9.734863671101687,-2.0176889910427844,B002431
L21.MAA000594.3_8_M.1.1,Heart,Aorta,professional antigen presenting cell,CL:0000145,NA,4,M,3_8_M,3.80532667240188,-15.063687469818591,MAA000594
L21.MAA000595.3_9_M.1.1,Heart,Aorta,professional antigen presenting cell,CL:0000145,NA,4,M,3_9_M,-0.37337283222365547,-16.97443845128029,MAA000595
L21.MAA000908.3_10_M.1.1,Heart,Aorta,endothelial cell,CL:0000115,endothelial cells_2,2,M,3_10_M,-5.8073913051458135,13.325218000145922,MAA000908
L22.B002431.3_39_F.1.1,Heart,Aorta,endothelial cell,CL:0000115,endothelial cells_3,5,F,3_39_F,9.889233754212635,2.103535202220894,B002431
L22.MAA000594.3_8_M.1.1,Heart,Aorta,professional antigen presenting cell,CL:0000145,NA,4,M,3_8_M,4.165861288058899,-15.056263464140581,MAA000594
L22.MAA000595.3_9_M.1.1,Heart,Aorta,fibroblast,CL:0000057,NA,3,M,3_9_M,-3.87790483595773,-3.821261314196832,MAA000595
L22.MAA000908.3_10_M.1.1,Heart,Aorta,endothelial cell,CL:0000115,endothelial cells_1,1,M,3_10_M,-2.035515239439985,10.373682543026934,MAA000908
L6.MAA000595.3_9_M.1.1,Heart,Aorta,fibroblast,CL:0000057,NA,3,M,3_9_M,-12.122685614748008,-1.1617000946672906,MAA000595
L8.B002431.3_39_F.1.1,Heart,Aorta,erythrocyte,CL:0000232,NA,0,F,3_39_F,8.988973677955887,-2.415866748125828,B002431
L9.MAA000594.3_8_M.1.1,Heart,Aorta,erythrocyte,CL:0000232,NA,0,M,3_8_M,14.445175587728743,-6.423835291980345,MAA000594
M14.MAA000594.3_8_M.1.1,Heart,Aorta,erythrocyte,CL:0000232,NA,0,M,3_8_M,10.121431427878173,-11.218858936548905,MAA000594
M17.B002431.3_39_F.1.1,Heart,Aorta,endothelial cell,CL:0000115,endothelial cells_3,5,F,3_39_F,5.849216366076452,4.640703184168622,B002431
M17.MAA000908.3_10_M.1.1,Heart,Aorta,endothelial cell,CL:0000115,endothelial cells_2,2,M,3_10_M,-4.191216474712089,11.520241135691162,MAA000908
M18.B002431.3_39_F.1.1,Heart,Aorta,erythrocyte,CL:0000232,NA,0,F,3_39_F,11.048405597350339,-1.3344872386180728,B002431
M18.MAA000594.3_8_M.1.1,Heart,Aorta,fibroblast,CL:0000057,NA,3,M,3_8_M,-12.898434787595297,-1.627888298504292,MAA000594
M18.MAA000906.3_11_M.1.1,Heart,Aorta,erythrocyte,CL:0000232,NA,0,M,3_11_M,9.65645293245521,-4.9893087703186865,MAA000906
M18.MAA000908.3_10_M.1.1,Heart,Aorta,endothelial cell,CL:0000115,endothelial cells_1,1,M,3_10_M,-3.386435635673425,12.780615937365983,MAA000908
M19.B002431.3_39_F.1.1,Heart,Aorta,erythrocyte,CL:0000232,NA,0,F,3_39_F,11.149127017663906,-2.127084433980857,B002431
M19.MAA000595.3_9_M.1.1,Heart,Aorta,professional antigen presenting cell,CL:0000145,NA,4,M,3_9_M,0.39395148368469945,-18.17869521845783,MAA000595
M19.MAA000906.3_11_M.1.1,Heart,Aorta,endothelial cell,CL:0000115,endothelial cells_1,1,M,3_11_M,1.7618002274642004,12.907929662600365,MAA000906
M19.MAA000908.3_10_M.1.1,Heart,Aorta,endothelial cell,CL:0000115,endothelial cells_2,2,M,3_10_M,-9.778429022134834,8.879095907434001,MAA000908
M20.B002430.3_38_F.1.1,Heart,Aorta,endothelial cell,CL:0000115,endothelial cells_3,5,F,3_38_F,2.502556273735969,-12.024624402920873,B002430
M20.B002431.3_39_F.1.1,Heart,Aorta,endothelial cell,CL:0000115,endothelial cells_1,1,F,3_39_F,2.5048050310642633,7.073984939009934,B002431
M20.MAA000594.3_8_M.1.1,Heart,Aorta,professional antigen presenting cell,CL:0000145,NA,4,M,3_8_M,3.2812550298412213,-16.91099375514613,MAA000594
M20.MAA000906.3_11_M.1.1,Heart,Aorta,endothelial cell,CL:0000115,endothelial cells_1,1,M,3_11_M,1.1615756414907525,12.69334632050924,MAA000906
M20.MAA000908.3_10_M.1.1,Heart,Aorta,endothelial cell,CL:0000115,endothelial cells_2,2,M,3_10_M,-3.3844620517569326,10.983398217025576,MAA000908
M21.MAA000594.3_8_M.1.1,Heart,Aorta,professional antigen presenting cell,CL:0000145,NA,4,M,3_8_M,3.112592404706632,-17.275981699132217,MAA000594
M21.MAA000906.3_11_M.1.1,Heart,Aorta,endothelial cell,CL:0000115,endothelial cells_1,1,M,3_11_M,-0.1560129068890219,12.496322986756445,MAA000906
M21.MAA000908.3_10_M.1.1,Heart,Aorta,endothelial cell,CL:0000115,endothelial cells_2,2,M,3_10_M,-8.633253239732595,11.144455611877214,MAA000908
M22.B002431.3_39_F.1.1,Heart,Aorta,endothelial cell,CL:0000115,endothelial cells_3,5,F,3_39_F,4.681920124823746,5.117795033767539,B002431
M22.MAA000594.3_8_M.1.1,Heart,Aorta,professional antigen presenting cell,CL:0000145,NA,4,M,3_8_M,3.0616959807133823,-17.127543958699647,MAA000594
M22.MAA000595.3_9_M.1.1,Heart,Aorta,erythrocyte,CL:0000232,NA,0,M,3_9_M,11.30687963845013,-7.418331878936296,MAA000595
M22.MAA000906.3_11_M.1.1,Heart,Aorta,endothelial cell,CL:0000115,endothelial cells_1,1,M,3_11_M,2.433109059705303,9.626656819298193,MAA000906
M22.MAA000908.3_10_M.1.1,Heart,Aorta,endothelial cell,CL:0000115,endothelial cells_1,1,M,3_10_M,-1.2339616446377424,10.06897980129487,MAA000908
M9.B002431.3_39_F.1.1,Heart,Aorta,erythrocyte,CL:0000232,NA,0,F,3_39_F,9.13773037604462,-2.3868189344329127,B002431
N10.MAA000594.3_8_M.1.1,Heart,Aorta,erythrocyte,CL:0000232,NA,0,M,3_8_M,13.53319531413235,-7.457266866271251,MAA000594
N10.MAA000595.3_9_M.1.1,Heart,Aorta,erythrocyte,CL:0000232,NA,0,M,3_9_M,7.740514204180599,-2.9362221050561255,MAA000595
N13.MAA000594.3_8_M.1.1,Heart,Aorta,erythrocyte,CL:0000232,NA,0,M,3_8_M,15.975113099938339,-5.348250535796863,MAA000594
N15.B002431.3_39_F.1.1,Heart,Aorta,erythrocyte,CL:0000232,NA,0,F,3_39_F,13.338110036438692,-2.492105403910038,B002431
N16.B002430.3_38_F.1.1,Heart,Aorta,erythrocyte,CL:0000232,NA,0,F,3_38_F,12.896428129375138,-2.1383039054741335,B002430
N17.B002430.3_38_F.1.1,Heart,Aorta,endothelial cell,CL:0000115,endothelial cells_3,5,F,3_38_F,7.752906014361071,3.047568734451878,B002430
N17.B002431.3_39_F.1.1,Heart,Aorta,endothelial cell,CL:0000115,endothelial cells_2,2,F,3_39_F,-8.685406732845237,4.581559629124999,B002431
N17.MAA000594.3_8_M.1.1,Heart,Aorta,professional antigen presenting cell,CL:0000145,NA,4,M,3_8_M,0.8989192210622129,-16.501519035097946,MAA000594
N17.MAA000908.3_10_M.1.1,Heart,Aorta,endothelial cell,CL:0000115,endothelial cells_2,2,M,3_10_M,-5.108309228184897,11.11566551370284,MAA000908
N18.MAA000594.3_8_M.1.1,Heart,Aorta,fibroblast,CL:0000057,NA,3,M,3_8_M,-13.18653898989395,-5.485139825835018,MAA000594
N18.MAA000595.3_9_M.1.1,Heart,Aorta,fibroblast,CL:0000057,NA,3,M,3_9_M,-17.968916769436856,-4.375409665154988,MAA000595
N18.MAA000906.3_11_M.1.1,Heart,Aorta,endothelial cell,CL:0000115,endothelial cells_3,5,M,3_11_M,6.280937656830767,8.448917898165632,MAA000906
N18.MAA000908.3_10_M.1.1,Heart,Aorta,endothelial cell,CL:0000115,endothelial cells_2,2,M,3_10_M,-8.807722749050118,10.467572383572595,MAA000908
N19.B002431.3_39_F.1.1,Heart,Aorta,endothelial cell,CL:0000115,endothelial cells_1,1,F,3_39_F,2.9189580215850315,9.848131642422485,B002431
N19.MAA000594.3_8_M.1.1,Heart,Aorta,fibroblast,CL:0000057,NA,3,M,3_8_M,-13.052959666656859,-5.894956865478229,MAA000594
N19.MAA000906.3_11_M.1.1,Heart,Aorta,endothelial cell,CL:0000115,endothelial cells_1,1,M,3_11_M,-1.0928977424123014,13.803733591608639,MAA000906
N19.MAA000908.3_10_M.1.1,Heart,Aorta,endothelial cell,CL:0000115,endothelial cells_2,2,M,3_10_M,-4.659689426666967,10.538838317805798,MAA000908
N2.MAA000595.3_9_M.1.1,Heart,Aorta,fibroblast,CL:0000057,NA,3,M,3_9_M,-11.220915634982806,-1.93111065109427,MAA000595
N20.MAA000594.3_8_M.1.1,Heart,Aorta,professional antigen presenting cell,CL:0000145,NA,4,M,3_8_M,4.309678594834077,-17.32694741745881,MAA000594
N20.MAA000595.3_9_M.1.1,Heart,Aorta,fibroblast,CL:0000057,NA,3,M,3_9_M,-3.895820379963192,-3.583625083618807,MAA000595
N20.MAA000908.3_10_M.1.1,Heart,Aorta,endothelial cell,CL:0000115,endothelial cells_1,1,M,3_10_M,2.9441497659940508,12.628260444042727,MAA000908
N21.B002431.3_39_F.1.1,Heart,Aorta,professional antigen presenting cell,CL:0000145,NA,4,F,3_39_F,-0.18105211911364633,-18.778442620975554,B002431
N21.MAA000594.3_8_M.1.1,Heart,Aorta,professional antigen presenting cell,CL:0000145,NA,4,M,3_8_M,4.806512959672458,-17.435237821625876,MAA000594
N21.MAA000906.3_11_M.1.1,Heart,Aorta,endothelial cell,CL:0000115,endothelial cells_1,1,M,3_11_M,2.8318926360664984,10.867842010297702,MAA000906
N21.MAA000908.3_10_M.1.1,Heart,Aorta,endothelial cell,CL:0000115,endothelial cells_2,2,M,3_10_M,-9.549104476263148,10.17805856978407,MAA000908
N22.B002431.3_39_F.1.1,Heart,Aorta,endothelial cell,CL:0000115,endothelial cells_2,2,F,3_39_F,-7.0246924913977535,8.941531404101031,B002431
N22.MAA000595.3_9_M.1.1,Heart,Aorta,fibroblast,CL:0000057,NA,3,M,3_9_M,-4.742748688778548,-2.8209172040087176,MAA000595
N4.MAA000595.3_9_M.1.1,Heart,Aorta,fibroblast,CL:0000057,NA,3,M,3_9_M,-15.840460064804383,-3.3563949913616584,MAA000595
N9.MAA000594.3_8_M.1.1,Heart,Aorta,erythrocyte,CL:0000232,NA,0,M,3_8_M,15.641623691092265,-6.01981999380201,MAA000594
O1.B002431.3_39_F.1.1,Heart,Aorta,erythrocyte,CL:0000232,NA,0,F,3_39_F,10.686491097345147,-2.3784692102171876,B002431
O15.B002431.3_39_F.1.1,Heart,Aorta,erythrocyte,CL:0000232,NA,0,F,3_39_F,14.327937826414367,-2.4571501918711114,B002431
O17.MAA000594.3_8_M.1.1,Heart,Aorta,fibroblast,CL:0000057,NA,3,M,3_8_M,-14.29659166944723,-6.474458074288874,MAA000594
O17.MAA000595.3_9_M.1.1,Heart,Aorta,professional antigen presenting cell,CL:0000145,NA,4,M,3_9_M,0.11327880422760453,-17.241104741537967,MAA000595
O17.MAA000906.3_11_M.1.1,Heart,Aorta,endothelial cell,CL:0000115,endothelial cells_3,5,M,3_11_M,4.960235881678986,2.6009548351508087,MAA000906
O17.MAA000908.3_10_M.1.1,Heart,Aorta,endothelial cell,CL:0000115,endothelial cells_2,2,M,3_10_M,-8.392762112796397,10.339313584211048,MAA000908
O18.B002431.3_39_F.1.1,Heart,Aorta,endothelial cell,CL:0000115,endothelial cells_1,1,F,3_39_F,2.4730010659211072,7.261570850100626,B002431
O18.MAA000594.3_8_M.1.1,Heart,Aorta,professional antigen presenting cell,CL:0000145,NA,4,M,3_8_M,1.9785008948392513,-15.141877733661143,MAA000594
O18.MAA000908.3_10_M.1.1,Heart,Aorta,endothelial cell,CL:0000115,endothelial cells_1,1,M,3_10_M,0.3258499270023514,10.024930591167198,MAA000908
O19.B002431.3_39_F.1.1,Heart,Aorta,endothelial cell,CL:0000115,endothelial cells_2,2,F,3_39_F,-9.140461256310152,4.71024433496688,B002431
O19.MAA000595.3_9_M.1.1,Heart,Aorta,professional antigen presenting cell,CL:0000145,NA,4,M,3_9_M,0.4672723594892158,-17.58401950592403,MAA000595
O19.MAA000908.3_10_M.1.1,Heart,Aorta,endothelial cell,CL:0000115,endothelial cells_2,2,M,3_10_M,-3.380587365417091,9.239362258104485,MAA000908
O2.MAA000595.3_9_M.1.1,Heart,Aorta,fibroblast,CL:0000057,NA,3,M,3_9_M,-15.551166136993624,-4.913305933247909,MAA000595
O20.MAA000594.3_8_M.1.1,Heart,Aorta,professional antigen presenting cell,CL:0000145,NA,4,M,3_8_M,2.464392554057529,-15.893863604185391,MAA000594
O20.MAA000906.3_11_M.1.1,Heart,Aorta,endothelial cell,CL:0000115,endothelial cells_1,1,M,3_11_M,2.3104271508122562,11.356583108896295,MAA000906
O20.MAA000908.3_10_M.1.1,Heart,Aorta,endothelial cell,CL:0000115,endothelial cells_1,1,M,3_10_M,-0.6835608510502056,13.23451251291105,MAA000908
O21.B002431.3_39_F.1.1,Heart,Aorta,endothelial cell,CL:0000115,endothelial cells_3,5,F,3_39_F,6.976033221182686,5.933761940876592,B002431
O21.MAA000594.3_8_M.1.1,Heart,Aorta,professional antigen presenting cell,CL:0000145,NA,4,M,3_8_M,-0.7414440935415221,-18.7220599621221,MAA000594
O21.MAA000906.3_11_M.1.1,Heart,Aorta,endothelial cell,CL:0000115,endothelial cells_2,2,M,3_11_M,-10.12695165226502,6.292474823201047,MAA000906
O21.MAA000908.3_10_M.1.1,Heart,Aorta,endothelial cell,CL:0000115,endothelial cells_2,2,M,3_10_M,-5.710022714422867,13.319761089630534,MAA000908
O22.B002431.3_39_F.1.1,Heart,Aorta,erythrocyte,CL:0000232,NA,0,F,3_39_F,10.539439797192156,-1.7466312759591427,B002431
O22.MAA000908.3_10_M.1.1,Heart,Aorta,endothelial cell,CL:0000115,endothelial cells_2,2,M,3_10_M,-8.174016611715777,12.859589687228624,MAA000908
O3.MAA000595.3_9_M.1.1,Heart,Aorta,fibroblast,CL:0000057,NA,3,M,3_9_M,-13.7691351158611,-3.55073206857288,MAA000595
O7.MAA000594.3_8_M.1.1,Heart,Aorta,erythrocyte,CL:0000232,NA,0,M,3_8_M,14.75251330192986,-4.093053095059587,MAA000594
P10.MAA000595.3_9_M.1.1,Heart,Aorta,fibroblast,CL:0000057,NA,3,M,3_9_M,-15.324933156694083,-4.525587583385235,MAA000595
P17.B002431.3_39_F.1.1,Heart,Aorta,endothelial cell,CL:0000115,endothelial cells_3,5,F,3_39_F,8.664553855361099,1.5962226304332858,B002431
P17.MAA000594.3_8_M.1.1,Heart,Aorta,fibroblast,CL:0000057,NA,3,M,3_8_M,-13.105533657628678,-1.6353431395790792,MAA000594
P17.MAA000906.3_11_M.1.1,Heart,Aorta,endothelial cell,CL:0000115,endothelial cells_1,1,M,3_11_M,2.3320997888748867,14.081975096655324,MAA000906
P17.MAA000908.3_10_M.1.1,Heart,Aorta,endothelial cell,CL:0000115,endothelial cells_1,1,M,3_10_M,-0.5480011934957509,7.552441829270436,MAA000908
P18.B002430.3_38_F.1.1,Heart,Aorta,endothelial cell,CL:0000115,endothelial cells_3,5,F,3_38_F,6.694285328234058,-1.5707549949102646,B002430
P18.B002431.3_39_F.1.1,Heart,Aorta,endothelial cell,CL:0000115,endothelial cells_1,1,F,3_39_F,3.674868838183324,8.419963230372145,B002431
P18.MAA000594.3_8_M.1.1,Heart,Aorta,fibroblast,CL:0000057,NA,3,M,3_8_M,-14.346770833464829,-5.114119063195593,MAA000594
P18.MAA000595.3_9_M.1.1,Heart,Aorta,fibroblast,CL:0000057,NA,3,M,3_9_M,-14.56744490858704,-4.968321062250188,MAA000595
P18.MAA000908.3_10_M.1.1,Heart,Aorta,endothelial cell,CL:0000115,endothelial cells_2,2,M,3_10_M,-9.832085579687222,8.922809942115528,MAA000908
P19.MAA000594.3_8_M.1.1,Heart,Aorta,fibroblast,CL:0000057,NA,3,M,3_8_M,-14.200841408453371,-5.2334699223887515,MAA000594
P19.MAA000908.3_10_M.1.1,Heart,Aorta,endothelial cell,CL:0000115,endothelial cells_2,2,M,3_10_M,-6.034475362318373,12.095322026943471,MAA000908
P2.MAA000594.3_8_M.1.1,Heart,Aorta,erythrocyte,CL:0000232,NA,0,M,3_8_M,15.150377465560803,-5.08426127557435,MAA000594
P20.B002431.3_39_F.1.1,Heart,Aorta,endothelial cell,CL:0000115,endothelial cells_1,1,F,3_39_F,3.6238187863141516,9.995409975003765,B002431
P20.MAA000595.3_9_M.1.1,Heart,Aorta,fibroblast,CL:0000057,NA,3,M,3_9_M,-15.099055868647806,-2.223243062478359,MAA000595
P20.MAA000908.3_10_M.1.1,Heart,Aorta,endothelial cell,CL:0000115,endothelial cells_2,2,M,3_10_M,-5.9687344041480745,11.351043609865455,MAA000908
P21.B002431.3_39_F.1.1,Heart,Aorta,endothelial cell,CL:0000115,endothelial cells_1,1,F,3_39_F,2.630536694569684,9.256957574269034,B002431
P21.MAA000594.3_8_M.1.1,Heart,Aorta,fibroblast,CL:0000057,NA,3,M,3_8_M,-17.360255587023854,-4.360887968682934,MAA000594
P21.MAA000595.3_9_M.1.1,Heart,Aorta,fibroblast,CL:0000057,NA,3,M,3_9_M,-4.102203971494166,-3.420237901351948,MAA000595
P21.MAA000908.3_10_M.1.1,Heart,Aorta,endothelial cell,CL:0000115,endothelial cells_1,1,M,3_10_M,-0.67863400213724,9.529733547024108,MAA000908
P22.B002431.3_39_F.1.1,Heart,Aorta,endothelial cell,CL:0000115,endothelial cells_3,5,F,3_39_F,5.520556596131153,6.600335226147149,B002431
P22.MAA000906.3_11_M.1.1,Heart,Aorta,endothelial cell,CL:0000115,endothelial cells_1,1,M,3_11_M,-4.18737994761757,8.307828233831483,MAA000906
P22.MAA000908.3_10_M.1.1,Heart,Aorta,endothelial cell,CL:0000115,endothelial cells_1,1,M,3_10_M,0.8790054980741404,7.5681541810262845,MAA000908
P5.MAA000595.3_9_M.1.1,Heart,Aorta,fibroblast,CL:0000057,NA,3,M,3_9_M,-15.4427610770085,-4.291476377636714,MAA000595
P8.MAA000595.3_9_M.1.1,Heart,Aorta,erythrocyte,CL:0000232,NA,0,M,3_9_M,10.418298188873825,-6.1876112516655715,MAA000595
