"","plate.barcode","cell_ontology_class","cell_ontology_id","free_annotation","tSNE_1","tSNE_2"
"A1.MAA000907.3_11_M.1.1","MAA000907","natural killer cell","CL:0000623","Nk/NKT cells",-28.7437448871667,0.0276214409727627
"A1.MAA100039.3_11_M.1.1","MAA100039","hepatocyte","CL:0000182","hepatocyte",20.5453871264173,16.2578549449355
"A1.MAA100138.3_56_F.1.1","MAA100138","hepatocyte","CL:0000182","hepatocyte",21.3318608421798,-1.71933340234411
"A1.MAA100140.3_57_F.1.1","MAA100140","hepatocyte","CL:0000182","hepatocyte",15.4617859635251,-4.66277648030132
"A10.MAA000907.3_11_M.1.1","MAA000907","endothelial cell of hepatic sinusoid","CL:1000398","endothelial cell",-8.29954875740691,-18.9144838382921
"A10.MAA100041.3_9_M.1.1","MAA100041","hepatocyte","CL:0000182","hepatocyte",5.92322433818747,17.694688150323
"A10.MAA100138.3_56_F.1.1","MAA100138","hepatocyte","CL:0000182","hepatocyte",3.87652379283682,12.5749413329347
"A11.MAA000907.3_11_M.1.1","MAA000907","endothelial cell of hepatic sinusoid","CL:1000398","endothelial cell",-1.42696366014774,-23.1722104536487
"A11.MAA100041.3_9_M.1.1","MAA100041","hepatocyte","CL:0000182","hepatocyte",18.1186130637827,18.4105214455045
"A11.MAA100138.3_56_F.1.1","MAA100138","hepatocyte","CL:0000182","hepatocyte",4.20162475155363,12.5857270765673
"A11.MAA100140.3_57_F.1.1","MAA100140","hepatocyte","CL:0000182","hepatocyte",3.6414626424496,-4.30984856009993
"A12.MAA000907.3_11_M.1.1","MAA000907","Kupffer cell","CL:0000091","kuppfer",-16.5820215891857,6.20662357453043
"A12.MAA100042.3_9_M.1.1","MAA100042","hepatocyte","CL:0000182","hepatocyte",15.4059366199444,17.5523320427414
"A12.MAA100140.3_57_F.1.1","MAA100140","hepatocyte","CL:0000182","hepatocyte",2.69594447779435,-4.92773181193333
"A13.MAA000907.3_11_M.1.1","MAA000907","Kupffer cell","CL:0000091","kuppfer",-20.1330126282936,7.29869491989226
"A14.MAA000907.3_11_M.1.1","MAA000907","hepatocyte","CL:0000182","hepatocyte",-7.94679414003901,7.07429205194785
"A15.MAA000907.3_11_M.1.1","MAA000907","Kupffer cell","CL:0000091","kuppfer",-17.4156478222101,5.56795141380721
"A16.MAA000907.3_11_M.1.1","MAA000907","Kupffer cell","CL:0000091","kuppfer",-16.3638479632855,6.222432284407
"A17.MAA000907.3_11_M.1.1","MAA000907","Kupffer cell","CL:0000091","kuppfer",-15.9238127135127,0.427260372231407
"A18.MAA000907.3_11_M.1.1","MAA000907","hepatocyte","CL:0000182","hepatocyte",-5.19969422210132,8.34046223956042
"A19.MAA000907.3_11_M.1.1","MAA000907","endothelial cell of hepatic sinusoid","CL:1000398","endothelial cell",-6.0462432937228,-19.129014720821
"A2.MAA000907.3_11_M.1.1","MAA000907","B cell","CL:0000236","B cell",-14.4401059614182,23.2169039775444
"A2.MAA100039.3_11_M.1.1","MAA100039","hepatocyte","CL:0000182","hepatocyte",20.4911581705169,18.3645505158241
"A2.MAA100040.3_11_M.1.1","MAA100040","hepatocyte","CL:0000182","hepatocyte",17.444960038421,20.2916209950552
"A2.MAA100138.3_56_F.1.1","MAA100138","hepatocyte","CL:0000182","hepatocyte",19.522938662467,-2.36439472987949
"A2.MAA100140.3_57_F.1.1","MAA100140","hepatocyte","CL:0000182","hepatocyte",23.0097114221151,-3.05408849738322
"A20.MAA000907.3_11_M.1.1","MAA000907","endothelial cell of hepatic sinusoid","CL:1000398","endothelial cell",-1.81571034470161,-18.4568754321671
"A21.MAA000907.3_11_M.1.1","MAA000907","B cell","CL:0000236","B cell",-13.0337756218774,23.7470594440938
"A22.MAA000907.3_11_M.1.1","MAA000907","Kupffer cell","CL:0000091","kuppfer",-15.9968408138279,0.584310999249838
"A3.MAA000907.3_11_M.1.1","MAA000907","hepatocyte","CL:0000182","hepatocyte",-4.43609449383637,2.90851384468601
"A3.MAA100039.3_11_M.1.1","MAA100039","hepatocyte","CL:0000182","hepatocyte",-4.02467573570291,5.01156955456355
"A3.MAA100040.3_11_M.1.1","MAA100040","hepatocyte","CL:0000182","hepatocyte",18.80801161564,19.0868621822071
"A3.MAA100138.3_56_F.1.1","MAA100138","hepatocyte","CL:0000182","hepatocyte",18.3976786822891,-3.45493836665498
"A3.MAA100140.3_57_F.1.1","MAA100140","hepatocyte","CL:0000182","hepatocyte",3.73897836883092,12.0959663285053
"A4.MAA000907.3_11_M.1.1","MAA000907","B cell","CL:0000236","B cell",-13.3354608148781,23.258277238355
"A4.MAA100039.3_11_M.1.1","MAA100039","hepatocyte","CL:0000182","hepatocyte",9.1744240626402,18.9528861397797
"A4.MAA100041.3_9_M.1.1","MAA100041","hepatocyte","CL:0000182","hepatocyte",6.43646702523838,17.4404045853368
"A4.MAA100138.3_56_F.1.1","MAA100138","hepatocyte","CL:0000182","hepatocyte",20.6740596161785,-0.461490293316496
"A4.MAA100140.3_57_F.1.1","MAA100140","hepatocyte","CL:0000182","hepatocyte",21.5364136458019,-4.06632246892068
"A5.MAA000907.3_11_M.1.1","MAA000907","endothelial cell of hepatic sinusoid","CL:1000398","endothelial cell",-5.26581013025245,-18.4019234460635
"A5.MAA100138.3_56_F.1.1","MAA100138","hepatocyte","CL:0000182","hepatocyte",-1.93423616893079,-3.0929054326056
"A5.MAA100140.3_57_F.1.1","MAA100140","hepatocyte","CL:0000182","hepatocyte",1.71988282543009,-4.43200115582461
"A6.MAA000907.3_11_M.1.1","MAA000907","endothelial cell of hepatic sinusoid","CL:1000398","endothelial cell",-7.78831299073114,-16.3488284682102
"A6.MAA100039.3_11_M.1.1","MAA100039","hepatocyte","CL:0000182","hepatocyte",21.7021738229877,18.6684255284698
"A6.MAA100040.3_11_M.1.1","MAA100040","hepatocyte","CL:0000182","hepatocyte",18.115762318227,21.23257503818
"A6.MAA100042.3_9_M.1.1","MAA100042","hepatocyte","CL:0000182","hepatocyte",-1.84540414723481,13.6405091043394
"A6.MAA100138.3_56_F.1.1","MAA100138","hepatocyte","CL:0000182","hepatocyte",24.8141398171379,-3.6605327002211
"A6.MAA100140.3_57_F.1.1","MAA100140","hepatocyte","CL:0000182","hepatocyte",23.0098170251357,-4.33598877240299
"A7.MAA000907.3_11_M.1.1","MAA000907","Kupffer cell","CL:0000091","kuppfer",-18.4464322878641,6.76726555845265
"A7.MAA100040.3_11_M.1.1","MAA100040","hepatocyte","CL:0000182","hepatocyte",-3.51577811370597,8.16430521851831
"A7.MAA100042.3_9_M.1.1","MAA100042","hepatocyte","CL:0000182","hepatocyte",6.72106178614334,17.2113901281562
"A7.MAA100138.3_56_F.1.1","MAA100138","hepatocyte","CL:0000182","hepatocyte",24.2761283647615,-1.56052447109013
"A7.MAA100140.3_57_F.1.1","MAA100140","hepatocyte","CL:0000182","hepatocyte",16.9745521462269,-3.61131722882713
"A8.MAA000907.3_11_M.1.1","MAA000907","natural killer cell","CL:0000623","Nk/NKT cells",-28.4597300730207,-1.80219801066084
"A8.MAA100138.3_56_F.1.1","MAA100138","hepatocyte","CL:0000182","hepatocyte",23.8967210856352,-1.49771649461679
"A8.MAA100140.3_57_F.1.1","MAA100140","hepatocyte","CL:0000182","hepatocyte",5.42110261938614,12.3714755588353
"A9.MAA000907.3_11_M.1.1","MAA000907","natural killer cell","CL:0000623","Nk/NKT cells",-26.757377555191,-3.74515361920108
"A9.MAA100040.3_11_M.1.1","MAA100040","hepatocyte","CL:0000182","hepatocyte",-3.92345246683419,8.61728386023779
"A9.MAA100042.3_9_M.1.1","MAA100042","hepatocyte","CL:0000182","hepatocyte",-3.88176724825294,9.08249475649021
"A9.MAA100138.3_56_F.1.1","MAA100138","hepatocyte","CL:0000182","hepatocyte",-0.363730350303663,-1.84388839540801
"A9.MAA100140.3_57_F.1.1","MAA100140","hepatocyte","CL:0000182","hepatocyte",2.81195829019416,-4.22355248009235
"B1.MAA000907.3_11_M.1.1","MAA000907","endothelial cell of hepatic sinusoid","CL:1000398","endothelial cell",-3.74419988978686,-22.5546372651588
"B1.MAA100039.3_11_M.1.1","MAA100039","hepatocyte","CL:0000182","hepatocyte",20.7122298934651,16.2966405260326
"B1.MAA100040.3_11_M.1.1","MAA100040","hepatocyte","CL:0000182","hepatocyte",19.5910515075841,20.3120355705125
"B1.MAA100138.3_56_F.1.1","MAA100138","hepatocyte","CL:0000182","hepatocyte",21.9939088752942,-2.05275693892784
"B1.MAA100140.3_57_F.1.1","MAA100140","hepatocyte","CL:0000182","hepatocyte",2.22643315319951,-4.93813052816208
"B10.MAA000377.3_9_M.1.1","MAA000377","endothelial cell of hepatic sinusoid","CL:1000398","endothelial cell",-8.8249454803992,-16.0149764154503
"B10.MAA000907.3_11_M.1.1","MAA000907","hepatocyte","CL:0000182","hepatocyte",-4.86139355141784,4.18577540743696
"B10.MAA100039.3_11_M.1.1","MAA100039","hepatocyte","CL:0000182","hepatocyte",-3.85627469841116,4.12833572792889
"B10.MAA100138.3_56_F.1.1","MAA100138","hepatocyte","CL:0000182","hepatocyte",0.48019137929379,-3.01280779019106
"B11.MAA000907.3_11_M.1.1","MAA000907","B cell","CL:0000236","B cell",-11.1854590500689,24.1239228421478
"B11.MAA100039.3_11_M.1.1","MAA100039","hepatocyte","CL:0000182","hepatocyte",4.62935784948281,17.7040746661975
"B11.MAA100042.3_9_M.1.1","MAA100042","hepatocyte","CL:0000182","hepatocyte",15.6072140609441,17.4305693433858
"B11.MAA100138.3_56_F.1.1","MAA100138","hepatocyte","CL:0000182","hepatocyte",0.881597425072343,-2.83503260754199
"B12.MAA000907.3_11_M.1.1","MAA000907","endothelial cell of hepatic sinusoid","CL:1000398","endothelial cell",-2.67620632787154,-23.3062997009521
"B12.MAA100039.3_11_M.1.1","MAA100039","hepatocyte","CL:0000182","hepatocyte",2.94165013795201,17.1976053496086
"B12.MAA100041.3_9_M.1.1","MAA100041","hepatocyte","CL:0000182","hepatocyte",4.18124014566013,16.4417833362284
"B12.MAA100042.3_9_M.1.1","MAA100042","hepatocyte","CL:0000182","hepatocyte",3.67991300600844,15.1842918491766
"B12.MAA100140.3_57_F.1.1","MAA100140","hepatocyte","CL:0000182","hepatocyte",-0.425545088433865,-4.54254491530664
"B13.MAA000907.3_11_M.1.1","MAA000907","Kupffer cell","CL:0000091","kuppfer",-16.5302822479607,6.14051877434413
"B14.MAA000377.3_9_M.1.1","MAA000377","B cell","CL:0000236","B cell",-11.2668557688199,23.9691944135972
"B14.MAA000907.3_11_M.1.1","MAA000907","endothelial cell of hepatic sinusoid","CL:1000398","endothelial cell",-4.8748535354781,-20.6980612716721
"B15.MAA000907.3_11_M.1.1","MAA000907","endothelial cell of hepatic sinusoid","CL:1000398","endothelial cell",1.17116789911197,-22.9160037726586
"B16.MAA000907.3_11_M.1.1","MAA000907","hepatocyte","CL:0000182","hepatocyte",-5.00566929807258,3.52184670343512
"B17.MAA000907.3_11_M.1.1","MAA000907","endothelial cell of hepatic sinusoid","CL:1000398","endothelial cell",0.296269087522021,-27.0824557221212
"B18.MAA000907.3_11_M.1.1","MAA000907","endothelial cell of hepatic sinusoid","CL:1000398","endothelial cell",2.20323871309709,-25.2726581524929
"B19.MAA000907.3_11_M.1.1","MAA000907","Kupffer cell","CL:0000091","kuppfer",-20.0254170609333,7.15828729721287
"B2.MAA000907.3_11_M.1.1","MAA000907","endothelial cell of hepatic sinusoid","CL:1000398","endothelial cell",-7.33816784889766,-25.1404779190668
"B2.MAA100040.3_11_M.1.1","MAA100040","hepatocyte","CL:0000182","hepatocyte",-4.01779329137014,8.07882288978117
"B2.MAA100138.3_56_F.1.1","MAA100138","hepatocyte","CL:0000182","hepatocyte",21.0239961974905,-1.72464566321088
"B2.MAA100140.3_57_F.1.1","MAA100140","hepatocyte","CL:0000182","hepatocyte",15.7367846693161,-3.816899754995
"B20.MAA000907.3_11_M.1.1","MAA000907","endothelial cell of hepatic sinusoid","CL:1000398","endothelial cell",-0.212132583561378,-24.355829226483
"B21.MAA000907.3_11_M.1.1","MAA000907","natural killer cell","CL:0000623","Nk/NKT cells",-28.930370696844,-1.26551039143261
"B22.MAA000907.3_11_M.1.1","MAA000907","hepatocyte","CL:0000182","hepatocyte",-4.26073261661991,10.9480558761897
"B3.MAA000907.3_11_M.1.1","MAA000907","endothelial cell of hepatic sinusoid","CL:1000398","endothelial cell",-0.205044746518301,-26.4189159397113
"B3.MAA100039.3_11_M.1.1","MAA100039","hepatocyte","CL:0000182","hepatocyte",19.3632982601667,19.0082319998675
"B3.MAA100040.3_11_M.1.1","MAA100040","hepatocyte","CL:0000182","hepatocyte",16.5591778239519,21.1995175843511
"B3.MAA100041.3_9_M.1.1","MAA100041","hepatocyte","CL:0000182","hepatocyte",19.1707051820095,17.0119207428445
"B3.MAA100138.3_56_F.1.1","MAA100138","hepatocyte","CL:0000182","hepatocyte",19.9011930701784,-2.92194552094094
"B3.MAA100140.3_57_F.1.1","MAA100140","hepatocyte","CL:0000182","hepatocyte",0.840653573560608,-5.72380285046454
"B4.MAA000907.3_11_M.1.1","MAA000907","B cell","CL:0000236","B cell",-14.973062904364,24.4701894593941
"B4.MAA100039.3_11_M.1.1","MAA100039","hepatocyte","CL:0000182","hepatocyte",17.7640813888356,20.1407523750468
"B4.MAA100040.3_11_M.1.1","MAA100040","hepatocyte","CL:0000182","hepatocyte",18.7329733739009,21.8949944196247
"B4.MAA100042.3_9_M.1.1","MAA100042","hepatocyte","CL:0000182","hepatocyte",-1.49438646058374,11.9952227758318
"B4.MAA100138.3_56_F.1.1","MAA100138","hepatocyte","CL:0000182","hepatocyte",21.7964987339515,-1.13001328295208
"B4.MAA100140.3_57_F.1.1","MAA100140","hepatocyte","CL:0000182","hepatocyte",17.8651570774449,-3.86349026071392
"B5.MAA000907.3_11_M.1.1","MAA000907","endothelial cell of hepatic sinusoid","CL:1000398","endothelial cell",1.1763572221027,-24.6908682748094
"B5.MAA100039.3_11_M.1.1","MAA100039","hepatocyte","CL:0000182","hepatocyte",8.7171201290173,18.7626877561835
"B5.MAA100138.3_56_F.1.1","MAA100138","hepatocyte","CL:0000182","hepatocyte",19.4910824673747,-2.76986744687574
"B5.MAA100140.3_57_F.1.1","MAA100140","hepatocyte","CL:0000182","hepatocyte",14.6160585258468,-1.46028535283172
"B6.MAA000377.3_9_M.1.1","MAA000377","endothelial cell of hepatic sinusoid","CL:1000398","endothelial cell",-5.98165492372292,-17.0676741557571
"B6.MAA000907.3_11_M.1.1","MAA000907","Kupffer cell","CL:0000091","kuppfer",-15.4133897520825,5.63107879805706
"B6.MAA100039.3_11_M.1.1","MAA100039","hepatocyte","CL:0000182","hepatocyte",5.59662380085175,18.2917043610258
"B6.MAA100040.3_11_M.1.1","MAA100040","hepatocyte","CL:0000182","hepatocyte",18.2092360079565,20.8697958531317
"B6.MAA100138.3_56_F.1.1","MAA100138","hepatocyte","CL:0000182","hepatocyte",1.11418263467946,-3.26182863197512
"B6.MAA100140.3_57_F.1.1","MAA100140","hepatocyte","CL:0000182","hepatocyte",14.9696317737128,-4.70244791503484
"B7.MAA000377.3_9_M.1.1","MAA000377","B cell","CL:0000236","B cell",-15.1659746728599,19.5064152368759
"B7.MAA000907.3_11_M.1.1","MAA000907","hepatocyte","CL:0000182","hepatocyte",-4.48377205999551,6.96696655737096
"B7.MAA100039.3_11_M.1.1","MAA100039","hepatocyte","CL:0000182","hepatocyte",-4.26748736839749,4.11109111226861
"B7.MAA100040.3_11_M.1.1","MAA100040","hepatocyte","CL:0000182","hepatocyte",15.8349312005089,20.770341455915
"B7.MAA100041.3_9_M.1.1","MAA100041","hepatocyte","CL:0000182","hepatocyte",20.4049941551137,16.3466624292941
"B7.MAA100138.3_56_F.1.1","MAA100138","hepatocyte","CL:0000182","hepatocyte",-0.945840260238375,-2.96809970274486
"B8.MAA000377.3_9_M.1.1","MAA000377","B cell","CL:0000236","B cell",-15.2992179906982,19.3154052074344
"B8.MAA000907.3_11_M.1.1","MAA000907","endothelial cell of hepatic sinusoid","CL:1000398","endothelial cell",1.60518476801367,-26.4741468303339
"B8.MAA100040.3_11_M.1.1","MAA100040","hepatocyte","CL:0000182","hepatocyte",4.27143782899835,17.110103903444
"B8.MAA100138.3_56_F.1.1","MAA100138","hepatocyte","CL:0000182","hepatocyte",18.239888778445,-2.26218510182736
"B9.MAA000907.3_11_M.1.1","MAA000907","natural killer cell","CL:0000623","Nk/NKT cells",-29.5120213117486,-1.58019338345846
"B9.MAA100039.3_11_M.1.1","MAA100039","hepatocyte","CL:0000182","hepatocyte",-4.44733964495706,10.0370730921612
"B9.MAA100138.3_56_F.1.1","MAA100138","hepatocyte","CL:0000182","hepatocyte",3.25240924867718,12.1478046644738
"B9.MAA100140.3_57_F.1.1","MAA100140","hepatocyte","CL:0000182","hepatocyte",13.4718590845768,-3.12325055342376
"C1.MAA000907.3_11_M.1.1","MAA000907","Kupffer cell","CL:0000091","kuppfer",-14.2687360637242,0.233153563967112
"C1.MAA100039.3_11_M.1.1","MAA100039","hepatocyte","CL:0000182","hepatocyte",19.6201460853248,19.6220458082961
"C1.MAA100040.3_11_M.1.1","MAA100040","hepatocyte","CL:0000182","hepatocyte",-3.86405665561033,3.64693689669805
"C1.MAA100138.3_56_F.1.1","MAA100138","hepatocyte","CL:0000182","hepatocyte",20.4286608854011,-2.23509518135891
"C1.MAA100140.3_57_F.1.1","MAA100140","hepatocyte","CL:0000182","hepatocyte",19.6724488933574,-4.47137929766517
"C10.MAA000377.3_9_M.1.1","MAA000377","endothelial cell of hepatic sinusoid","CL:1000398","endothelial cell",3.002144402835,-28.2613003071636
"C10.MAA000907.3_11_M.1.1","MAA000907","endothelial cell of hepatic sinusoid","CL:1000398","endothelial cell",0.309687323260442,-27.2260352799101
"C10.MAA100039.3_11_M.1.1","MAA100039","hepatocyte","CL:0000182","hepatocyte",19.9748814759127,19.4694046253951
"C10.MAA100040.3_11_M.1.1","MAA100040","hepatocyte","CL:0000182","hepatocyte",18.8391943973595,18.3002798217883
"C10.MAA100140.3_57_F.1.1","MAA100140","hepatocyte","CL:0000182","hepatocyte",15.4320658898484,-4.47181627978367
"C11.MAA000907.3_11_M.1.1","MAA000907","endothelial cell of hepatic sinusoid","CL:1000398","endothelial cell",-5.98646836515416,-15.6745559389832
"C11.MAA100039.3_11_M.1.1","MAA100039","hepatocyte","CL:0000182","hepatocyte",17.7902599407065,20.5128110252785
"C11.MAA100042.3_9_M.1.1","MAA100042","hepatocyte","CL:0000182","hepatocyte",4.09367820657706,16.4490821562
"C11.MAA100138.3_56_F.1.1","MAA100138","hepatocyte","CL:0000182","hepatocyte",24.1944886556451,-1.95412001221228
"C11.MAA100140.3_57_F.1.1","MAA100140","hepatocyte","CL:0000182","hepatocyte",20.4159172826788,-3.6620242376311
"C12.MAA100039.3_11_M.1.1","MAA100039","hepatocyte","CL:0000182","hepatocyte",-3.93096516502595,3.81682337630922
"C12.MAA100041.3_9_M.1.1","MAA100041","hepatocyte","CL:0000182","hepatocyte",16.7330283609574,17.0518024950914
"C12.MAA100042.3_9_M.1.1","MAA100042","hepatocyte","CL:0000182","hepatocyte",14.1987975399737,18.9074191382211
"C12.MAA100140.3_57_F.1.1","MAA100140","hepatocyte","CL:0000182","hepatocyte",2.11721678132504,-5.00511071208539
"C13.MAA000377.3_9_M.1.1","MAA000377","endothelial cell of hepatic sinusoid","CL:1000398","endothelial cell",-6.534389273088,-16.5724134474604
"C13.MAA000907.3_11_M.1.1","MAA000907","hepatocyte","CL:0000182","hepatocyte",-6.27579299767876,4.64321166150154
"C14.MAA000377.3_9_M.1.1","MAA000377","Kupffer cell","CL:0000091","kuppfer",-20.7126989689898,7.43289923189435
"C14.MAA000907.3_11_M.1.1","MAA000907","endothelial cell of hepatic sinusoid","CL:1000398","endothelial cell",-0.413614348936728,-17.7222680381868
"C15.MAA000907.3_11_M.1.1","MAA000907","Kupffer cell","CL:0000091","kuppfer",-17.7682238292462,6.57740826432509
"C16.MAA000907.3_11_M.1.1","MAA000907","endothelial cell of hepatic sinusoid","CL:1000398","endothelial cell",-5.96202901867913,-16.7915351878413
"C17.MAA000907.3_11_M.1.1","MAA000907","endothelial cell of hepatic sinusoid","CL:1000398","endothelial cell",1.02941661030229,-27.5639400177357
"C18.MAA000377.3_9_M.1.1","MAA000377","endothelial cell of hepatic sinusoid","CL:1000398","endothelial cell",2.40613408786553,-28.3974152170563
"C18.MAA000907.3_11_M.1.1","MAA000907","endothelial cell of hepatic sinusoid","CL:1000398","endothelial cell",-1.23909778558778,-18.9827916042615
"C19.MAA000907.3_11_M.1.1","MAA000907","hepatocyte","CL:0000182","hepatocyte",-6.30459535398953,5.00059860529796
"C2.MAA000907.3_11_M.1.1","MAA000907","endothelial cell of hepatic sinusoid","CL:1000398","endothelial cell",2.90761272022287,-26.6434550587075
"C2.MAA100039.3_11_M.1.1","MAA100039","hepatocyte","CL:0000182","hepatocyte",18.9458857990438,19.6944640921399
"C2.MAA100138.3_56_F.1.1","MAA100138","hepatocyte","CL:0000182","hepatocyte",21.4233569404903,-1.80486095763033
"C2.MAA100140.3_57_F.1.1","MAA100140","hepatocyte","CL:0000182","hepatocyte",15.2111450853088,-4.33191730932848
"C20.MAA000907.3_11_M.1.1","MAA000907","endothelial cell of hepatic sinusoid","CL:1000398","endothelial cell",-4.82310578063689,-18.9365577460034
"C21.MAA000907.3_11_M.1.1","MAA000907","natural killer cell","CL:0000623","Nk/NKT cells",-27.8934134442529,-2.61619382991842
"C22.MAA000907.3_11_M.1.1","MAA000907","B cell","CL:0000236","B cell",-13.5173178020994,25.1200823201757
"C3.MAA000907.3_11_M.1.1","MAA000907","endothelial cell of hepatic sinusoid","CL:1000398","endothelial cell",-0.911438838705294,-26.1221663901274
"C3.MAA100041.3_9_M.1.1","MAA100041","hepatocyte","CL:0000182","hepatocyte",3.16815197759737,16.3423235730341
"C3.MAA100138.3_56_F.1.1","MAA100138","hepatocyte","CL:0000182","hepatocyte",20.8836642392093,-1.47437170486802
"C3.MAA100140.3_57_F.1.1","MAA100140","hepatocyte","CL:0000182","hepatocyte",16.6036746784277,-4.48022011581812
"C4.MAA000907.3_11_M.1.1","MAA000907","endothelial cell of hepatic sinusoid","CL:1000398","endothelial cell",-5.3375383661798,-18.8933382994836
"C4.MAA100039.3_11_M.1.1","MAA100039","hepatocyte","CL:0000182","hepatocyte",-6.1104911561012,7.88430214967995
"C4.MAA100040.3_11_M.1.1","MAA100040","hepatocyte","CL:0000182","hepatocyte",18.5515108985728,20.0533350268411
"C4.MAA100042.3_9_M.1.1","MAA100042","hepatocyte","CL:0000182","hepatocyte",-0.0602099921530305,13.8282429789864
"C4.MAA100138.3_56_F.1.1","MAA100138","hepatocyte","CL:0000182","hepatocyte",5.13001781232021,12.4861426030052
"C4.MAA100140.3_57_F.1.1","MAA100140","hepatocyte","CL:0000182","hepatocyte",14.9342265058184,-3.52900500502321
"C5.MAA000907.3_11_M.1.1","MAA000907","natural killer cell","CL:0000623","Nk/NKT cells",-28.4538941135686,-2.40397782058377
"C5.MAA100140.3_57_F.1.1","MAA100140","hepatocyte","CL:0000182","hepatocyte",18.6122394729866,-4.53916316003838
"C6.MAA000907.3_11_M.1.1","MAA000907","natural killer cell","CL:0000623","Nk/NKT cells",-28.9945033685824,-1.29136512656758
"C6.MAA100039.3_11_M.1.1","MAA100039","hepatocyte","CL:0000182","hepatocyte",18.7286524929935,21.0569731489038
"C6.MAA100040.3_11_M.1.1","MAA100040","hepatocyte","CL:0000182","hepatocyte",20.0713221127369,18.767423855975
"C6.MAA100042.3_9_M.1.1","MAA100042","hepatocyte","CL:0000182","hepatocyte",3.32790095054701,16.1913847633651
"C6.MAA100138.3_56_F.1.1","MAA100138","hepatocyte","CL:0000182","hepatocyte",0.608941617622344,-2.00274238716756
"C6.MAA100140.3_57_F.1.1","MAA100140","hepatocyte","CL:0000182","hepatocyte",3.64727731585254,-4.12485746731369
"C7.MAA100040.3_11_M.1.1","MAA100040","hepatocyte","CL:0000182","hepatocyte",19.6050711078459,20.8664639719401
"C7.MAA100042.3_9_M.1.1","MAA100042","hepatocyte","CL:0000182","hepatocyte",3.77157878186819,15.9283553119582
"C7.MAA100138.3_56_F.1.1","MAA100138","hepatocyte","CL:0000182","hepatocyte",3.71904263714231,12.5749907511632
"C7.MAA100140.3_57_F.1.1","MAA100140","hepatocyte","CL:0000182","hepatocyte",23.0916697263696,-1.83132461184938
"C8.MAA000907.3_11_M.1.1","MAA000907","endothelial cell of hepatic sinusoid","CL:1000398","endothelial cell",-1.53705111013977,-21.5597447754205
"C8.MAA100039.3_11_M.1.1","MAA100039","hepatocyte","CL:0000182","hepatocyte",-6.20650605750179,8.86104524997924
"C8.MAA100041.3_9_M.1.1","MAA100041","hepatocyte","CL:0000182","hepatocyte",-1.56874480661636,12.0303263414323
"C8.MAA100138.3_56_F.1.1","MAA100138","hepatocyte","CL:0000182","hepatocyte",23.7830162671548,-2.51561046670799
"C8.MAA100140.3_57_F.1.1","MAA100140","hepatocyte","CL:0000182","hepatocyte",-0.193329944450046,-3.31422230139124
"C9.MAA000907.3_11_M.1.1","MAA000907","hepatocyte","CL:0000182","hepatocyte",-2.41502240578653,13.0737197662536
"C9.MAA100039.3_11_M.1.1","MAA100039","hepatocyte","CL:0000182","hepatocyte",16.9384207578391,21.290629842517
"C9.MAA100041.3_9_M.1.1","MAA100041","hepatocyte","CL:0000182","hepatocyte",19.3663340598536,17.3011814126602
"C9.MAA100042.3_9_M.1.1","MAA100042","hepatocyte","CL:0000182","hepatocyte",15.1689211556762,17.7012040433453
"C9.MAA100140.3_57_F.1.1","MAA100140","hepatocyte","CL:0000182","hepatocyte",20.9306387139962,-3.90804541713493
"D1.MAA000907.3_11_M.1.1","MAA000907","Kupffer cell","CL:0000091","kuppfer",-14.579511488316,-0.0149127666456149
"D1.MAA100039.3_11_M.1.1","MAA100039","hepatocyte","CL:0000182","hepatocyte",20.8560211562629,17.8972134433541
"D1.MAA100042.3_9_M.1.1","MAA100042","hepatocyte","CL:0000182","hepatocyte",1.51190418883147,15.4455735928466
"D1.MAA100138.3_56_F.1.1","MAA100138","hepatocyte","CL:0000182","hepatocyte",18.9738132109953,-1.43086283002521
"D1.MAA100140.3_57_F.1.1","MAA100140","hepatocyte","CL:0000182","hepatocyte",19.107104950449,-3.76485917961968
"D10.MAA000907.3_11_M.1.1","MAA000907","endothelial cell of hepatic sinusoid","CL:1000398","endothelial cell",-1.00474632583053,-19.8036798167739
"D10.MAA100039.3_11_M.1.1","MAA100039","hepatocyte","CL:0000182","hepatocyte",16.1051406506621,20.821132998333
"D10.MAA100041.3_9_M.1.1","MAA100041","hepatocyte","CL:0000182","hepatocyte",8.32939277823472,18.0533550621242
"D10.MAA100138.3_56_F.1.1","MAA100138","hepatocyte","CL:0000182","hepatocyte",-1.4457893822542,-2.5219660249321
"D10.MAA100140.3_57_F.1.1","MAA100140","hepatocyte","CL:0000182","hepatocyte",18.0557817188034,-3.41155943028507
"D11.MAA000907.3_11_M.1.1","MAA000907","natural killer cell","CL:0000623","Nk/NKT cells",-27.4008186277394,-3.35772429804668
"D11.MAA100039.3_11_M.1.1","MAA100039","hepatocyte","CL:0000182","hepatocyte",20.0583653053538,20.2087135188963
"D11.MAA100138.3_56_F.1.1","MAA100138","hepatocyte","CL:0000182","hepatocyte",23.545436770552,-1.34639570248192
"D11.MAA100140.3_57_F.1.1","MAA100140","hepatocyte","CL:0000182","hepatocyte",-0.768768446862875,-3.92279974080512
"D12.MAA000377.3_9_M.1.1","MAA000377","endothelial cell of hepatic sinusoid","CL:1000398","endothelial cell",2.63326259690981,-29.3450158192782
"D12.MAA000907.3_11_M.1.1","MAA000907","Kupffer cell","CL:0000091","kuppfer",-16.0200340417965,5.74423753174223
"D12.MAA100039.3_11_M.1.1","MAA100039","hepatocyte","CL:0000182","hepatocyte",-3.66233576030679,4.14781424498931
"D12.MAA100042.3_9_M.1.1","MAA100042","hepatocyte","CL:0000182","hepatocyte",-3.31592900191636,3.26426351099883
"D12.MAA100138.3_56_F.1.1","MAA100138","hepatocyte","CL:0000182","hepatocyte",22.151587197176,-1.74824203016857
"D12.MAA100140.3_57_F.1.1","MAA100140","hepatocyte","CL:0000182","hepatocyte",0.487947393165314,-4.38495744500708
"D13.MAA000907.3_11_M.1.1","MAA000907","endothelial cell of hepatic sinusoid","CL:1000398","endothelial cell",-0.00336372363476674,-24.7841080583965
"D14.MAA000907.3_11_M.1.1","MAA000907","endothelial cell of hepatic sinusoid","CL:1000398","endothelial cell",-9.09326656097739,-15.9662443120486
"D15.MAA000377.3_9_M.1.1","MAA000377","hepatocyte","CL:0000182","hepatocyte",-4.36053507745652,3.72714641019641
"D15.MAA000907.3_11_M.1.1","MAA000907","B cell","CL:0000236","B cell",-12.6555640542752,24.4836985986724
"D17.MAA000907.3_11_M.1.1","MAA000907","endothelial cell of hepatic sinusoid","CL:1000398","endothelial cell",2.84967937383764,-26.6165676735596
"D18.MAA000907.3_11_M.1.1","MAA000907","endothelial cell of hepatic sinusoid","CL:1000398","endothelial cell",-1.21847374364851,-24.2645856534343
"D2.MAA000907.3_11_M.1.1","MAA000907","B cell","CL:0000236","B cell",-13.5713706534895,24.9154502885086
"D2.MAA100039.3_11_M.1.1","MAA100039","hepatocyte","CL:0000182","hepatocyte",20.1728622407415,19.7357019463752
"D2.MAA100040.3_11_M.1.1","MAA100040","hepatocyte","CL:0000182","hepatocyte",-5.07211266707145,5.76794715339332
"D2.MAA100041.3_9_M.1.1","MAA100041","hepatocyte","CL:0000182","hepatocyte",7.18056413865711,18.4835077605709
"D2.MAA100138.3_56_F.1.1","MAA100138","hepatocyte","CL:0000182","hepatocyte",15.5060114263619,-3.58376415889398
"D2.MAA100140.3_57_F.1.1","MAA100140","hepatocyte","CL:0000182","hepatocyte",22.6384813338883,-3.85393332969025
"D20.MAA000907.3_11_M.1.1","MAA000907","B cell","CL:0000236","B cell",-15.2055239256617,19.4205409283691
"D21.MAA000907.3_11_M.1.1","MAA000907","B cell","CL:0000236","B cell",-13.9358562241453,24.5490851663192
"D22.MAA000907.3_11_M.1.1","MAA000907","natural killer cell","CL:0000623","Nk/NKT cells",-26.7116718699432,-4.12713910551212
"D3.MAA100039.3_11_M.1.1","MAA100039","hepatocyte","CL:0000182","hepatocyte",-3.56807059394976,7.1520379208982
"D3.MAA100040.3_11_M.1.1","MAA100040","hepatocyte","CL:0000182","hepatocyte",18.8808843885253,19.5024945299606
"D3.MAA100041.3_9_M.1.1","MAA100041","hepatocyte","CL:0000182","hepatocyte",7.76238850554738,17.8320653376986
"D3.MAA100138.3_56_F.1.1","MAA100138","hepatocyte","CL:0000182","hepatocyte",-1.1227239881364,-3.82956362216257
"D4.MAA000907.3_11_M.1.1","MAA000907","endothelial cell of hepatic sinusoid","CL:1000398","endothelial cell",2.36976447293973,-23.4468719485546
"D4.MAA100039.3_11_M.1.1","MAA100039","hepatocyte","CL:0000182","hepatocyte",19.647000681756,19.5651951024246
"D4.MAA100040.3_11_M.1.1","MAA100040","hepatocyte","CL:0000182","hepatocyte",20.1497956359253,20.6796650062898
"D4.MAA100138.3_56_F.1.1","MAA100138","hepatocyte","CL:0000182","hepatocyte",18.2199286123657,-3.25916899485274
"D4.MAA100140.3_57_F.1.1","MAA100140","hepatocyte","CL:0000182","hepatocyte",14.6061179203627,-4.23599849804438
"D5.MAA000907.3_11_M.1.1","MAA000907","endothelial cell of hepatic sinusoid","CL:1000398","endothelial cell",-3.71393662129399,-26.7526470400394
"D5.MAA100039.3_11_M.1.1","MAA100039","hepatocyte","CL:0000182","hepatocyte",-4.58615376398775,3.66558142218673
"D5.MAA100040.3_11_M.1.1","MAA100040","hepatocyte","CL:0000182","hepatocyte",9.01831180334963,18.709025938641
"D5.MAA100138.3_56_F.1.1","MAA100138","hepatocyte","CL:0000182","hepatocyte",14.479380522605,-3.8200494320243
"D5.MAA100140.3_57_F.1.1","MAA100140","hepatocyte","CL:0000182","hepatocyte",15.6348755370905,-5.14881579752954
"D6.MAA000907.3_11_M.1.1","MAA000907","endothelial cell of hepatic sinusoid","CL:1000398","endothelial cell",4.09341483518162,-26.0195334119532
"D6.MAA100039.3_11_M.1.1","MAA100039","hepatocyte","CL:0000182","hepatocyte",8.62148624806316,19.0359230267827
"D6.MAA100138.3_56_F.1.1","MAA100138","hepatocyte","CL:0000182","hepatocyte",0.612170193087611,-3.9993902006384
"D6.MAA100140.3_57_F.1.1","MAA100140","hepatocyte","CL:0000182","hepatocyte",16.1333020601787,-3.76097087932622
"D7.MAA000907.3_11_M.1.1","MAA000907","endothelial cell of hepatic sinusoid","CL:1000398","endothelial cell",-2.66365265262523,-24.4308052022619
"D7.MAA100039.3_11_M.1.1","MAA100039","hepatocyte","CL:0000182","hepatocyte",8.44343357653266,18.5555201552273
"D7.MAA100042.3_9_M.1.1","MAA100042","hepatocyte","CL:0000182","hepatocyte",-3.10060247519897,4.22757526615852
"D7.MAA100138.3_56_F.1.1","MAA100138","hepatocyte","CL:0000182","hepatocyte",-0.664113783460049,-3.39744757530709
"D8.MAA100039.3_11_M.1.1","MAA100039","hepatocyte","CL:0000182","hepatocyte",15.5577346471572,20.6916745773408
"D8.MAA100042.3_9_M.1.1","MAA100042","hepatocyte","CL:0000182","hepatocyte",8.30137291444966,17.5110284935658
"D8.MAA100140.3_57_F.1.1","MAA100140","hepatocyte","CL:0000182","hepatocyte",1.07688689956974,-5.47186889157425
"D9.MAA000907.3_11_M.1.1","MAA000907","hepatocyte","CL:0000182","hepatocyte",-7.18303056770892,0.764892811228079
"D9.MAA100039.3_11_M.1.1","MAA100039","hepatocyte","CL:0000182","hepatocyte",7.49795443104147,17.472000014343
"D9.MAA100138.3_56_F.1.1","MAA100138","hepatocyte","CL:0000182","hepatocyte",0.870071798404847,-3.0399255189659
"E1.MAA000907.3_11_M.1.1","MAA000907","endothelial cell of hepatic sinusoid","CL:1000398","endothelial cell",-0.390855444568583,-19.3423002291826
"E1.MAA100039.3_11_M.1.1","MAA100039","hepatocyte","CL:0000182","hepatocyte",20.9154992389811,18.5445943452291
"E1.MAA100042.3_9_M.1.1","MAA100042","hepatocyte","CL:0000182","hepatocyte",3.15739153028635,15.7094325659793
"E1.MAA100138.3_56_F.1.1","MAA100138","hepatocyte","CL:0000182","hepatocyte",20.0061828419254,-1.61511279060236
"E1.MAA100140.3_57_F.1.1","MAA100140","hepatocyte","CL:0000182","hepatocyte",1.19480469276058,-5.60259728890068
"E10.MAA100039.3_11_M.1.1","MAA100039","hepatocyte","CL:0000182","hepatocyte",18.3224222572844,20.0300963637602
"E10.MAA100138.3_56_F.1.1","MAA100138","hepatocyte","CL:0000182","hepatocyte",24.0029879412792,-1.480228611149
"E10.MAA100140.3_57_F.1.1","MAA100140","hepatocyte","CL:0000182","hepatocyte",23.3146831231461,-2.6785523957684
"E11.MAA000907.3_11_M.1.1","MAA000907","endothelial cell of hepatic sinusoid","CL:1000398","endothelial cell",-0.73029482933689,-23.5851980133724
"E11.MAA100039.3_11_M.1.1","MAA100039","hepatocyte","CL:0000182","hepatocyte",18.0861921216712,20.8893812029056
"E11.MAA100138.3_56_F.1.1","MAA100138","hepatocyte","CL:0000182","hepatocyte",24.0569282867963,-2.26843921039505
"E11.MAA100140.3_57_F.1.1","MAA100140","hepatocyte","CL:0000182","hepatocyte",22.4590064595906,-1.55883242201858
"E12.MAA000907.3_11_M.1.1","MAA000907","Kupffer cell","CL:0000091","kuppfer",-15.2459649798406,19.3364807178337
"E12.MAA100138.3_56_F.1.1","MAA100138","hepatocyte","CL:0000182","hepatocyte",0.80884716519295,-4.02683589338169
"E12.MAA100140.3_57_F.1.1","MAA100140","hepatocyte","CL:0000182","hepatocyte",2.16866961164539,-5.08628604334022
"E14.MAA000377.3_9_M.1.1","MAA000377","endothelial cell of hepatic sinusoid","CL:1000398","endothelial cell",2.65399877805363,-27.5563147162097
"E14.MAA000907.3_11_M.1.1","MAA000907","endothelial cell of hepatic sinusoid","CL:1000398","endothelial cell",1.39780600312363,-24.5787071924513
"E15.MAA000907.3_11_M.1.1","MAA000907","natural killer cell","CL:0000623","Nk/NKT cells",-28.4715779400858,-1.2096100214915
"E16.MAA000907.3_11_M.1.1","MAA000907","endothelial cell of hepatic sinusoid","CL:1000398","endothelial cell",3.39902844939713,-27.1524787025931
"E17.MAA000907.3_11_M.1.1","MAA000907","endothelial cell of hepatic sinusoid","CL:1000398","endothelial cell",-2.71404954315447,-20.4607324490075
"E18.MAA000907.3_11_M.1.1","MAA000907","Kupffer cell","CL:0000091","kuppfer",-14.2649377631222,0.211365671328173
"E19.MAA000907.3_11_M.1.1","MAA000907","natural killer cell","CL:0000623","Nk/NKT cells",-28.0117170199027,-2.64289280236169
"E2.MAA000907.3_11_M.1.1","MAA000907","endothelial cell of hepatic sinusoid","CL:1000398","endothelial cell",-2.49429523078862,-19.5416706196671
"E2.MAA100039.3_11_M.1.1","MAA100039","hepatocyte","CL:0000182","hepatocyte",20.906673641423,21.0216074510743
"E2.MAA100042.3_9_M.1.1","MAA100042","hepatocyte","CL:0000182","hepatocyte",-1.43283908815994,11.891047722826
"E2.MAA100138.3_56_F.1.1","MAA100138","hepatocyte","CL:0000182","hepatocyte",21.1627748034282,-3.20700040046452
"E2.MAA100140.3_57_F.1.1","MAA100140","hepatocyte","CL:0000182","hepatocyte",20.551307306529,-4.05765211214629
"E20.MAA000907.3_11_M.1.1","MAA000907","endothelial cell of hepatic sinusoid","CL:1000398","endothelial cell",-4.35926734427987,-22.7636940551498
"E21.MAA000907.3_11_M.1.1","MAA000907","hepatocyte","CL:0000182","hepatocyte",-7.66670471551018,0.80191343873037
"E22.MAA000907.3_11_M.1.1","MAA000907","endothelial cell of hepatic sinusoid","CL:1000398","endothelial cell",1.93687372474905,-25.2383958247209
"E3.MAA000907.3_11_M.1.1","MAA000907","endothelial cell of hepatic sinusoid","CL:1000398","endothelial cell",2.03146590942237,-23.2255243422051
"E3.MAA100039.3_11_M.1.1","MAA100039","hepatocyte","CL:0000182","hepatocyte",16.5248607405255,20.5486680206723
"E3.MAA100040.3_11_M.1.1","MAA100040","hepatocyte","CL:0000182","hepatocyte",7.44708403315927,17.6992207424074
"E3.MAA100042.3_9_M.1.1","MAA100042","hepatocyte","CL:0000182","hepatocyte",16.8778979152622,17.2584845199804
"E3.MAA100138.3_56_F.1.1","MAA100138","hepatocyte","CL:0000182","hepatocyte",5.11706061484773,12.3908284578724
"E3.MAA100140.3_57_F.1.1","MAA100140","hepatocyte","CL:0000182","hepatocyte",14.7000398683237,-1.39507397355016
"E4.MAA000907.3_11_M.1.1","MAA000907","endothelial cell of hepatic sinusoid","CL:1000398","endothelial cell",-3.48319902025643,-24.0907880315368
"E4.MAA100039.3_11_M.1.1","MAA100039","hepatocyte","CL:0000182","hepatocyte",-4.26481381833505,4.35527578996389
"E4.MAA100042.3_9_M.1.1","MAA100042","hepatocyte","CL:0000182","hepatocyte",2.3144577968165,14.5308090239361
"E4.MAA100138.3_56_F.1.1","MAA100138","hepatocyte","CL:0000182","hepatocyte",4.81090781361522,12.357497739857
"E4.MAA100140.3_57_F.1.1","MAA100140","hepatocyte","CL:0000182","hepatocyte",15.525876202481,-3.85085664414379
"E5.MAA000907.3_11_M.1.1","MAA000907","natural killer cell","CL:0000623","Nk/NKT cells",-28.2786722158211,-0.855022176327192
"E5.MAA100040.3_11_M.1.1","MAA100040","hepatocyte","CL:0000182","hepatocyte",-4.1624902160599,3.56737973020007
"E5.MAA100138.3_56_F.1.1","MAA100138","hepatocyte","CL:0000182","hepatocyte",21.2190212664184,-2.3095093422241
"E5.MAA100140.3_57_F.1.1","MAA100140","hepatocyte","CL:0000182","hepatocyte",16.2254012095082,-3.69367936183921
"E6.MAA000907.3_11_M.1.1","MAA000907","endothelial cell of hepatic sinusoid","CL:1000398","endothelial cell",-3.96114725992597,-22.3766577947937
"E6.MAA100042.3_9_M.1.1","MAA100042","hepatocyte","CL:0000182","hepatocyte",-2.83784001282939,2.76416588880721
"E6.MAA100138.3_56_F.1.1","MAA100138","hepatocyte","CL:0000182","hepatocyte",-0.406307990829794,-3.69539127066931
"E6.MAA100140.3_57_F.1.1","MAA100140","hepatocyte","CL:0000182","hepatocyte",3.84436231504298,-4.15877380546439
"E7.MAA000907.3_11_M.1.1","MAA000907","endothelial cell of hepatic sinusoid","CL:1000398","endothelial cell",-1.26447530372149,-20.5681285854779
"E7.MAA100040.3_11_M.1.1","MAA100040","hepatocyte","CL:0000182","hepatocyte",17.1300881345998,19.6465863214475
"E7.MAA100138.3_56_F.1.1","MAA100138","hepatocyte","CL:0000182","hepatocyte",-1.49993688024061,-3.45788741226549
"E7.MAA100140.3_57_F.1.1","MAA100140","hepatocyte","CL:0000182","hepatocyte",24.7615465165675,-3.65395578475158
"E8.MAA000907.3_11_M.1.1","MAA000907","Kupffer cell","CL:0000091","kuppfer",-15.9710773924632,0.652304633798533
"E8.MAA100039.3_11_M.1.1","MAA100039","hepatocyte","CL:0000182","hepatocyte",4.27737342904154,17.5330110837157
"E8.MAA100040.3_11_M.1.1","MAA100040","hepatocyte","CL:0000182","hepatocyte",-3.95671567181366,6.44216794893997
"E8.MAA100138.3_56_F.1.1","MAA100138","hepatocyte","CL:0000182","hepatocyte",23.4763173479115,-1.31164943589379
"E8.MAA100140.3_57_F.1.1","MAA100140","hepatocyte","CL:0000182","hepatocyte",5.17509385942512,12.3030789728953
"E9.MAA100041.3_9_M.1.1","MAA100041","hepatocyte","CL:0000182","hepatocyte",19.734054268219,17.1145052104631
"E9.MAA100138.3_56_F.1.1","MAA100138","hepatocyte","CL:0000182","hepatocyte",-2.09166747246785,-2.81879365749085
"E9.MAA100140.3_57_F.1.1","MAA100140","hepatocyte","CL:0000182","hepatocyte",2.94382526863316,-5.26232090740281
"F1.MAA000907.3_11_M.1.1","MAA000907","natural killer cell","CL:0000623","Nk/NKT cells",-29.1227431979758,-1.88231972478367
"F1.MAA100039.3_11_M.1.1","MAA100039","hepatocyte","CL:0000182","hepatocyte",7.95266126750974,18.74656366947
"F1.MAA100138.3_56_F.1.1","MAA100138","hepatocyte","CL:0000182","hepatocyte",14.9984234150834,-3.54728838907972
"F1.MAA100140.3_57_F.1.1","MAA100140","hepatocyte","CL:0000182","hepatocyte",13.5794759342741,-3.97353293742286
"F10.MAA000377.3_9_M.1.1","MAA000377","hepatocyte","CL:0000182","hepatocyte",1.26765705104631,14.4305068968241
"F10.MAA100042.3_9_M.1.1","MAA100042","hepatocyte","CL:0000182","hepatocyte",15.4818083333555,18.9029743121574
"F10.MAA100138.3_56_F.1.1","MAA100138","hepatocyte","CL:0000182","hepatocyte",-1.07539105477516,-3.60906154187455
"F10.MAA100140.3_57_F.1.1","MAA100140","hepatocyte","CL:0000182","hepatocyte",2.67691579192996,-5.30944271553345
"F11.MAA000377.3_9_M.1.1","MAA000377","hepatocyte","CL:0000182","hepatocyte",0.338342682720259,14.3598220067746
"F11.MAA000907.3_11_M.1.1","MAA000907","endothelial cell of hepatic sinusoid","CL:1000398","endothelial cell",-1.5386576446409,-27.1070325313852
"F11.MAA100042.3_9_M.1.1","MAA100042","hepatocyte","CL:0000182","hepatocyte",6.5048063907342,17.7474881808542
"F11.MAA100138.3_56_F.1.1","MAA100138","hepatocyte","CL:0000182","hepatocyte",-0.328854601551719,-3.64291599799574
"F12.MAA000907.3_11_M.1.1","MAA000907","endothelial cell of hepatic sinusoid","CL:1000398","endothelial cell",-7.31426273628532,-23.32180276069
"F12.MAA100039.3_11_M.1.1","MAA100039","hepatocyte","CL:0000182","hepatocyte",5.21945223853197,18.0899296873115
"F13.MAA000377.3_9_M.1.1","MAA000377","hepatocyte","CL:0000182","hepatocyte",-6.66097576634382,3.33823235920329
"F13.MAA000907.3_11_M.1.1","MAA000907","endothelial cell of hepatic sinusoid","CL:1000398","endothelial cell",-5.39141745926249,-15.7713518639717
"F15.MAA000377.3_9_M.1.1","MAA000377","hepatocyte","CL:0000182","hepatocyte",-2.36353862951256,9.31039931873053
"F15.MAA000907.3_11_M.1.1","MAA000907","natural killer cell","CL:0000623","Nk/NKT cells",-27.4745604261571,-3.67949394197234
"F16.MAA000377.3_9_M.1.1","MAA000377","endothelial cell of hepatic sinusoid","CL:1000398","endothelial cell",-1.02570062610239,-27.946625378357
"F16.MAA000907.3_11_M.1.1","MAA000907","natural killer cell","CL:0000623","Nk/NKT cells",-27.9352496610583,-2.03855749744681
"F17.MAA000377.3_9_M.1.1","MAA000377","hepatocyte","CL:0000182","hepatocyte",-4.68758842268242,8.86489524317542
"F17.MAA000907.3_11_M.1.1","MAA000907","natural killer cell","CL:0000623","Nk/NKT cells",-28.616350692303,-1.40062563608396
"F18.MAA000377.3_9_M.1.1","MAA000377","natural killer cell","CL:0000623","Nk/NKT cells",-27.8613511649011,-2.23961672591454
"F18.MAA000907.3_11_M.1.1","MAA000907","endothelial cell of hepatic sinusoid","CL:1000398","endothelial cell",-2.71842855155452,-21.8166166753934
"F19.MAA000377.3_9_M.1.1","MAA000377","hepatocyte","CL:0000182","hepatocyte",-2.18748160608139,9.09458016417821
"F19.MAA000907.3_11_M.1.1","MAA000907","Kupffer cell","CL:0000091","kuppfer",-17.7239595783176,6.97710211417605
"F2.MAA000907.3_11_M.1.1","MAA000907","endothelial cell of hepatic sinusoid","CL:1000398","endothelial cell",-1.07344952928745,-20.3611821692011
"F2.MAA100138.3_56_F.1.1","MAA100138","hepatocyte","CL:0000182","hepatocyte",17.7685215299335,-2.50186824786012
"F2.MAA100140.3_57_F.1.1","MAA100140","hepatocyte","CL:0000182","hepatocyte",4.19968368581404,12.0733030421274
"F20.MAA000377.3_9_M.1.1","MAA000377","endothelial cell of hepatic sinusoid","CL:1000398","endothelial cell",4.23000079928305,-27.6897970439569
"F20.MAA000907.3_11_M.1.1","MAA000907","hepatocyte","CL:0000182","hepatocyte",0.244855291624462,14.4047491273372
"F21.MAA000907.3_11_M.1.1","MAA000907","natural killer cell","CL:0000623","Nk/NKT cells",-28.6806306888875,-0.0134188102029702
"F22.MAA000907.3_11_M.1.1","MAA000907","hepatocyte","CL:0000182","hepatocyte",-3.46472031605632,11.7008244318613
"F3.MAA000907.3_11_M.1.1","MAA000907","endothelial cell of hepatic sinusoid","CL:1000398","endothelial cell",-6.92172794750846,-24.7869767298437
"F3.MAA100039.3_11_M.1.1","MAA100039","hepatocyte","CL:0000182","hepatocyte",4.78844750928496,19.0978318269048
"F3.MAA100040.3_11_M.1.1","MAA100040","hepatocyte","CL:0000182","hepatocyte",19.5984863043108,18.3268616489923
"F3.MAA100042.3_9_M.1.1","MAA100042","hepatocyte","CL:0000182","hepatocyte",14.6249594091944,18.8361719408001
"F3.MAA100138.3_56_F.1.1","MAA100138","hepatocyte","CL:0000182","hepatocyte",20.6776714794581,-2.17033222719722
"F3.MAA100140.3_57_F.1.1","MAA100140","hepatocyte","CL:0000182","hepatocyte",0.252087086450024,-4.63444076804973
"F4.MAA000907.3_11_M.1.1","MAA000907","natural killer cell","CL:0000623","Nk/NKT cells",-29.1778229036843,-2.54561055849355
"F4.MAA100039.3_11_M.1.1","MAA100039","hepatocyte","CL:0000182","hepatocyte",20.5367140063795,17.926689256526
"F4.MAA100042.3_9_M.1.1","MAA100042","hepatocyte","CL:0000182","hepatocyte",2.0892889746302,14.8258351541334
"F4.MAA100138.3_56_F.1.1","MAA100138","hepatocyte","CL:0000182","hepatocyte",20.3763964852371,-1.69764871368011
"F4.MAA100140.3_57_F.1.1","MAA100140","hepatocyte","CL:0000182","hepatocyte",15.1576386032707,-3.75198802223881
"F5.MAA100039.3_11_M.1.1","MAA100039","hepatocyte","CL:0000182","hepatocyte",19.6305983388682,19.9066234374388
"F5.MAA100040.3_11_M.1.1","MAA100040","hepatocyte","CL:0000182","hepatocyte",-4.08102990253342,3.2250182668128
"F5.MAA100042.3_9_M.1.1","MAA100042","hepatocyte","CL:0000182","hepatocyte",-0.494742724126201,13.3414009944469
"F5.MAA100138.3_56_F.1.1","MAA100138","hepatocyte","CL:0000182","hepatocyte",17.4843501651714,-3.46030930747114
"F5.MAA100140.3_57_F.1.1","MAA100140","hepatocyte","CL:0000182","hepatocyte",1.65765128042851,-4.85527779073567
"F6.MAA000907.3_11_M.1.1","MAA000907","Kupffer cell","CL:0000091","kuppfer",-20.1780781580887,6.80870832331604
"F6.MAA100039.3_11_M.1.1","MAA100039","hepatocyte","CL:0000182","hepatocyte",6.25640398237496,18.2287548743554
"F6.MAA100040.3_11_M.1.1","MAA100040","hepatocyte","CL:0000182","hepatocyte",5.93116332360796,17.9043073917992
"F6.MAA100042.3_9_M.1.1","MAA100042","hepatocyte","CL:0000182","hepatocyte",0.696458920288697,14.2506363826369
"F6.MAA100138.3_56_F.1.1","MAA100138","hepatocyte","CL:0000182","hepatocyte",19.0024508095504,-2.4453550872114
"F6.MAA100140.3_57_F.1.1","MAA100140","hepatocyte","CL:0000182","hepatocyte",14.8490336084964,-4.13990952700234
"F7.MAA000907.3_11_M.1.1","MAA000907","endothelial cell of hepatic sinusoid","CL:1000398","endothelial cell",-5.74006178192454,-18.6267959062905
"F7.MAA100039.3_11_M.1.1","MAA100039","hepatocyte","CL:0000182","hepatocyte",3.54283820379806,17.0173614820271
"F7.MAA100040.3_11_M.1.1","MAA100040","hepatocyte","CL:0000182","hepatocyte",-3.33920993430006,6.77172267902533
"F7.MAA100138.3_56_F.1.1","MAA100138","hepatocyte","CL:0000182","hepatocyte",3.21387630894816,11.8368888662511
"F7.MAA100140.3_57_F.1.1","MAA100140","hepatocyte","CL:0000182","hepatocyte",24.1208452745842,-2.39805952994469
"F8.MAA000907.3_11_M.1.1","MAA000907","endothelial cell of hepatic sinusoid","CL:1000398","endothelial cell",-2.8458416139295,-17.8273114230257
"F8.MAA100039.3_11_M.1.1","MAA100039","hepatocyte","CL:0000182","hepatocyte",3.30657710964107,16.227711703627
"F8.MAA100040.3_11_M.1.1","MAA100040","hepatocyte","CL:0000182","hepatocyte",4.21907113897173,17.2690693446817
"F8.MAA100042.3_9_M.1.1","MAA100042","hepatocyte","CL:0000182","hepatocyte",1.45086077218916,14.858842035791
"F8.MAA100138.3_56_F.1.1","MAA100138","hepatocyte","CL:0000182","hepatocyte",22.2931622876309,-1.59104769535557
"F8.MAA100140.3_57_F.1.1","MAA100140","hepatocyte","CL:0000182","hepatocyte",3.5375903715517,-4.79285380863025
"F9.MAA100039.3_11_M.1.1","MAA100039","hepatocyte","CL:0000182","hepatocyte",1.97835076417033,15.9342417979581
"F9.MAA100040.3_11_M.1.1","MAA100040","hepatocyte","CL:0000182","hepatocyte",16.8183060062582,19.7499076129846
"F9.MAA100042.3_9_M.1.1","MAA100042","hepatocyte","CL:0000182","hepatocyte",5.12782961955508,16.4555074192476
"F9.MAA100138.3_56_F.1.1","MAA100138","hepatocyte","CL:0000182","hepatocyte",23.8578523917362,-1.22873125877614
"F9.MAA100140.3_57_F.1.1","MAA100140","hepatocyte","CL:0000182","hepatocyte",17.8159473709583,-3.70237006437137
"G1.MAA000907.3_11_M.1.1","MAA000907","B cell","CL:0000236","B cell",-12.5993951856991,24.2316149325294
"G1.MAA100042.3_9_M.1.1","MAA100042","hepatocyte","CL:0000182","hepatocyte",6.57684811412857,16.4361288165904
"G1.MAA100140.3_57_F.1.1","MAA100140","hepatocyte","CL:0000182","hepatocyte",14.2591588414136,-4.19031660458786
"G10.MAA100138.3_56_F.1.1","MAA100138","hepatocyte","CL:0000182","hepatocyte",24.7834579188908,-3.62236768837708
"G10.MAA100140.3_57_F.1.1","MAA100140","hepatocyte","CL:0000182","hepatocyte",18.5977743176706,-3.27469577707783
"G11.MAA000377.3_9_M.1.1","MAA000377","endothelial cell of hepatic sinusoid","CL:1000398","endothelial cell",3.04382476069419,-26.1532231738512
"G11.MAA000907.3_11_M.1.1","MAA000907","natural killer cell","CL:0000623","Nk/NKT cells",-28.5807818089331,-2.73872180216415
"G11.MAA100039.3_11_M.1.1","MAA100039","hepatocyte","CL:0000182","hepatocyte",17.600532213144,20.9405125603851
"G11.MAA100138.3_56_F.1.1","MAA100138","hepatocyte","CL:0000182","hepatocyte",5.49758600082716,12.466522447741
"G11.MAA100140.3_57_F.1.1","MAA100140","hepatocyte","CL:0000182","hepatocyte",2.53140829203386,-5.40075667052361
"G12.MAA100039.3_11_M.1.1","MAA100039","hepatocyte","CL:0000182","hepatocyte",7.63527499752639,18.4518281325654
"G13.MAA000377.3_9_M.1.1","MAA000377","hepatocyte","CL:0000182","hepatocyte",-5.02631312258872,6.86189182740646
"G15.MAA000377.3_9_M.1.1","MAA000377","B cell","CL:0000236","B cell",-13.8607933483637,25.2890649266388
"G15.MAA000907.3_11_M.1.1","MAA000907","endothelial cell of hepatic sinusoid","CL:1000398","endothelial cell",-1.04005117270827,-20.6454224062208
"G16.MAA000907.3_11_M.1.1","MAA000907","hepatocyte","CL:0000182","hepatocyte",-3.17182613682961,12.4223532897014
"G18.MAA000377.3_9_M.1.1","MAA000377","hepatocyte","CL:0000182","hepatocyte",-4.10818452655807,1.71790748249442
"G18.MAA000907.3_11_M.1.1","MAA000907","B cell","CL:0000236","B cell",-13.3513250519867,24.823873877221
"G19.MAA000377.3_9_M.1.1","MAA000377","natural killer cell","CL:0000623","Nk/NKT cells",-27.5747058761044,-2.63180376616707
"G19.MAA000907.3_11_M.1.1","MAA000907","natural killer cell","CL:0000623","Nk/NKT cells",-28.3036493749686,-1.58432668438575
"G2.MAA000907.3_11_M.1.1","MAA000907","Kupffer cell","CL:0000091","kuppfer",-19.8505566377649,7.52808779126059
"G2.MAA100040.3_11_M.1.1","MAA100040","hepatocyte","CL:0000182","hepatocyte",19.9710627220695,17.9319146556659
"G2.MAA100138.3_56_F.1.1","MAA100138","hepatocyte","CL:0000182","hepatocyte",20.7907205571369,-2.84431322402741
"G20.MAA000907.3_11_M.1.1","MAA000907","natural killer cell","CL:0000623","Nk/NKT cells",-26.6548682077309,-1.59065577562116
"G21.MAA000907.3_11_M.1.1","MAA000907","B cell","CL:0000236","B cell",-14.1501119907148,24.4979873989035
"G22.MAA000907.3_11_M.1.1","MAA000907","natural killer cell","CL:0000623","Nk/NKT cells",-28.9580932424682,-1.05579695240477
"G3.MAA100042.3_9_M.1.1","MAA100042","hepatocyte","CL:0000182","hepatocyte",15.1640001260107,18.7046589439578
"G3.MAA100140.3_57_F.1.1","MAA100140","hepatocyte","CL:0000182","hepatocyte",0.274525924364413,-4.95790918537458
"G4.MAA000907.3_11_M.1.1","MAA000907","endothelial cell of hepatic sinusoid","CL:1000398","endothelial cell",-5.8604679945688,-15.6367549149184
"G4.MAA100039.3_11_M.1.1","MAA100039","hepatocyte","CL:0000182","hepatocyte",17.6197958245361,20.103979520544
"G4.MAA100040.3_11_M.1.1","MAA100040","hepatocyte","CL:0000182","hepatocyte",17.0149816595923,20.1182920983111
"G4.MAA100042.3_9_M.1.1","MAA100042","hepatocyte","CL:0000182","hepatocyte",14.3435462130146,18.6332452054236
"G4.MAA100138.3_56_F.1.1","MAA100138","hepatocyte","CL:0000182","hepatocyte",14.1537268251678,-3.4959775145424
"G4.MAA100140.3_57_F.1.1","MAA100140","hepatocyte","CL:0000182","hepatocyte",-0.452028372449157,-4.14410437334789
"G5.MAA000907.3_11_M.1.1","MAA000907","endothelial cell of hepatic sinusoid","CL:1000398","endothelial cell",-2.75197454170484,-20.2939012827727
"G5.MAA100040.3_11_M.1.1","MAA100040","hepatocyte","CL:0000182","hepatocyte",2.07544403459718,16.2121495484837
"G5.MAA100138.3_56_F.1.1","MAA100138","hepatocyte","CL:0000182","hepatocyte",22.6163284936741,-2.07548676835971
"G6.MAA000907.3_11_M.1.1","MAA000907","B cell","CL:0000236","B cell",-13.1329133431825,24.7364025664707
"G6.MAA100039.3_11_M.1.1","MAA100039","hepatocyte","CL:0000182","hepatocyte",18.0415964742191,20.095349408229
"G6.MAA100040.3_11_M.1.1","MAA100040","hepatocyte","CL:0000182","hepatocyte",17.6388483546695,19.6624468126527
"G6.MAA100138.3_56_F.1.1","MAA100138","hepatocyte","CL:0000182","hepatocyte",-0.733523596992338,-4.42971960588729
"G6.MAA100140.3_57_F.1.1","MAA100140","hepatocyte","CL:0000182","hepatocyte",18.953037027789,-4.32343971828365
"G7.MAA000907.3_11_M.1.1","MAA000907","endothelial cell of hepatic sinusoid","CL:1000398","endothelial cell",-2.17387896019529,-22.5254309361884
"G7.MAA100039.3_11_M.1.1","MAA100039","hepatocyte","CL:0000182","hepatocyte",8.17475708856531,18.7695383533643
"G7.MAA100042.3_9_M.1.1","MAA100042","hepatocyte","CL:0000182","hepatocyte",16.6691826950552,19.2217748654318
"G7.MAA100138.3_56_F.1.1","MAA100138","hepatocyte","CL:0000182","hepatocyte",1.02907076890975,-2.38447723149077
"G8.MAA100039.3_11_M.1.1","MAA100039","hepatocyte","CL:0000182","hepatocyte",21.2539216173599,18.1001771551349
"G8.MAA100042.3_9_M.1.1","MAA100042","hepatocyte","CL:0000182","hepatocyte",6.57498374859452,17.4587397020869
"G8.MAA100138.3_56_F.1.1","MAA100138","hepatocyte","CL:0000182","hepatocyte",1.23237099793579,-4.44394290285374
"G8.MAA100140.3_57_F.1.1","MAA100140","hepatocyte","CL:0000182","hepatocyte",23.3208854189935,-2.96519040065944
"G9.MAA000907.3_11_M.1.1","MAA000907","endothelial cell of hepatic sinusoid","CL:1000398","endothelial cell",0.70225176657412,-23.0174623537016
"G9.MAA100039.3_11_M.1.1","MAA100039","hepatocyte","CL:0000182","hepatocyte",9.21288268445143,18.5886258948611
"G9.MAA100042.3_9_M.1.1","MAA100042","hepatocyte","CL:0000182","hepatocyte",5.78246127060038,17.1459030412231
"G9.MAA100138.3_56_F.1.1","MAA100138","hepatocyte","CL:0000182","hepatocyte",0.321477107957924,-4.06670963729951
"H1.MAA000907.3_11_M.1.1","MAA000907","endothelial cell of hepatic sinusoid","CL:1000398","endothelial cell",-3.44235230802452,-18.7826836034516
"H1.MAA100039.3_11_M.1.1","MAA100039","hepatocyte","CL:0000182","hepatocyte",5.15880480217978,18.1964471481299
"H1.MAA100041.3_9_M.1.1","MAA100041","hepatocyte","CL:0000182","hepatocyte",8.74201051243523,17.5366582040786
"H1.MAA100042.3_9_M.1.1","MAA100042","hepatocyte","CL:0000182","hepatocyte",-4.12246673939111,9.1994527855048
"H1.MAA100138.3_56_F.1.1","MAA100138","hepatocyte","CL:0000182","hepatocyte",18.4752291880278,-2.67786009885179
"H1.MAA100140.3_57_F.1.1","MAA100140","hepatocyte","CL:0000182","hepatocyte",15.62340681447,-4.76146698517068
"H10.MAA000907.3_11_M.1.1","MAA000907","endothelial cell of hepatic sinusoid","CL:1000398","endothelial cell",-7.86110176620399,-16.1357710818985
"H10.MAA100041.3_9_M.1.1","MAA100041","hepatocyte","CL:0000182","hepatocyte",18.1772153717333,16.9295684478642
"H11.MAA000907.3_11_M.1.1","MAA000907","hepatocyte","CL:0000182","hepatocyte",-8.66051684302005,7.33847984928354
"H11.MAA100039.3_11_M.1.1","MAA100039","hepatocyte","CL:0000182","hepatocyte",20.5705426621538,19.3878293449962
"H11.MAA100041.3_9_M.1.1","MAA100041","hepatocyte","CL:0000182","hepatocyte",15.1292210931963,18.6632913786429
"H11.MAA100138.3_56_F.1.1","MAA100138","hepatocyte","CL:0000182","hepatocyte",3.40968756577229,12.1104267706498
"H11.MAA100140.3_57_F.1.1","MAA100140","hepatocyte","CL:0000182","hepatocyte",-0.277993832956996,-5.53738019240843
"H12.MAA000377.3_9_M.1.1","MAA000377","natural killer cell","CL:0000623","Nk/NKT cells",-29.9669699215696,-3.17634145244892
"H12.MAA000907.3_11_M.1.1","MAA000907","endothelial cell of hepatic sinusoid","CL:1000398","endothelial cell",0.571016874365433,-25.5780889556769
"H12.MAA100040.3_11_M.1.1","MAA100040","hepatocyte","CL:0000182","hepatocyte",-4.85723862529062,8.60992356936268
"H12.MAA100041.3_9_M.1.1","MAA100041","hepatocyte","CL:0000182","hepatocyte",19.8187888172874,16.6597578777984
"H12.MAA100042.3_9_M.1.1","MAA100042","hepatocyte","CL:0000182","hepatocyte",16.4018543392355,17.4350713962263
"H12.MAA100138.3_56_F.1.1","MAA100138","hepatocyte","CL:0000182","hepatocyte",5.8359079366948,12.4942602741198
"H12.MAA100140.3_57_F.1.1","MAA100140","hepatocyte","CL:0000182","hepatocyte",17.5242192335202,-3.00813874379485
"H13.MAA000907.3_11_M.1.1","MAA000907","hepatocyte","CL:0000182","hepatocyte",-3.65188894049569,8.40745633736602
"H14.MAA000377.3_9_M.1.1","MAA000377","Kupffer cell","CL:0000091","kuppfer",-16.8422392646072,6.20446553702018
"H14.MAA000907.3_11_M.1.1","MAA000907","hepatocyte","CL:0000182","hepatocyte",-4.95719503486949,8.95121776004138
"H15.MAA000907.3_11_M.1.1","MAA000907","B cell","CL:0000236","B cell",-14.1129126000328,24.4521248842738
"H16.MAA000377.3_9_M.1.1","MAA000377","Kupffer cell","CL:0000091","kuppfer",-15.8138967519559,7.20393907416411
"H16.MAA000907.3_11_M.1.1","MAA000907","endothelial cell of hepatic sinusoid","CL:1000398","endothelial cell",-2.71603069835752,-23.1192739329054
"H17.MAA000377.3_9_M.1.1","MAA000377","Kupffer cell","CL:0000091","kuppfer",-20.4977644356049,7.94570842291083
"H17.MAA000907.3_11_M.1.1","MAA000907","Kupffer cell","CL:0000091","kuppfer",-17.9443754916232,6.93148814867115
"H18.MAA000907.3_11_M.1.1","MAA000907","Kupffer cell","CL:0000091","kuppfer",-18.0773730756765,6.59389387581041
"H2.MAA000907.3_11_M.1.1","MAA000907","Kupffer cell","CL:0000091","kuppfer",-17.6673187669294,5.77269609443215
"H2.MAA100039.3_11_M.1.1","MAA100039","hepatocyte","CL:0000182","hepatocyte",-4.14472877996719,4.78880655286024
"H2.MAA100041.3_9_M.1.1","MAA100041","hepatocyte","CL:0000182","hepatocyte",-6.39124858326856,3.60722654923924
"H2.MAA100042.3_9_M.1.1","MAA100042","hepatocyte","CL:0000182","hepatocyte",2.34455755131829,15.7947836554363
"H2.MAA100138.3_56_F.1.1","MAA100138","hepatocyte","CL:0000182","hepatocyte",19.7415389573394,-2.22275519627693
"H2.MAA100140.3_57_F.1.1","MAA100140","hepatocyte","CL:0000182","hepatocyte",3.9935064991999,11.9880528162158
"H20.MAA000377.3_9_M.1.1","MAA000377","hepatocyte","CL:0000182","hepatocyte",-3.82806420120765,10.0592129431924
"H20.MAA000907.3_11_M.1.1","MAA000907","endothelial cell of hepatic sinusoid","CL:1000398","endothelial cell",-2.64124536433359,-21.6597730759231
"H22.MAA000907.3_11_M.1.1","MAA000907","B cell","CL:0000236","B cell",-15.2173741124267,19.392328833801
"H3.MAA000377.3_9_M.1.1","MAA000377","hepatocyte","CL:0000182","hepatocyte",-2.15323056190384,10.0611930843268
"H3.MAA000907.3_11_M.1.1","MAA000907","endothelial cell of hepatic sinusoid","CL:1000398","endothelial cell",-0.95445353660841,-25.1672709128509
"H3.MAA100041.3_9_M.1.1","MAA100041","hepatocyte","CL:0000182","hepatocyte",4.97112339097616,16.8757663603316
"H3.MAA100138.3_56_F.1.1","MAA100138","hepatocyte","CL:0000182","hepatocyte",14.7599472320693,-3.92950236685219
"H3.MAA100140.3_57_F.1.1","MAA100140","hepatocyte","CL:0000182","hepatocyte",16.9436381163872,-4.04480551623537
"H4.MAA100039.3_11_M.1.1","MAA100039","hepatocyte","CL:0000182","hepatocyte",-4.19898876154265,7.89288799275177
"H4.MAA100140.3_57_F.1.1","MAA100140","hepatocyte","CL:0000182","hepatocyte",14.6565259025707,-4.77753024413689
"H5.MAA000907.3_11_M.1.1","MAA000907","endothelial cell of hepatic sinusoid","CL:1000398","endothelial cell",-7.44403505189044,-18.9967273145534
"H5.MAA100042.3_9_M.1.1","MAA100042","hepatocyte","CL:0000182","hepatocyte",0.604317469398307,14.1216590401364
"H5.MAA100138.3_56_F.1.1","MAA100138","hepatocyte","CL:0000182","hepatocyte",22.4687500528468,-2.76075480550361
"H5.MAA100140.3_57_F.1.1","MAA100140","hepatocyte","CL:0000182","hepatocyte",0.610471781109143,-4.37162788602746
"H6.MAA000907.3_11_M.1.1","MAA000907","hepatocyte","CL:0000182","hepatocyte",-3.1915464683228,10.9328147925692
"H6.MAA100042.3_9_M.1.1","MAA100042","hepatocyte","CL:0000182","hepatocyte",13.5311820634461,18.7355436765295
"H6.MAA100138.3_56_F.1.1","MAA100138","hepatocyte","CL:0000182","hepatocyte",2.98164338454796,-4.56992712496538
"H6.MAA100140.3_57_F.1.1","MAA100140","hepatocyte","CL:0000182","hepatocyte",-1.08886072771989,-3.31945931582232
"H7.MAA000907.3_11_M.1.1","MAA000907","natural killer cell","CL:0000623","Nk/NKT cells",-26.2636437266018,-1.62349741190002
"H7.MAA100039.3_11_M.1.1","MAA100039","hepatocyte","CL:0000182","hepatocyte",19.2712536709088,20.9818410368986
"H7.MAA100140.3_57_F.1.1","MAA100140","hepatocyte","CL:0000182","hepatocyte",-0.977275416915037,-5.07389713707106
"H8.MAA100039.3_11_M.1.1","MAA100039","hepatocyte","CL:0000182","hepatocyte",4.90067462831715,18.1133988781995
"H8.MAA100041.3_9_M.1.1","MAA100041","hepatocyte","CL:0000182","hepatocyte",-2.92936462173807,5.59060661997676
"H8.MAA100138.3_56_F.1.1","MAA100138","hepatocyte","CL:0000182","hepatocyte",1.14429404312398,-2.73468269297586
"H9.MAA000907.3_11_M.1.1","MAA000907","endothelial cell of hepatic sinusoid","CL:1000398","endothelial cell",-1.21021234113144,-17.0012457276022
"H9.MAA100041.3_9_M.1.1","MAA100041","hepatocyte","CL:0000182","hepatocyte",20.0197544192092,16.4927625506684
"H9.MAA100042.3_9_M.1.1","MAA100042","hepatocyte","CL:0000182","hepatocyte",4.18239017874191,16.6228017823889
"H9.MAA100138.3_56_F.1.1","MAA100138","hepatocyte","CL:0000182","hepatocyte",1.40820095556939,-4.7704500762252
"H9.MAA100140.3_57_F.1.1","MAA100140","hepatocyte","CL:0000182","hepatocyte",19.6698843683215,-4.35105275628702
"I1.MAA000907.3_11_M.1.1","MAA000907","endothelial cell of hepatic sinusoid","CL:1000398","endothelial cell",-1.3024245767093,-18.6766484408304
"I10.MAA000907.3_11_M.1.1","MAA000907","endothelial cell of hepatic sinusoid","CL:1000398","endothelial cell",-3.69510555437852,-26.7783841590413
"I14.MAA000377.3_9_M.1.1","MAA000377","hepatocyte","CL:0000182","hepatocyte",-1.58543786340948,9.71765679803348
"I14.MAA000907.3_11_M.1.1","MAA000907","endothelial cell of hepatic sinusoid","CL:1000398","endothelial cell",0.436127304555313,-26.8386678199369
"I15.MAA000377.3_9_M.1.1","MAA000377","endothelial cell of hepatic sinusoid","CL:1000398","endothelial cell",3.0547843453414,-25.1586627786987
"I16.MAA000907.3_11_M.1.1","MAA000907","endothelial cell of hepatic sinusoid","CL:1000398","endothelial cell",2.29293624204093,-23.0831294531239
"I18.MAA000907.3_11_M.1.1","MAA000907","endothelial cell of hepatic sinusoid","CL:1000398","endothelial cell",1.12866650692524,-27.4038082696805
"I19.MAA000907.3_11_M.1.1","MAA000907","endothelial cell of hepatic sinusoid","CL:1000398","endothelial cell",-0.802030803517606,-19.571834650362
"I2.MAA000907.3_11_M.1.1","MAA000907","B cell","CL:0000236","B cell",-13.5502552513191,23.7717894707607
"I20.MAA000907.3_11_M.1.1","MAA000907","endothelial cell of hepatic sinusoid","CL:1000398","endothelial cell",2.31029298841177,-27.8604610966106
"I21.MAA000907.3_11_M.1.1","MAA000907","endothelial cell of hepatic sinusoid","CL:1000398","endothelial cell",-2.46024605417376,-20.4361005529429
"I22.MAA000377.3_9_M.1.1","MAA000377","natural killer cell","CL:0000623","Nk/NKT cells",-28.5242522264752,-0.59609240479234
"I22.MAA000907.3_11_M.1.1","MAA000907","endothelial cell of hepatic sinusoid","CL:1000398","endothelial cell",-1.07587105632511,-16.8631118799647
"I4.MAA000907.3_11_M.1.1","MAA000907","Kupffer cell","CL:0000091","kuppfer",-19.5560827814396,6.98140117617136
"I7.MAA000907.3_11_M.1.1","MAA000907","endothelial cell of hepatic sinusoid","CL:1000398","endothelial cell",-2.62450577539156,-26.191046125642
"I8.MAA000907.3_11_M.1.1","MAA000907","hepatocyte","CL:0000182","hepatocyte",-5.00947204026838,7.38385831724901
"I9.MAA000377.3_9_M.1.1","MAA000377","Kupffer cell","CL:0000091","kuppfer",-14.9546178771614,5.47209243554606
"I9.MAA000907.3_11_M.1.1","MAA000907","hepatocyte","CL:0000182","hepatocyte",-4.671938647571,1.89829861772084
"J1.MAA000907.3_11_M.1.1","MAA000907","Kupffer cell","CL:0000091","kuppfer",-18.7283210250381,6.51799753402213
"J10.MAA000907.3_11_M.1.1","MAA000907","endothelial cell of hepatic sinusoid","CL:1000398","endothelial cell",-1.50225113438972,-20.3730929144599
"J11.MAA000907.3_11_M.1.1","MAA000907","hepatocyte","CL:0000182","hepatocyte",-3.14713506501884,12.3278174727243
"J12.MAA000377.3_9_M.1.1","MAA000377","endothelial cell of hepatic sinusoid","CL:1000398","endothelial cell",-26.3840403743249,-4.79662799983974
"J12.MAA000907.3_11_M.1.1","MAA000907","endothelial cell of hepatic sinusoid","CL:1000398","endothelial cell",2.37809462380498,-23.4368787534724
"J13.MAA000907.3_11_M.1.1","MAA000907","endothelial cell of hepatic sinusoid","CL:1000398","endothelial cell",2.51987694052565,-27.2672105050691
"J14.MAA000907.3_11_M.1.1","MAA000907","hepatocyte","CL:0000182","hepatocyte",0.203272992507005,14.3647869458117
"J15.MAA000907.3_11_M.1.1","MAA000907","endothelial cell of hepatic sinusoid","CL:1000398","endothelial cell",1.69227371548524,-22.0257411653782
"J16.MAA000377.3_9_M.1.1","MAA000377","Kupffer cell","CL:0000091","kuppfer",-17.0883921164747,6.372869202965
"J16.MAA000907.3_11_M.1.1","MAA000907","endothelial cell of hepatic sinusoid","CL:1000398","endothelial cell",-1.14180350511581,-23.5332945189423
"J17.MAA000377.3_9_M.1.1","MAA000377","hepatocyte","CL:0000182","hepatocyte",1.67303260684017,14.5048945692817
"J17.MAA000907.3_11_M.1.1","MAA000907","endothelial cell of hepatic sinusoid","CL:1000398","endothelial cell",3.920763061109,-27.6772663306614
"J18.MAA000377.3_9_M.1.1","MAA000377","endothelial cell of hepatic sinusoid","CL:1000398","endothelial cell",-3.30108224658933,-21.3732212637921
"J19.MAA000907.3_11_M.1.1","MAA000907","Kupffer cell","CL:0000091","kuppfer",-16.2002643740627,0.627756917257875
"J2.MAA000907.3_11_M.1.1","MAA000907","endothelial cell of hepatic sinusoid","CL:1000398","endothelial cell",-7.06736910898481,-25.0384106145234
"J20.MAA000377.3_9_M.1.1","MAA000377","natural killer cell","CL:0000623","Nk/NKT cells",-26.3788392143834,-1.16290568949158
"J20.MAA000907.3_11_M.1.1","MAA000907","endothelial cell of hepatic sinusoid","CL:1000398","endothelial cell",-0.557111659888484,-23.6058771037743
"J21.MAA000377.3_9_M.1.1","MAA000377","Kupffer cell","CL:0000091","kuppfer",-17.4627015436422,6.22938734129029
"J21.MAA000907.3_11_M.1.1","MAA000907","Kupffer cell","CL:0000091","kuppfer",-16.7860617906797,5.74273876996975
"J22.MAA000377.3_9_M.1.1","MAA000377","Kupffer cell","CL:0000091","kuppfer",-17.8163189993286,6.62716613708725
"J4.MAA000907.3_11_M.1.1","MAA000907","Kupffer cell","CL:0000091","kuppfer",-14.6865589953335,5.33976943615365
"J5.MAA000907.3_11_M.1.1","MAA000907","Kupffer cell","CL:0000091","kuppfer",-18.2304542570345,6.54709930100601
"J7.MAA000907.3_11_M.1.1","MAA000907","endothelial cell of hepatic sinusoid","CL:1000398","endothelial cell",-5.48078941259175,-24.0281072183614
"J8.MAA000907.3_11_M.1.1","MAA000907","Kupffer cell","CL:0000091","kuppfer",-19.5345889399058,7.1457803217975
"J9.MAA000907.3_11_M.1.1","MAA000907","endothelial cell of hepatic sinusoid","CL:1000398","endothelial cell",3.73741948110971,-26.8154005610823
"K1.MAA000907.3_11_M.1.1","MAA000907","Kupffer cell","CL:0000091","kuppfer",-15.3469217925518,5.57572637025078
"K10.MAA000907.3_11_M.1.1","MAA000907","hepatocyte","CL:0000182","hepatocyte",-3.06729323619661,10.9162679722114
"K11.MAA000377.3_9_M.1.1","MAA000377","hepatocyte","CL:0000182","hepatocyte",-8.26631959965368,0.867819047840395
"K11.MAA000907.3_11_M.1.1","MAA000907","hepatocyte","CL:0000182","hepatocyte",-4.59691754620174,7.74227057592001
"K13.MAA000377.3_9_M.1.1","MAA000377","endothelial cell of hepatic sinusoid","CL:1000398","endothelial cell",2.52464412204587,-28.8299276079187
"K13.MAA000907.3_11_M.1.1","MAA000907","endothelial cell of hepatic sinusoid","CL:1000398","endothelial cell",0.428275008523136,-21.1179791138977
"K14.MAA000377.3_9_M.1.1","MAA000377","endothelial cell of hepatic sinusoid","CL:1000398","endothelial cell",-3.95143511744431,-20.8004275438351
"K14.MAA000907.3_11_M.1.1","MAA000907","endothelial cell of hepatic sinusoid","CL:1000398","endothelial cell",-1.0700196071748,-24.7137124803775
"K15.MAA000377.3_9_M.1.1","MAA000377","hepatocyte","CL:0000182","hepatocyte",-5.2805653781759,9.10696870128278
"K15.MAA000907.3_11_M.1.1","MAA000907","Kupffer cell","CL:0000091","kuppfer",-14.8964392779232,5.48578900032738
"K17.MAA000377.3_9_M.1.1","MAA000377","B cell","CL:0000236","B cell",-14.7717142732315,24.9636257452133
"K17.MAA000907.3_11_M.1.1","MAA000907","B cell","CL:0000236","B cell",-12.5603991026467,24.849205156274
"K18.MAA000377.3_9_M.1.1","MAA000377","endothelial cell of hepatic sinusoid","CL:1000398","endothelial cell",3.73154735997288,-28.2139107319186
"K18.MAA000907.3_11_M.1.1","MAA000907","endothelial cell of hepatic sinusoid","CL:1000398","endothelial cell",-1.38416902027783,-24.6045573296123
"K2.MAA000907.3_11_M.1.1","MAA000907","endothelial cell of hepatic sinusoid","CL:1000398","endothelial cell",0.408591376515667,-26.2791235949236
"K20.MAA000907.3_11_M.1.1","MAA000907","endothelial cell of hepatic sinusoid","CL:1000398","endothelial cell",-0.480105076401973,-21.057658438146
"K21.MAA000907.3_11_M.1.1","MAA000907","endothelial cell of hepatic sinusoid","CL:1000398","endothelial cell",-3.86726606213612,-22.4360237704263
"K22.MAA000907.3_11_M.1.1","MAA000907","hepatocyte","CL:0000182","hepatocyte",-4.60617108202191,7.52443474572197
"K3.MAA000907.3_11_M.1.1","MAA000907","endothelial cell of hepatic sinusoid","CL:1000398","endothelial cell",-5.38259007042613,-19.1141254625422
"K4.MAA000907.3_11_M.1.1","MAA000907","endothelial cell of hepatic sinusoid","CL:1000398","endothelial cell",-6.84267732205771,-24.765184114907
"K5.MAA000907.3_11_M.1.1","MAA000907","Kupffer cell","CL:0000091","kuppfer",-19.1318545182961,6.65037922679881
"K6.MAA000907.3_11_M.1.1","MAA000907","Kupffer cell","CL:0000091","kuppfer",-16.3686214071802,6.79149133991115
"K7.MAA000907.3_11_M.1.1","MAA000907","B cell","CL:0000236","B cell",-12.7464423081517,24.934134709389
"K8.MAA000907.3_11_M.1.1","MAA000907","endothelial cell of hepatic sinusoid","CL:1000398","endothelial cell",1.77492788045638,-21.7219758207918
"K9.MAA000377.3_9_M.1.1","MAA000377","hepatocyte","CL:0000182","hepatocyte",-3.88497430088386,7.44923694896461
"K9.MAA000907.3_11_M.1.1","MAA000907","B cell","CL:0000236","B cell",-25.3382547688573,-0.64529691148635
"L1.MAA000907.3_11_M.1.1","MAA000907","Kupffer cell","CL:0000091","kuppfer",-15.9069535189586,0.886145641555294
"L10.MAA000907.3_11_M.1.1","MAA000907","hepatocyte","CL:0000182","hepatocyte",-4.81557976699429,7.64012531154083
"L11.MAA000377.3_9_M.1.1","MAA000377","hepatocyte","CL:0000182","hepatocyte",-2.04043667101357,9.29043970156148
"L11.MAA000907.3_11_M.1.1","MAA000907","endothelial cell of hepatic sinusoid","CL:1000398","endothelial cell",-5.64641450372678,-17.9159866420966
"L12.MAA000377.3_9_M.1.1","MAA000377","Kupffer cell","CL:0000091","kuppfer",-20.6599287302999,7.45635895246989
"L12.MAA000907.3_11_M.1.1","MAA000907","B cell","CL:0000236","B cell",-12.3289467330677,24.0660302847997
"L13.MAA000377.3_9_M.1.1","MAA000377","B cell","CL:0000236","B cell",-14.4786595284715,24.5913457174902
"L13.MAA000907.3_11_M.1.1","MAA000907","Kupffer cell","CL:0000091","kuppfer",-18.6721306035413,7.08771770541414
"L14.MAA000907.3_11_M.1.1","MAA000907","endothelial cell of hepatic sinusoid","CL:1000398","endothelial cell",-1.17157383963344,-16.8410358213682
"L15.MAA000377.3_9_M.1.1","MAA000377","B cell","CL:0000236","B cell",-26.134587872261,-4.44379315213629
"L15.MAA000907.3_11_M.1.1","MAA000907","hepatocyte","CL:0000182","hepatocyte",-6.66669705767511,0.840605197592279
"L16.MAA000907.3_11_M.1.1","MAA000907","endothelial cell of hepatic sinusoid","CL:1000398","endothelial cell",-1.62306836612545,-21.5273708822679
"L17.MAA000907.3_11_M.1.1","MAA000907","B cell","CL:0000236","B cell",-11.6237520816581,24.10479447341
"L18.MAA000907.3_11_M.1.1","MAA000907","endothelial cell of hepatic sinusoid","CL:1000398","endothelial cell",-4.33466602228541,-19.8737687981632
"L19.MAA000907.3_11_M.1.1","MAA000907","endothelial cell of hepatic sinusoid","CL:1000398","endothelial cell",0.438365649684034,-23.2820882412294
"L2.MAA000907.3_11_M.1.1","MAA000907","endothelial cell of hepatic sinusoid","CL:1000398","endothelial cell",0.187873833594612,-22.702245694425
"L20.MAA000907.3_11_M.1.1","MAA000907","endothelial cell of hepatic sinusoid","CL:1000398","endothelial cell",0.885922560234401,-26.4078097091746
"L21.MAA000907.3_11_M.1.1","MAA000907","endothelial cell of hepatic sinusoid","CL:1000398","endothelial cell",0.151087625600609,-23.9784429543948
"L22.MAA000907.3_11_M.1.1","MAA000907","hepatocyte","CL:0000182","hepatocyte",-4.86680696993645,9.40080899534357
"L3.MAA000907.3_11_M.1.1","MAA000907","Kupffer cell","CL:0000091","kuppfer",-17.4432033127183,6.54230509025637
"L4.MAA000907.3_11_M.1.1","MAA000907","endothelial cell of hepatic sinusoid","CL:1000398","endothelial cell",-2.22239436080502,-18.0379510351149
"L5.MAA000907.3_11_M.1.1","MAA000907","endothelial cell of hepatic sinusoid","CL:1000398","endothelial cell",-4.15824014328995,-18.0301058739625
"L6.MAA000907.3_11_M.1.1","MAA000907","B cell","CL:0000236","B cell",-13.3104926010768,24.4025682635426
"L7.MAA000377.3_9_M.1.1","MAA000377","Kupffer cell","CL:0000091","kuppfer",-14.0028266222962,5.04128283162469
"L7.MAA000907.3_11_M.1.1","MAA000907","endothelial cell of hepatic sinusoid","CL:1000398","endothelial cell",-1.47576048543847,-18.8138114000354
"L8.MAA000907.3_11_M.1.1","MAA000907","endothelial cell of hepatic sinusoid","CL:1000398","endothelial cell",0.252632687568721,-19.6806752249137
"L9.MAA000377.3_9_M.1.1","MAA000377","B cell","CL:0000236","B cell",-14.3539134427524,25.1178730605737
"L9.MAA000907.3_11_M.1.1","MAA000907","endothelial cell of hepatic sinusoid","CL:1000398","endothelial cell",1.70251807985028,-24.3446281509683
"M1.MAA000907.3_11_M.1.1","MAA000907","B cell","CL:0000236","B cell",-11.9749494716212,24.2421256799808
"M10.MAA000377.3_9_M.1.1","MAA000377","Kupffer cell","CL:0000091","kuppfer",-14.3402861941508,0.212863856217807
"M10.MAA000907.3_11_M.1.1","MAA000907","natural killer cell","CL:0000623","Nk/NKT cells",-28.9407626935783,-2.05196365107957
"M11.MAA000907.3_11_M.1.1","MAA000907","endothelial cell of hepatic sinusoid","CL:1000398","endothelial cell",0.882822790058232,-24.8329578490472
"M12.MAA000907.3_11_M.1.1","MAA000907","hepatocyte","CL:0000182","hepatocyte",-5.02935022431817,5.28472443321431
"M13.MAA000907.3_11_M.1.1","MAA000907","endothelial cell of hepatic sinusoid","CL:1000398","endothelial cell",-3.97687595663599,-18.5469838631958
"M14.MAA000907.3_11_M.1.1","MAA000907","endothelial cell of hepatic sinusoid","CL:1000398","endothelial cell",-8.37811467786245,-15.4692920550923
"M15.MAA000377.3_9_M.1.1","MAA000377","natural killer cell","CL:0000623","Nk/NKT cells",-28.7323054919592,-2.24510501655779
"M15.MAA000907.3_11_M.1.1","MAA000907","B cell","CL:0000236","B cell",-11.8495578720393,24.3492605792707
"M16.MAA000377.3_9_M.1.1","MAA000377","hepatocyte","CL:0000182","hepatocyte",2.1894279942481,13.1077275123294
"M16.MAA000907.3_11_M.1.1","MAA000907","endothelial cell of hepatic sinusoid","CL:1000398","endothelial cell",-8.30319587782884,-19.1382031698772
"M17.MAA000907.3_11_M.1.1","MAA000907","natural killer cell","CL:0000623","Nk/NKT cells",-27.316187093529,-0.208542305102443
"M18.MAA000907.3_11_M.1.1","MAA000907","natural killer cell","CL:0000623","Nk/NKT cells",-26.9887532467298,-1.16311664210355
"M2.MAA000377.3_9_M.1.1","MAA000377","hepatocyte","CL:0000182","hepatocyte",-3.04079343630471,11.0430227460301
"M2.MAA000907.3_11_M.1.1","MAA000907","endothelial cell of hepatic sinusoid","CL:1000398","endothelial cell",-8.34928268156747,-15.6937346085982
"M20.MAA000907.3_11_M.1.1","MAA000907","endothelial cell of hepatic sinusoid","CL:1000398","endothelial cell",2.46108748734661,-26.5057493330352
"M21.MAA000907.3_11_M.1.1","MAA000907","endothelial cell of hepatic sinusoid","CL:1000398","endothelial cell",1.9187238929227,-24.702050552068
"M22.MAA000907.3_11_M.1.1","MAA000907","endothelial cell of hepatic sinusoid","CL:1000398","endothelial cell",0.307137743903542,-24.2283528821895
"M3.MAA000907.3_11_M.1.1","MAA000907","hepatocyte","CL:0000182","hepatocyte",-4.57620281257208,5.49927530152154
"M4.MAA000907.3_11_M.1.1","MAA000907","endothelial cell of hepatic sinusoid","CL:1000398","endothelial cell",0.37224000009568,-25.7278077458306
"M6.MAA000907.3_11_M.1.1","MAA000907","Kupffer cell","CL:0000091","kuppfer",-16.1470951494131,5.79570923822146
"M7.MAA000907.3_11_M.1.1","MAA000907","endothelial cell of hepatic sinusoid","CL:1000398","endothelial cell",-7.01479270056867,-24.2706612874139
"M8.MAA000907.3_11_M.1.1","MAA000907","natural killer cell","CL:0000623","Nk/NKT cells",-27.683415569112,-0.521982443287972
"M9.MAA000907.3_11_M.1.1","MAA000907","B cell","CL:0000236","B cell",-12.0506079315621,24.3298132127324
"N1.MAA000907.3_11_M.1.1","MAA000907","B cell","CL:0000236","B cell",-12.291233786082,24.6654101271755
"N10.MAA000907.3_11_M.1.1","MAA000907","endothelial cell of hepatic sinusoid","CL:1000398","endothelial cell",-3.03208656843047,-24.8704888779501
"N11.MAA000377.3_9_M.1.1","MAA000377","hepatocyte","CL:0000182","hepatocyte",1.1797240831093,14.5474791451587
"N11.MAA000907.3_11_M.1.1","MAA000907","endothelial cell of hepatic sinusoid","CL:1000398","endothelial cell",-1.40362086091575,-19.1443925613863
"N12.MAA000907.3_11_M.1.1","MAA000907","endothelial cell of hepatic sinusoid","CL:1000398","endothelial cell",-1.18732925713897,-22.0777323458855
"N14.MAA000907.3_11_M.1.1","MAA000907","hepatocyte","CL:0000182","hepatocyte",-3.21566657297541,10.0537943376095
"N15.MAA000377.3_9_M.1.1","MAA000377","B cell","CL:0000236","B cell",-14.0691751102557,24.0775471659711
"N15.MAA000907.3_11_M.1.1","MAA000907","hepatocyte","CL:0000182","hepatocyte",-6.63757261674872,0.7745839525699
"N16.MAA000377.3_9_M.1.1","MAA000377","endothelial cell of hepatic sinusoid","CL:1000398","endothelial cell",-1.55132862259252,-26.1166828283217
"N16.MAA000907.3_11_M.1.1","MAA000907","natural killer cell","CL:0000623","Nk/NKT cells",-28.0308477943804,-1.53677952671739
"N17.MAA000907.3_11_M.1.1","MAA000907","endothelial cell of hepatic sinusoid","CL:1000398","endothelial cell",-6.30371353638663,-18.678212489068
"N18.MAA000907.3_11_M.1.1","MAA000907","endothelial cell of hepatic sinusoid","CL:1000398","endothelial cell",-5.27070896147344,-17.122713053727
"N19.MAA000907.3_11_M.1.1","MAA000907","endothelial cell of hepatic sinusoid","CL:1000398","endothelial cell",-1.08399296905882,-21.9799817326881
"N2.MAA000907.3_11_M.1.1","MAA000907","endothelial cell of hepatic sinusoid","CL:1000398","endothelial cell",1.01882191036837,-23.2527356719352
"N20.MAA000377.3_9_M.1.1","MAA000377","hepatocyte","CL:0000182","hepatocyte",-3.99017777191379,10.4555606166075
"N20.MAA000907.3_11_M.1.1","MAA000907","Kupffer cell","CL:0000091","kuppfer",-15.9360583651699,0.758471913220409
"N21.MAA000377.3_9_M.1.1","MAA000377","endothelial cell of hepatic sinusoid","CL:1000398","endothelial cell",4.04199060661949,-27.9263060340366
"N21.MAA000907.3_11_M.1.1","MAA000907","endothelial cell of hepatic sinusoid","CL:1000398","endothelial cell",-5.5793505746275,-15.8957620085238
"N22.MAA000377.3_9_M.1.1","MAA000377","endothelial cell of hepatic sinusoid","CL:1000398","endothelial cell",-1.08491916985244,-26.0913552275005
"N22.MAA000907.3_11_M.1.1","MAA000907","B cell","CL:0000236","B cell",-12.9370071341978,25.1036736449919
"N3.MAA000907.3_11_M.1.1","MAA000907","Kupffer cell","CL:0000091","kuppfer",-19.6081388470515,6.60120539313289
"N4.MAA000377.3_9_M.1.1","MAA000377","Kupffer cell","CL:0000091","kuppfer",-18.5101594457907,6.7361517603303
"N4.MAA000907.3_11_M.1.1","MAA000907","endothelial cell of hepatic sinusoid","CL:1000398","endothelial cell",-5.56788183728426,-16.556512205762
"N5.MAA000907.3_11_M.1.1","MAA000907","endothelial cell of hepatic sinusoid","CL:1000398","endothelial cell",-3.1934561959449,-19.6702209597576
"N6.MAA000907.3_11_M.1.1","MAA000907","natural killer cell","CL:0000623","Nk/NKT cells",-28.6625969120936,-1.43216985353842
"N7.MAA000377.3_9_M.1.1","MAA000377","hepatocyte","CL:0000182","hepatocyte",-7.70352798691487,1.27505953467498
"N7.MAA000907.3_11_M.1.1","MAA000907","endothelial cell of hepatic sinusoid","CL:1000398","endothelial cell",-3.01281181506079,-18.6607925540125
"N8.MAA000907.3_11_M.1.1","MAA000907","endothelial cell of hepatic sinusoid","CL:1000398","endothelial cell",-4.57398989869348,-21.7652751471865
"N9.MAA000907.3_11_M.1.1","MAA000907","natural killer cell","CL:0000623","Nk/NKT cells",-28.4779922849445,-1.77676678623457
"O1.MAA000907.3_11_M.1.1","MAA000907","endothelial cell of hepatic sinusoid","CL:1000398","endothelial cell",-5.2385477863526,-17.6151851191791
"O11.MAA000377.3_9_M.1.1","MAA000377","endothelial cell of hepatic sinusoid","CL:1000398","endothelial cell",-6.97010831279451,-18.3350136643745
"O11.MAA000907.3_11_M.1.1","MAA000907","B cell","CL:0000236","B cell",-13.3967407037179,24.0204554931635
"O12.MAA000377.3_9_M.1.1","MAA000377","hepatocyte","CL:0000182","hepatocyte",-6.4896193957322,3.46095929701174
"O13.MAA000907.3_11_M.1.1","MAA000907","Kupffer cell","CL:0000091","kuppfer",-18.067897163448,6.05778461753385
"O14.MAA000377.3_9_M.1.1","MAA000377","hepatocyte","CL:0000182","hepatocyte",-3.88195847828045,8.10852048784753
"O14.MAA000907.3_11_M.1.1","MAA000907","hepatocyte","CL:0000182","hepatocyte",-4.45381506070217,8.4283706043741
"O15.MAA000907.3_11_M.1.1","MAA000907","Kupffer cell","CL:0000091","kuppfer",-15.957967052606,0.783812796281336
"O16.MAA000907.3_11_M.1.1","MAA000907","endothelial cell of hepatic sinusoid","CL:1000398","endothelial cell",2.1942877974845,-26.7905618453861
"O17.MAA000907.3_11_M.1.1","MAA000907","endothelial cell of hepatic sinusoid","CL:1000398","endothelial cell",-8.06463303991285,-15.974593894772
"O18.MAA000907.3_11_M.1.1","MAA000907","endothelial cell of hepatic sinusoid","CL:1000398","endothelial cell",-7.25513504831268,-23.5827030405534
"O19.MAA000907.3_11_M.1.1","MAA000907","endothelial cell of hepatic sinusoid","CL:1000398","endothelial cell",-5.31698523006536,-24.1273796944919
"O2.MAA000907.3_11_M.1.1","MAA000907","Kupffer cell","CL:0000091","kuppfer",-14.3829058375574,0.108629804411351
"O20.MAA000907.3_11_M.1.1","MAA000907","endothelial cell of hepatic sinusoid","CL:1000398","endothelial cell",-0.489651346199257,-18.0756674719715
"O21.MAA000377.3_9_M.1.1","MAA000377","natural killer cell","CL:0000623","Nk/NKT cells",-26.4910516741986,-0.915092321712625
"O21.MAA000907.3_11_M.1.1","MAA000907","Kupffer cell","CL:0000091","kuppfer",-14.5407195260451,0.0381812662898953
"O22.MAA000377.3_9_M.1.1","MAA000377","Kupffer cell","CL:0000091","kuppfer",-19.2930762166095,7.18971997619616
"O22.MAA000907.3_11_M.1.1","MAA000907","endothelial cell of hepatic sinusoid","CL:1000398","endothelial cell",2.3101243483717,-29.1733460012325
"O3.MAA000907.3_11_M.1.1","MAA000907","Kupffer cell","CL:0000091","kuppfer",-16.6045536317692,5.64824624097743
"O4.MAA000907.3_11_M.1.1","MAA000907","Kupffer cell","CL:0000091","kuppfer",-19.663624298283,6.98663414923144
"O5.MAA000907.3_11_M.1.1","MAA000907","endothelial cell of hepatic sinusoid","CL:1000398","endothelial cell",-7.97279455018304,-16.0827118380682
"O6.MAA000907.3_11_M.1.1","MAA000907","Kupffer cell","CL:0000091","kuppfer",-15.6480841407908,6.75267907075798
"O7.MAA000377.3_9_M.1.1","MAA000377","endothelial cell of hepatic sinusoid","CL:1000398","endothelial cell",-7.58144603657863,-18.4365978806736
"O7.MAA000907.3_11_M.1.1","MAA000907","endothelial cell of hepatic sinusoid","CL:1000398","endothelial cell",-5.32305788086895,-16.6768878717191
"O8.MAA000907.3_11_M.1.1","MAA000907","endothelial cell of hepatic sinusoid","CL:1000398","endothelial cell",-7.09204700699887,-15.6973218599451
"O9.MAA000377.3_9_M.1.1","MAA000377","Kupffer cell","CL:0000091","kuppfer",-16.4402340121554,5.17685260231035
"O9.MAA000907.3_11_M.1.1","MAA000907","hepatocyte","CL:0000182","hepatocyte",-7.53226437865285,1.06562896763062
"P1.MAA000907.3_11_M.1.1","MAA000907","endothelial cell of hepatic sinusoid","CL:1000398","endothelial cell",-0.071065547286189,-20.8924439331328
"P10.MAA000907.3_11_M.1.1","MAA000907","endothelial cell of hepatic sinusoid","CL:1000398","endothelial cell",-0.3194930617451,-25.0070671505736
"P11.MAA000907.3_11_M.1.1","MAA000907","endothelial cell of hepatic sinusoid","CL:1000398","endothelial cell",0.377276570491734,-23.5355869532406
"P12.MAA000907.3_11_M.1.1","MAA000907","endothelial cell of hepatic sinusoid","CL:1000398","endothelial cell",-2.94318521575064,-19.2836662757744
"P13.MAA000907.3_11_M.1.1","MAA000907","endothelial cell of hepatic sinusoid","CL:1000398","endothelial cell",0.643993580528249,-19.8801334609099
"P14.MAA000907.3_11_M.1.1","MAA000907","hepatocyte","CL:0000182","hepatocyte",-3.89079529342917,11.210146057025
"P15.MAA000377.3_9_M.1.1","MAA000377","hepatocyte","CL:0000182","hepatocyte",-3.30429106007528,9.69855239392912
"P15.MAA000907.3_11_M.1.1","MAA000907","endothelial cell of hepatic sinusoid","CL:1000398","endothelial cell",-3.45011033258645,-21.0851845672394
"P16.MAA000907.3_11_M.1.1","MAA000907","endothelial cell of hepatic sinusoid","CL:1000398","endothelial cell",-7.38889756929974,-17.7566664428389
"P17.MAA000377.3_9_M.1.1","MAA000377","hepatocyte","CL:0000182","hepatocyte",-3.62922620523296,9.15707889491238
"P17.MAA000907.3_11_M.1.1","MAA000907","endothelial cell of hepatic sinusoid","CL:1000398","endothelial cell",-4.43870644448618,-19.7761772215352
"P18.MAA000377.3_9_M.1.1","MAA000377","endothelial cell of hepatic sinusoid","CL:1000398","endothelial cell",3.0658226295468,-28.0051161742236
"P18.MAA000907.3_11_M.1.1","MAA000907","endothelial cell of hepatic sinusoid","CL:1000398","endothelial cell",-6.67563592308136,-18.9123990262523
"P19.MAA000907.3_11_M.1.1","MAA000907","hepatocyte","CL:0000182","hepatocyte",-3.94425474072712,2.80899195887672
"P2.MAA000907.3_11_M.1.1","MAA000907","endothelial cell of hepatic sinusoid","CL:1000398","endothelial cell",-2.2479679809502,-22.0758450419393
"P20.MAA000907.3_11_M.1.1","MAA000907","endothelial cell of hepatic sinusoid","CL:1000398","endothelial cell",-3.56619921199233,-21.1525932704447
"P21.MAA000377.3_9_M.1.1","MAA000377","B cell","CL:0000236","B cell",-13.2303417326133,24.3422421633754
"P21.MAA000907.3_11_M.1.1","MAA000907","natural killer cell","CL:0000623","Nk/NKT cells",-28.6994786343986,-0.862769099104199
"P22.MAA000377.3_9_M.1.1","MAA000377","hepatocyte","CL:0000182","hepatocyte",-7.80777689802412,7.05509002042707
"P22.MAA000907.3_11_M.1.1","MAA000907","B cell","CL:0000236","B cell",-12.6719742947978,24.0788901878699
"P3.MAA000907.3_11_M.1.1","MAA000907","endothelial cell of hepatic sinusoid","CL:1000398","endothelial cell",-6.40072443178479,-18.182069676039
"P4.MAA000907.3_11_M.1.1","MAA000907","endothelial cell of hepatic sinusoid","CL:1000398","endothelial cell",-5.4140049106277,-17.1998966904776
"P5.MAA000907.3_11_M.1.1","MAA000907","endothelial cell of hepatic sinusoid","CL:1000398","endothelial cell",-8.30256872338065,-15.6779083506245
"P6.MAA000907.3_11_M.1.1","MAA000907","B cell","CL:0000236","B cell",-13.2807186284362,23.872032545786
"P7.MAA000907.3_11_M.1.1","MAA000907","hepatocyte","CL:0000182","hepatocyte",-7.56434254722923,0.828486323683177
"P8.MAA000907.3_11_M.1.1","MAA000907","endothelial cell of hepatic sinusoid","CL:1000398","endothelial cell",-4.64221375313327,-19.2791168450272
"P9.MAA000907.3_11_M.1.1","MAA000907","endothelial cell of hepatic sinusoid","CL:1000398","endothelial cell",0.99147090837847,-19.8840755204456
