cell.type,ppv,recall,TF_1,TF_2,TF_3,TF_4,score
Bladder__bladder.cell,0.184615384615385,0.6,Aebp1,Zbtb20,Nfe2l2,Xbp1,0.784615384615385
Bladder__bladder.cell,0.138461538461538,0.6,Zbtb20,Nfix,Nfe2l2,Xbp1,0.738461538461539
Bladder__bladder.cell,0.230263157894737,0.583333333333333,Aebp1,Nfic,Nfe2l2,Xbp1,0.81359649122807
Bladder__bladder.urothelial.cell,0.721518987341772,0.95,Foxq1,Klf5,Gata3,Nfe2l2,1.67151898734177
Bladder__bladder.urothelial.cell,0.835820895522388,0.933333333333333,Foxq1,Gata3,Nfe2l2,Tgif1,1.76915422885572
Bladder__bladder.urothelial.cell,0.948275862068966,0.916666666666667,Foxq1,Elf3,Gata3,Nfe2l2,1.86494252873563
Brain_Non.Myeloid__Bergmann.glial.cell,0.338983050847458,0.540540540540541,Tsc22d4,Sox9,Eno1,Tcf4,0.879523591387998
Brain_Non.Myeloid__Bergmann.glial.cell,0.575757575757576,0.513513513513513,Tsc22d4,Sox9,Eno1,Npas3,1.08927108927109
Brain_Non.Myeloid__Bergmann.glial.cell,0.238095238095238,0.540540540540541,Tsc22d4,Sox9,Nfia,Nfib,0.778635778635779
Brain_Non.Myeloid__oligodendrocyte,0.872727272727273,0.8,Olig1,Nkx6.2,Sox10,Klf13,1.67272727272727
Brain_Non.Myeloid__oligodendrocyte,0.857142857142857,0.8,Olig1,Nkx6.2,Tsc22d4,Klf13,1.65714285714286
Brain_Non.Myeloid__oligodendrocyte,0.576470588235294,0.816666666666667,Olig1,Tsc22d4,Sox10,Klf13,1.39313725490196
Brain_Non.Myeloid__neuron,0.22,0.366666666666667,Purb,Camta1,Tcf25,Ctbp1,0.586666666666667
Brain_Non.Myeloid__neuron,0.857142857142857,0.3,Myt1l,Fbxw7,Purb,Tcf25,1.15714285714286
Brain_Non.Myeloid__neuron,0.655172413793103,0.316666666666667,Ndn,Fbxw7,Purb,Tcf25,0.97183908045977
Brain_Non.Myeloid__oligodendrocyte.precursor.cell,0.814285714285714,0.95,Olig1,Olig2,Tsc22d1,Tcf4,1.76428571428571
Brain_Non.Myeloid__oligodendrocyte.precursor.cell,0.848484848484849,0.933333333333333,Olig1,Olig2,Sox10,Tsc22d1,1.78181818181818
Brain_Non.Myeloid__oligodendrocyte.precursor.cell,0.963636363636364,0.883333333333333,Olig1,Olig2,Kcnip3,Tsc22d1,1.8469696969697
Brain_Non.Myeloid__astrocyte.of.the.cerebral.cortex,0.406779661016949,0.4,Tsc22d4,Sox9,Tcf4,Eno1,0.806779661016949
Brain_Non.Myeloid__astrocyte.of.the.cerebral.cortex,0.363636363636364,0.4,Tsc22d4,Sox9,Tcf4,Nfia,0.763636363636364
Brain_Non.Myeloid__astrocyte.of.the.cerebral.cortex,0.611111111111111,0.366666666666667,Tsc22d4,Sox9,Sox2,Eno1,0.977777777777778
Brain_Non.Myeloid__endothelial.cell,0.155844155844156,0.8,Tsc22d1,Epas1,Ctnnb1,Tsc22d3,0.955844155844156
Brain_Non.Myeloid__endothelial.cell,0.777777777777778,0.7,Tsc22d1,Epas1,Foxq1,Tsc22d3,1.47777777777778
Brain_Non.Myeloid__endothelial.cell,0.666666666666667,0.7,Tsc22d1,Epas1,Ctnnb1,Foxq1,1.36666666666667
Brain_Non.Myeloid__brain.pericyte,0.473684210526316,0.6,Tsc22d1,Heyl,Epas1,Mef2c,1.07368421052632
Brain_Non.Myeloid__brain.pericyte,0.461538461538462,0.6,Tsc22d1,Myocd,Epas1,Mef2c,1.06153846153846
Brain_Non.Myeloid__brain.pericyte,0.614035087719298,0.583333333333333,Tsc22d1,Myocd,Epas1,Hes1,1.19736842105263
Brain_Myeloid__microglial.cell,0.191011235955056,0.283333333333333,Mafb,Irf5,Mef2c,Ncoa3,0.47434456928839
Brain_Myeloid__microglial.cell,0.333333333333333,0.25,Mafb,Maf,Mef2c,Bmyc,0.583333333333333
Brain_Myeloid__microglial.cell,0.272727272727273,0.25,Mafb,Mef2c,Ncoa3,Bmyc,0.522727272727273
Brain_Myeloid__macrophage,0.169811320754717,0.15,Irf5,Maf,Bmyc,Ncoa3,0.319811320754717
Brain_Myeloid__macrophage,0.140625,0.15,Irf5,Mafb,Bmyc,Ncoa3,0.290625
Brain_Myeloid__macrophage,0.103448275862069,0.15,Irf5,Bmyc,Cbfa2t3,Ncoa3,0.253448275862069
Large_Intestine__epithelial.cell.of.large.intestine,0.427184466019417,0.733333333333333,Elf3,Cdx1,Klf5,Nfe2l2,1.16051779935275
Large_Intestine__epithelial.cell.of.large.intestine,0.477777777777778,0.716666666666667,Elf3,Cdx1,Ehf,Nfe2l2,1.19444444444444
Large_Intestine__epithelial.cell.of.large.intestine,0.37719298245614,0.716666666666667,Elf3,Cdx1,Klf5,Ehf,1.09385964912281
Large_Intestine__enterocyte.of.epithelium.of.large.intestine,0.666666666666667,0.566666666666667,Mxd1,Tcf7l2,Vdr,Klf5,1.23333333333333
Large_Intestine__enterocyte.of.epithelium.of.large.intestine,0.785714285714286,0.55,Mxd1,Hnf4a,Tcf7l2,Vdr,1.33571428571429
Large_Intestine__enterocyte.of.epithelium.of.large.intestine,0.523076923076923,0.566666666666667,Hnf4a,Tcf7l2,Vdr,Klf5,1.08974358974359
Large_Intestine__large.intestine.goblet.cell,0.865384615384615,0.75,Spdef,Cdx1,Klf5,Tsc22d1,1.61538461538462
Large_Intestine__large.intestine.goblet.cell,0.862745098039216,0.733333333333333,Spdef,Cdx1,Klf5,Xbp1,1.59607843137255
Large_Intestine__large.intestine.goblet.cell,0.862745098039216,0.733333333333333,Spdef,Cdx1,Tsc22d1,Xbp1,1.59607843137255
Large_Intestine__Brush.cell.of.epithelium.proper.of.large.intestine,1,0.3,Ehf,Cdx1,Sox9,Spib,1.3
Large_Intestine__Brush.cell.of.epithelium.proper.of.large.intestine,1,0.2,Cdx1,Sox9,Elf3,Spib,1.2
Large_Intestine__Brush.cell.of.epithelium.proper.of.large.intestine,1,0.166666666666667,Ehf,Cdx1,St18,Spib,1.16666666666667
Large_Intestine__enteroendocrine.cell,1,0.23728813559322,Neurod1,Elf3,Cdx1,Ehf,1.23728813559322
Large_Intestine__enteroendocrine.cell,1,0.23728813559322,Neurod1,Elf3,Insm1,Sox4,1.23728813559322
Large_Intestine__enteroendocrine.cell,0.933333333333333,0.23728813559322,Neurod1,Elf3,Klf5,Ehf,1.17062146892655
Fat__myeloid.cell,0.101910828025478,0.266666666666667,Irf5,Mafb,Nfe2l2,Sub1,0.368577494692144
Fat__myeloid.cell,0.118181818181818,0.216666666666667,Irf5,Ets2,Nfe2l2,Sub1,0.334848484848485
Fat__myeloid.cell,0.1015625,0.216666666666667,Irf5,Nfe2l2,Rbpj,Sub1,0.318229166666667
Fat__T.cell,0.0357941834451902,0.533333333333333,Ets1,Tsc22d3,Klf13,Sub1,0.569127516778523
Fat__T.cell,0.078125,0.5,Tcf7,Ets1,Klf13,Sub1,0.578125
Fat__T.cell,0.0353356890459364,0.5,Ets1,Elf1,Klf13,Sub1,0.535335689045936
Fat__B.cell,0.138075313807531,0.55,Rel,Tsc22d3,Ets1,Sub1,0.688075313807531
Fat__B.cell,0.0474074074074074,0.533333333333333,Tsc22d3,Ets1,Sub1,Foxp1,0.580740740740741
Fat__B.cell,0.108771929824561,0.516666666666667,Rel,Tsc22d3,Sub1,Foxp1,0.625438596491228
Fat__mesenchymal.stem.cell.of.adipose,0.162878787878788,0.716666666666667,Aebp1,Nfia,Nfib,Xbp1,0.879545454545455
Fat__mesenchymal.stem.cell.of.adipose,0.25,0.683333333333333,Aebp1,Ndn,Nfib,Xbp1,0.933333333333333
Fat__mesenchymal.stem.cell.of.adipose,0.165178571428571,0.616666666666667,Aebp1,Zbtb20,Nfib,Xbp1,0.781845238095238
Fat__endothelial.cell,0.0642458100558659,0.383333333333333,Tsc22d1,Epas1,Tcf4,Ctnnb1,0.447579143389199
Fat__endothelial.cell,0.0745762711864407,0.366666666666667,Id1,Tsc22d1,Epas1,Tcf4,0.441242937853107
Fat__endothelial.cell,0.16030534351145,0.35,Tcf15,Id1,Tsc22d1,Tcf4,0.51030534351145
Fat__X,0.866666666666667,0.216666666666667,Gata3,Sox9,Esr1,Trps1,1.08333333333333
Fat__X,0.538461538461538,0.233333333333333,Gata3,Sox9,Tbx3,Trps1,0.771794871794872
Fat__X,0.684210526315789,0.216666666666667,Gata3,Sox9,Foxa1,Trps1,0.900877192982456
Fat__natural.killer.cell,0.207547169811321,0.55,Mxd1,Tsc22d3,Ets1,Hmgb2,0.757547169811321
Fat__natural.killer.cell,0.295238095238095,0.516666666666667,Nr4a2,Tsc22d3,Ets1,Hmgb2,0.811904761904762
Fat__natural.killer.cell,0.221428571428571,0.516666666666667,Tbx21,Tsc22d3,Ets1,Hmgb2,0.738095238095238
Heart__fibroblast,0.306306306306306,0.566666666666667,Nfia,Tcf21,Tsc22d3,Xbp1,0.872972972972973
Heart__fibroblast,0.0835322195704057,0.583333333333333,Nfia,Nfib,Tsc22d3,Xbp1,0.666865552903739
Heart__fibroblast,0.0821256038647343,0.566666666666667,Nfia,Nfib,Tsc22d3,Tcf4,0.648792270531401
Heart__endothelial.cell,0.271844660194175,0.466666666666667,Sox18,Tcf15,Tcf4,Ets1,0.738511326860841
Heart__endothelial.cell,0.18,0.45,Tcf15,Tcf4,Epas1,Ets1,0.63
Heart__endothelial.cell,0.170886075949367,0.45,Tcf4,Epas1,Elk3,Fli1,0.620886075949367
Heart__myofibroblast.cell,0.636363636363636,0.583333333333333,Heyl,Tcf4,Epas1,Cbfa2t3,1.21969696969697
Heart__myofibroblast.cell,0.62962962962963,0.566666666666667,Heyl,Nr2f2,Tcf4,Cbfa2t3,1.1962962962963
Heart__myofibroblast.cell,0.299145299145299,0.583333333333333,Nr2f2,Tcf4,Epas1,Cbfa2t3,0.882478632478632
Heart__endocardial.cell,0.12779552715655,0.666666666666667,Nfia,Nfib,Tsc22d3,Foxp1,0.794462193823216
Heart__endocardial.cell,0.216374269005848,0.616666666666667,Nr2f2,Nfia,Nfib,Foxp1,0.833040935672515
Heart__endocardial.cell,0.204419889502762,0.616666666666667,Nr2f2,Tsc22d1,Nfib,Foxp1,0.821086556169429
Heart__leukocyte,0.267326732673267,0.45,Mafb,Irf5,Tsc22d3,Maf,0.717326732673267
Heart__leukocyte,0.3,0.4,Mafb,Irf5,Tsc22d3,Rbpj,0.7
Heart__leukocyte,0.228571428571429,0.4,Mafb,Tsc22d3,Maf,Nfe2l2,0.628571428571429
Heart__smooth.muscle.cell,0.122137404580153,0.761904761904762,Nr2f2,Tsc22d1,Epas1,Hnrnpk,0.884042166484915
Heart__smooth.muscle.cell,0.18562874251497,0.738095238095238,Nr2f2,Mef2c,Tsc22d1,Hnrnpk,0.923723980610208
Heart__smooth.muscle.cell,0.388888888888889,0.666666666666667,Nr2f2,Tsc22d1,Myocd,Hnrnpk,1.05555555555556
Heart__cardiac.muscle.cell,0.146153846153846,0.633333333333333,Chchd3,Phb,Pttg1,Tsc22d1,0.779487179487179
Heart__cardiac.muscle.cell,0.193370165745856,0.583333333333333,Phb,Pttg1,Tsc22d1,Zbtb20,0.77670349907919
Heart__cardiac.muscle.cell,0.653061224489796,0.533333333333333,Chchd3,Myocd,Pttg1,Tsc22d1,1.18639455782313
Heart__cardiac.neuron,0.5,0.428571428571429,Sox10,Srebf1,Foxo1,Notch1,0.928571428571429
Heart__cardiac.neuron,0.4,0.428571428571429,Sox10,Foxo1,Notch1,Nfia,0.828571428571429
Heart__cardiac.neuron,1,0.357142857142857,Rxrg,Sox10,Foxo1,Notch1,1.35714285714286
Heart__professional.antigen.presenting.cell,0.40625,0.220338983050847,Relb,Etv3,Cbfa2t3,Sub1,0.626588983050847
Heart__professional.antigen.presenting.cell,0.206349206349206,0.220338983050847,Irf5,Batf3,Cbfa2t3,Sub1,0.426688189400054
Heart__professional.antigen.presenting.cell,0.19672131147541,0.203389830508475,Relb,Irf5,Cbfa2t3,Sub1,0.400111141983884
Kidney__epithelial.cell.of.proximal.tubule,1,0.0333333333333333,Hnf4a,Hnf1b,Nr1h4,Maf,1.03333333333333
Kidney__epithelial.cell.of.proximal.tubule,1,0.0333333333333333,Hnf4a,Hnf1b,Maf,Esrra,1.03333333333333
Kidney__epithelial.cell.of.proximal.tubule,1,0.0333333333333333,Hnf1b,Nr1h4,Maf,Esrra,1.03333333333333
Kidney__endothelial.cell,0.126506024096386,0.35,Pbx1,Ncoa3,Tsc22d1,Tcf4,0.476506024096386
Kidney__endothelial.cell,0.25974025974026,0.333333333333333,Pbx1,Tsc22d1,Elk3,Tcf4,0.593073593073593
Kidney__endothelial.cell,0.196078431372549,0.333333333333333,Pbx1,Ncoa3,Tsc22d1,Epas1,0.529411764705882
Kidney__macrophage,0.09375,0.243243243243243,Mafb,Irf5,Nfe2l2,Cited2,0.336993243243243
Kidney__macrophage,0.163265306122449,0.216216216216216,Irf5,Nfe2l2,Zeb2,Maf,0.379481522338665
Kidney__macrophage,0.137931034482759,0.216216216216216,Mafb,Irf5,Runx1,Cited2,0.354147250698975
Kidney__natural.killer.cell,0,0,Ets1,Tbx21,Fli1,Satb1,0
Kidney__natural.killer.cell,0,0,Ets1,Tbx21,Fli1,Txk,0
Kidney__natural.killer.cell,0,0,Ets1,Tbx21,Satb1,Txk,0
Liver__natural.killer.cell,0.0514705882352941,0.358974358974359,Stat1,Ets1,Eno1,Elf1,0.410444947209653
Liver__natural.killer.cell,0.122641509433962,0.333333333333333,Bcl11b,Lrrfip1,Ets1,Eno1,0.455974842767296
Liver__natural.killer.cell,0.0948905109489051,0.333333333333333,Bcl11b,Ets1,Eno1,Elf1,0.428223844282238
Liver__hepatocyte,1,0.516666666666667,Creb3l3,Klf15,Hnf4a,Chchd3,1.51666666666667
Liver__hepatocyte,1,0.466666666666667,Creb3l3,Hnf4a,Nr1h3,Chchd3,1.46666666666667
Liver__hepatocyte,1,0.466666666666667,Klf15,Hnf4a,Nr1h3,Chchd3,1.46666666666667
Liver__Kupffer.cell,0.5625,0.15,Nr1h3,Irf7,Tcf7l2,Stat1,0.7125
Liver__Kupffer.cell,0.615384615384615,0.133333333333333,Nr1h3,Tcf7l2,Mafb,Maf,0.748717948717949
Liver__Kupffer.cell,0.375,0.15,Irf7,Tcf7l2,Mafb,Stat1,0.525
Liver__endothelial.cell.of.hepatic.sinusoid,0.744186046511628,0.533333333333333,Maf,Epas1,Ncoa3,Ets1,1.27751937984496
Liver__endothelial.cell.of.hepatic.sinusoid,0.492307692307692,0.533333333333333,Maf,Notch1,Ncoa3,Ets1,1.02564102564103
Liver__endothelial.cell.of.hepatic.sinusoid,0.783783783783784,0.483333333333333,Maf,Epas1,Notch1,Ets1,1.26711711711712
Liver__B.cell,0.0610328638497653,0.317073170731707,Tsc22d3,Foxp1,Ets1,Irf2,0.378106034581473
Liver__B.cell,0.0548523206751055,0.317073170731707,Tsc22d3,Foxp1,Ets1,Ikzf3,0.371925491406813
Liver__B.cell,0.0481927710843374,0.292682926829268,Tsc22d3,Hhex,Foxp1,Ets1,0.340875697913606
Lung__stromal.cell,0.0596658711217184,0.416666666666667,Nfib,Tsc22d3,Nfia,Xbp1,0.476332537788385
Lung__stromal.cell,0.0710059171597633,0.4,Nfib,Zbtb20,Tsc22d3,Xbp1,0.471005917159763
Lung__stromal.cell,0.194690265486726,0.366666666666667,Tcf21,Nfib,Tsc22d3,Xbp1,0.561356932153392
Lung__epithelial.cell.of.lung,0.972972972972973,0.6,Etv5,Nkx2.1,Ctnnb1,Tsc22d1,1.57297297297297
Lung__epithelial.cell.of.lung,1,0.5,Etv5,Nkx2.1,Tfcp2l1,Ctnnb1,1.5
Lung__epithelial.cell.of.lung,0.584905660377358,0.516666666666667,Etv5,Tfcp2l1,Ctnnb1,Tsc22d1,1.10157232704403
Lung__lung.endothelial.cell,0.173913043478261,0.533333333333333,Epas1,Sox18,Foxp1,Nfib,0.707246376811594
Lung__lung.endothelial.cell,0.161616161616162,0.533333333333333,Epas1,Sox18,Foxp1,Tcf4,0.694949494949495
Lung__lung.endothelial.cell,0.171428571428571,0.5,Epas1,Sox18,Id1,Foxp1,0.671428571428571
Lung__B.cell,0.0728929384965831,0.56140350877193,Tsc22d3,Foxp1,Ncoa3,Ets1,0.634296447268513
Lung__B.cell,0.0783699059561129,0.43859649122807,Tsc22d3,Foxp1,Mef2c,Ets1,0.516966397184183
Lung__B.cell,0.0958333333333333,0.403508771929825,Spib,Tsc22d3,Foxp1,Ets1,0.499342105263158
Lung__leukocyte,0.133333333333333,0.228571428571429,Mxd1,Nfil3,Ets2,Tsc22d3,0.361904761904762
Lung__leukocyte,0.111111111111111,0.228571428571429,Mxd1,Ets2,Tsc22d3,Hmgb2,0.33968253968254
Lung__leukocyte,0.35,0.2,Mxd1,Ets2,Nfe2,Tsc22d3,0.55
Lung__monocyte,0.127272727272727,0.35,Irf5,Nfil3,Klf13,Lrrfip1,0.477272727272727
Lung__monocyte,0.41304347826087,0.316666666666667,Irf5,Nfil3,Klf13,Pou2f2,0.729710144927536
Lung__monocyte,0.322033898305085,0.316666666666667,Irf5,Klf13,Cbfa2t3,Tcf7l2,0.638700564971751
Lung__T.cell,0.115384615384615,0.679245283018868,Tcf7,Ets1,Klf13,Tsc22d3,0.794629898403483
Lung__T.cell,0.0441558441558442,0.641509433962264,Ets1,Klf13,Tsc22d3,Foxp1,0.685665278118108
Lung__T.cell,0.118773946360153,0.584905660377358,Ets1,Lef1,Klf13,Tsc22d3,0.703679606737512
Lung__classical.monocyte,0.0970464135021097,0.766666666666667,Irf5,Klf13,Eno1,Sub1,0.863713080168776
Lung__classical.monocyte,0.0376681614349776,0.7,Klf13,Xbp1,Eno1,Sub1,0.737668161434977
Lung__classical.monocyte,0.120588235294118,0.683333333333333,Irf5,Klf13,Xbp1,Eno1,0.803921568627451
Lung__ciliated.columnar.cell.of.tracheobronchial.tree,0.0498533724340176,0.68,Ctnnb1,Tsc22d1,Pttg1,Nfe2l2,0.729853372434018
Lung__ciliated.columnar.cell.of.tracheobronchial.tree,0.037117903930131,0.68,Ctnnb1,Tsc22d1,Nfe2l2,Med1,0.717117903930131
Lung__ciliated.columnar.cell.of.tracheobronchial.tree,0.0677966101694915,0.64,Tsc22d1,Pttg1,Nfe2l2,Med1,0.707796610169492
Lung__myeloid.cell,0.197802197802198,0.6,Irf5,Cbfa2t3,Sub1,Ncoa3,0.797802197802198
Lung__myeloid.cell,0.139175257731959,0.45,Irf5,Cbfa2t3,Sub1,Taf10,0.589175257731959
Lung__myeloid.cell,0.242424242424242,0.4,Irf5,Cbfa2t3,Sub1,Rbpj,0.642424242424242
Lung__natural.killer.cell,0.0398936170212766,0.405405405405405,Klf13,Tsc22d3,Hmgb2,Satb1,0.445299022426682
Lung__natural.killer.cell,0.034324942791762,0.405405405405405,Klf13,Ets1,Tsc22d3,Satb1,0.439730348197167
Lung__natural.killer.cell,0.0258175559380379,0.405405405405405,Klf13,Ets1,Tsc22d3,Hmgb2,0.431222961343443
Mammary_Gland__luminal.epithelial.cell.of.mammary.gland,0.177474402730375,0.866666666666667,Sox9,Tgif1,Hnrnpab,Hnrnpk,1.04414106939704
Mammary_Gland__luminal.epithelial.cell.of.mammary.gland,0.116504854368932,0.8,Sox9,Nfib,Hnrnpab,Hnrnpk,0.916504854368932
Mammary_Gland__luminal.epithelial.cell.of.mammary.gland,0.18359375,0.783333333333333,Sox9,Ets2,Hnrnpab,Hnrnpk,0.966927083333333
Mammary_Gland__basal.cell,0.0571715145436309,0.95,Hnrnpab,Nfib,Cnbp,Sub1,1.00717151454363
Mammary_Gland__basal.cell,0.133016627078385,0.933333333333333,Fosl1,Hnrnpab,Cnbp,Sub1,1.06634996041172
Mammary_Gland__basal.cell,0.0215384615384615,0.933333333333333,Hnrnpab,Cnbp,Klf13,Sub1,0.954871794871795
Mammary_Gland__stromal.cell,0.427184466019417,0.733333333333333,Ifi205,Aebp1,Ifi204,Nfia,1.16051779935275
Mammary_Gland__stromal.cell,0.325396825396825,0.683333333333333,Ifi205,Aebp1,Nfia,Tcf4,1.00873015873016
Mammary_Gland__stromal.cell,0.298507462686567,0.666666666666667,Ifi205,Aebp1,Nfia,Xbp1,0.965174129353234
Mammary_Gland__endothelial.cell,0.105263157894737,0.51063829787234,Nfe2l2,Epas1,Tsc22d1,Notch1,0.615901455767077
Mammary_Gland__endothelial.cell,0.0895522388059701,0.51063829787234,Nfe2l2,Tsc22d1,Tcf4,Ets1,0.600190536678311
Mammary_Gland__endothelial.cell,0.182539682539683,0.48936170212766,Nfe2l2,Epas1,Notch1,Lrrfip1,0.671901384667342
Marrow__immature.B.cell,0.258064516129032,0.4,Spib,Foxp1,Tcf3,Ikzf3,0.658064516129032
Marrow__immature.B.cell,0.242105263157895,0.383333333333333,Spib,Bcl11a,Foxp1,Foxo1,0.625438596491228
Marrow__immature.B.cell,0.201754385964912,0.383333333333333,Spib,Foxp1,Ikzf3,Foxo1,0.585087719298246
Marrow__late.pro.B.cell,0.106060606060606,0.933333333333333,Hmgb2,Tcf3,Hdgf,Hnrnpk,1.03939393939394
Marrow__late.pro.B.cell,0.0665873959571938,0.933333333333333,Hmgb2,Hdgf,Hnrnpk,Elf1,0.999920729290527
Marrow__late.pro.B.cell,0.0590717299578059,0.933333333333333,Hmgb2,Hdgf,Hnrnpk,Ctbp1,0.992405063291139
Marrow__pro.B.cell,0.448979591836735,0.733333333333333,Spib,Sox4,Foxp1,Foxo1,1.18231292517007
Marrow__pro.B.cell,0.442105263157895,0.7,Spib,Ebf1,Sox4,Foxp1,1.14210526315789
Marrow__pro.B.cell,0.481927710843373,0.666666666666667,Spib,Ebf1,Sox4,Foxo1,1.14859437751004
Marrow__macrophage,0.857142857142857,0.8,Runx2,Tcf4,Bcl11a,Spib,1.65714285714286
Marrow__macrophage,0.857142857142857,0.8,Runx2,Tcf4,Spib,Tsc22d1,1.65714285714286
Marrow__macrophage,0.830188679245283,0.733333333333333,Runx2,Tcf4,Spib,Mef2c,1.56352201257862
Marrow__naive.B.cell,0.0909090909090909,0.483333333333333,Mef2c,Ets1,Foxp1,Tsc22d3,0.574242424242424
Marrow__naive.B.cell,0.116666666666667,0.466666666666667,Spib,Ets1,Foxp1,Tsc22d3,0.583333333333333
Marrow__naive.B.cell,0.154285714285714,0.45,Spib,Mef2c,Foxp1,Tsc22d3,0.604285714285714
Marrow__granulocyte,0.363636363636364,0.333333333333333,Mxd1,Nfe2,Hmgb2,Max,0.696969696969697
Marrow__granulocyte,0.350877192982456,0.333333333333333,Mxd1,Nfe2,Hmgb2,Lrrfip1,0.684210526315789
Marrow__granulocyte,0.25,0.333333333333333,Mxd1,Hmgb2,Lrrfip1,Hhex,0.583333333333333
Marrow__monocyte,0.087378640776699,0.6,Irf5,Hmgb2,Klf13,Sub1,0.687378640776699
Marrow__monocyte,0.0759493670886076,0.6,Irf5,Klf13,Sub1,Eno1,0.675949367088608
Marrow__monocyte,0.0292921074043938,0.6,Hmgb2,Klf13,Sub1,Eno1,0.629292107404394
Marrow__immature.T.cell,0.131818181818182,0.483333333333333,Tcf7,Ets1,Satb1,Foxp1,0.615151515151515
Marrow__immature.T.cell,0.144329896907216,0.466666666666667,Tcf7,Lef1,Ets1,Foxp1,0.610996563573883
Marrow__immature.T.cell,0.133663366336634,0.45,Tcf7,Lef1,Ets1,Satb1,0.583663366336634
Marrow__mature.natural.killer.cell,0.244047619047619,0.836734693877551,Eomes,Ets1,Sub1,Hnrnpk,1.08078231292517
Marrow__mature.natural.killer.cell,0.0459363957597173,0.795918367346939,Ets1,Sub1,Elf1,Hnrnpk,0.841854763106656
Marrow__mature.natural.killer.cell,0.0451911935110081,0.795918367346939,Ets1,Sub1,Hnrnpk,Eno1,0.841109560857947
Marrow__B.cell,0.0412946428571429,0.840909090909091,Ets1,Foxp1,Sub1,Klf13,0.882203733766234
Marrow__B.cell,0.0424028268551237,0.818181818181818,Ets1,Sub1,Elf1,Klf13,0.860584645036942
Marrow__B.cell,0.0495626822157434,0.772727272727273,Ets1,Foxp1,Elf1,Klf13,0.822289954943016
Marrow__immature.natural.killer.cell,0.0305810397553517,0.555555555555556,Lrrfip1,Ets1,Sub1,Klf13,0.586136595310907
Marrow__immature.natural.killer.cell,0.0659722222222222,0.527777777777778,Txk,Ets1,Sub1,Klf13,0.59375
Marrow__immature.natural.killer.cell,0.0903954802259887,0.444444444444444,Txk,Lrrfip1,Ets1,Klf13,0.534839924670433
Marrow__immature.NK.T.cell,0.0718390804597701,0.675675675675676,Tcf7,Ets1,Eno1,Cnbp,0.747514756135446
Marrow__immature.NK.T.cell,0.091254752851711,0.648648648648649,Tcf7,Ets1,Trp53,Cnbp,0.73990340150036
Marrow__immature.NK.T.cell,0.0879120879120879,0.648648648648649,Tcf7,Trp53,Eno1,Cnbp,0.736560736560737
Marrow__basophil,0.511111111111111,0.92,Gata2,Cebpa,Ets1,Ncor1,1.43111111111111
Marrow__basophil,0.594594594594595,0.88,Gata2,Cebpa,Ets1,Hmgb2,1.47459459459459
Marrow__basophil,0.75,0.84,Gata2,Cebpa,Klhl6,Ets1,1.59
Marrow__regulatory.T.cell,0.161290322580645,0.37037037037037,Ikzf2,Gata3,Ets1,Rela,0.531660692951015
Marrow__regulatory.T.cell,0.375,0.333333333333333,Ikzf2,Gata3,Ets1,Maf,0.708333333333333
Marrow__regulatory.T.cell,0.346153846153846,0.333333333333333,Ikzf2,Foxp3,Gata3,Ets1,0.67948717948718
Marrow__pre.natural.killer.cell,0.0310296191819464,1,Hmgb2,Hnrnpab,Ets1,Sub1,1.03102961918195
Marrow__pre.natural.killer.cell,0.0294906166219839,1,Hmgb2,Hnrnpab,Ets1,Hnrnpk,1.02949061662198
Marrow__pre.natural.killer.cell,0.0286831812255541,1,Hmgb2,Ets1,Sub1,Hnrnpk,1.02868318122555
Marrow__Slamf1.positive.multipotent.progenitor.cell,0.120967741935484,1,Lmo2,Hnrnpab,Hmgb2,Pcbp1,1.12096774193548
Marrow__Slamf1.positive.multipotent.progenitor.cell,0.116731517509728,1,Lmo2,Hnrnpab,Hmgb2,Hnrnpk,1.11673151750973
Marrow__Slamf1.positive.multipotent.progenitor.cell,0.115163147792706,1,Lmo2,Hnrnpab,Hmgb2,Cnbp,1.11516314779271
Marrow__hematopoietic.precursor.cell,0.0740740740740741,0.833333333333333,Lmo2,Pcbp1,Hnrnpab,Sub1,0.907407407407407
Marrow__hematopoietic.precursor.cell,0.0282112845138055,0.783333333333333,Pcbp1,Taf9,Hnrnpab,Sub1,0.811544617847139
Marrow__hematopoietic.precursor.cell,0.116751269035533,0.766666666666667,Nfe2,Pcbp1,Hnrnpab,Sub1,0.8834179357022
Marrow__granulocyte.monocyte.progenitor.cell,0.0485044462409054,1,Hmgb2,Hdgf,Pcbp1,Hnrnpk,1.04850444624091
Marrow__granulocyte.monocyte.progenitor.cell,0.0498310810810811,0.983333333333333,Hmgb2,Hnrnpab,Hdgf,Pcbp1,1.03316441441441
Marrow__granulocyte.monocyte.progenitor.cell,0.048559670781893,0.983333333333333,Hmgb2,Hnrnpab,Hdgf,Hnrnpk,1.03189300411523
Marrow__Slamf1.negative.multipotent.progenitor.cell,0.0743589743589744,0.966666666666667,Lmo2,Pcbp1,Hnrnpab,Cnbp,1.04102564102564
Marrow__Slamf1.negative.multipotent.progenitor.cell,0.172413793103448,0.916666666666667,Lmo2,Nfe2,Hnrnpab,Cnbp,1.08908045977011
Marrow__Slamf1.negative.multipotent.progenitor.cell,0.151098901098901,0.916666666666667,Lmo2,Sox4,Hnrnpab,Cnbp,1.06776556776557
Marrow__common.lymphoid.progenitor,0.313829787234043,0.983333333333333,Hmgb2,Lyl1,Sox4,Nucks1,1.29716312056738
Marrow__common.lymphoid.progenitor,0.145985401459854,1,Hmgb2,Sox4,Nucks1,Hnrnpk,1.14598540145985
Marrow__common.lymphoid.progenitor,0.297979797979798,0.983333333333333,Lyl1,Sox4,Nucks1,Hnrnpk,1.28131313131313
Marrow__megakaryocyte.erythroid.progenitor.cell,0.0263029712615684,0.981818181818182,Hdgf,Hnrnpab,Pcbp1,Cnbp,1.00812115307975
Marrow__megakaryocyte.erythroid.progenitor.cell,0.0251865671641791,0.981818181818182,Hdgf,Hnrnpab,Cnbp,Hnrnpk,1.00700474898236
Marrow__megakaryocyte.erythroid.progenitor.cell,0.0261599210266535,0.963636363636364,Hdgf,Hnrnpab,Pcbp1,Hnrnpk,0.989796284663017
Limb_Muscle__mesenchymal.stem.cell,0.255813953488372,0.55,Ifi205,Nfia,Nfib,Tcf4,0.805813953488372
Limb_Muscle__mesenchymal.stem.cell,0.254098360655738,0.516666666666667,Ifi205,Nfia,Zbtb20,Nfib,0.770765027322404
Limb_Muscle__mesenchymal.stem.cell,0.285714285714286,0.5,Ifi205,Zbtb20,Nfib,Tcf4,0.785714285714286
Limb_Muscle__skeletal.muscle.satellite.cell,0.122047244094488,0.516666666666667,Tgif1,Xbp1,Arid5b,Rela,0.638713910761155
Limb_Muscle__skeletal.muscle.satellite.cell,0.194630872483221,0.483333333333333,Tgif1,Xbp1,Arid5b,Runx1,0.677964205816555
Limb_Muscle__skeletal.muscle.satellite.cell,0.166666666666667,0.466666666666667,Tgif1,Xbp1,Arid5b,Fosl1,0.633333333333333
Limb_Muscle__endothelial.cell,0.197674418604651,0.283333333333333,Sox17,Id1,Nfe2l2,Tcf4,0.481007751937985
Limb_Muscle__endothelial.cell,0.333333333333333,0.266666666666667,Sox17,Id1,Nfe2l2,Bcl3,0.6
Limb_Muscle__endothelial.cell,0.307692307692308,0.266666666666667,Sox17,Id1,Bcl3,Tcf4,0.574358974358974
Limb_Muscle__B.cell,0.167567567567568,0.516666666666667,Mef2c,Rel,Foxp1,Pcbp1,0.684234234234234
Limb_Muscle__B.cell,0.319148936170213,0.5,Mef2c,Satb1,Rel,Pcbp1,0.819148936170213
Limb_Muscle__B.cell,0.217391304347826,0.5,Mef2c,Rel,Ets1,Pcbp1,0.717391304347826
Limb_Muscle__macrophage,0.132530120481928,0.366666666666667,Bcl3,Nfe2l2,Bach1,Sub1,0.499196787148594
Limb_Muscle__macrophage,0.190909090909091,0.35,Batf,Bcl3,Nfe2l2,Sub1,0.540909090909091
Limb_Muscle__macrophage,0.395833333333333,0.316666666666667,Batf,Bcl3,Nfe2l2,Bach1,0.7125
Limb_Muscle__T.cell,0.0444015444015444,0.657142857142857,Ets1,Satb1,Cnbp,Sub1,0.701544401544402
Limb_Muscle__T.cell,0.0574412532637076,0.628571428571429,Crem,Ets1,Cnbp,Sub1,0.686012681835136
Limb_Muscle__T.cell,0.0493506493506494,0.542857142857143,Tcf7,Ets1,Cnbp,Sub1,0.592207792207792
Limb_Muscle__skeletal.muscle.satellite.stem.cell,0.536585365853659,0.366666666666667,Tgif1,Myf5,Nfib,Nfia,0.903252032520325
Limb_Muscle__skeletal.muscle.satellite.stem.cell,0.11340206185567,0.366666666666667,Tgif1,Bcl3,Nfib,Nfia,0.480068728522337
Limb_Muscle__skeletal.muscle.satellite.stem.cell,0.0969162995594714,0.366666666666667,Tgif1,Arid5b,Nfib,Nfia,0.463582966226138
Limb_Muscle__lymphocyte,0.0916666666666667,0.366666666666667,Crem,Sub1,Hmgb2,Ets1,0.458333333333333
Limb_Muscle__lymphocyte,0.0905349794238683,0.366666666666667,Crem,Sub1,Foxp1,Hmgb2,0.457201646090535
Limb_Muscle__lymphocyte,0.140845070422535,0.333333333333333,Crem,Sub1,Rel,Foxp1,0.474178403755869
Pancreas__endothelial.cell,0.120512820512821,0.783333333333333,Tsc22d1,Epas1,Tcf4,Nfib,0.903846153846154
Pancreas__endothelial.cell,0.189655172413793,0.733333333333333,Sox18,Tsc22d1,Epas1,Tcf4,0.922988505747126
Pancreas__endothelial.cell,0.120111731843575,0.716666666666667,Tsc22d1,Epas1,Notch1,Tcf4,0.836778398510242
Pancreas__leukocyte,0.195121951219512,0.30188679245283,Mafb,Irf5,Nfe2l2,Runx1,0.497008743672342
Pancreas__leukocyte,0.163265306122449,0.30188679245283,Mafb,Irf5,Cebpa,Nfe2l2,0.465152098575279
Pancreas__leukocyte,0.176470588235294,0.283018867924528,Mafb,Irf5,Nfe2l2,Zeb2,0.459489456159822
Pancreas__pancreatic.acinar.cell,1,0.15,Rbpjl,Bhlha15,Tead2,Klf15,1.15
Pancreas__pancreatic.acinar.cell,1,0.1,Rbpjl,Bhlha15,Klf15,Ptf1a,1.1
Pancreas__pancreatic.acinar.cell,1,0.0833333333333333,Rbpjl,Bhlha15,Tead2,Ptf1a,1.08333333333333
Pancreas__type.B.pancreatic.cell,0.336065573770492,0.683333333333333,Neurod1,Pax6,Xbp1,Ncor1,1.01939890710383
Pancreas__type.B.pancreatic.cell,0.425531914893617,0.666666666666667,Neurod1,Preb,Xbp1,Ncor1,1.09219858156028
Pancreas__type.B.pancreatic.cell,0.291970802919708,0.666666666666667,Isl1,Neurod1,Xbp1,Ncor1,0.958637469586375
Pancreas__pancreatic.stellate.cell,0.145038167938931,0.404255319148936,Aebp1,Ifi205,Nfib,Xbp1,0.549293487087867
Pancreas__pancreatic.stellate.cell,0.115853658536585,0.404255319148936,Aebp1,Ndn,Nfib,Xbp1,0.520108977685522
Pancreas__pancreatic.stellate.cell,0.146551724137931,0.361702127659574,Aebp1,Ndn,Ifi205,Xbp1,0.508253851797505
Pancreas__pancreatic.A.cell,0.895833333333333,0.716666666666667,Mafb,Isl1,Etv1,Neurod1,1.6125
Pancreas__pancreatic.A.cell,0.847826086956522,0.65,Mafb,Isl1,Etv1,Ndn,1.49782608695652
Pancreas__pancreatic.A.cell,0.880952380952381,0.616666666666667,Mafb,Etv1,Neurod1,Ndn,1.49761904761905
Pancreas__pancreatic.ductal.cell,1,0.75,Hhex,Sox9,Nfib,Eno1,1.75
Pancreas__pancreatic.ductal.cell,0.9,0.75,Hhex,Sox9,Ctnnb1,Eno1,1.65
Pancreas__pancreatic.ductal.cell,0.882352941176471,0.75,Hhex,Sox9,Ctnnb1,Nfib,1.63235294117647
Pancreas__pancreatic.D.cell,0.972222222222222,0.583333333333333,Isl1,Hhex,Etv1,Xbp1,1.55555555555556
Pancreas__pancreatic.D.cell,0.891891891891892,0.55,Isl1,Hhex,St18,Xbp1,1.44189189189189
Pancreas__pancreatic.D.cell,1,0.533333333333333,Isl1,Hhex,Neurog3,Xbp1,1.53333333333333
Pancreas__pancreatic.PP.cell,0.376237623762376,0.633333333333333,Etv1,Isl1,Ndn,Xbp1,1.00957095709571
Pancreas__pancreatic.PP.cell,0.362745098039216,0.616666666666667,Etv1,Isl1,Pax6,Xbp1,0.979411764705882
Pancreas__pancreatic.PP.cell,0.53030303030303,0.583333333333333,Etv1,Isl1,Arx,Xbp1,1.11363636363636
Skin__keratinocyte.stem.cell,0.894736842105263,0.566666666666667,Nfib,Tfap2b,Sox9,Lhx2,1.46140350877193
Skin__keratinocyte.stem.cell,0.430379746835443,0.566666666666667,Nfib,Tfap2b,Sox9,Ctnnb1,0.99704641350211
Skin__keratinocyte.stem.cell,0.885714285714286,0.516666666666667,Nfib,Tbx1,Tfap2b,Sox9,1.40238095238095
Skin__basal.cell.of.epidermis,0.267515923566879,0.7,Gata3,Trp63,Foxn3,Hdgf,0.967515923566879
Skin__basal.cell.of.epidermis,0.21875,0.7,Gata3,Klf5,Foxn3,Hdgf,0.91875
Skin__basal.cell.of.epidermis,0.299270072992701,0.683333333333333,Gata3,Trp63,Foxn3,Nfib,0.982603406326034
Skin__epidermal.cell,0.255208333333333,0.816666666666667,Gata3,Klf5,Foxn3,Hdgf,1.071875
Skin__epidermal.cell,0.385245901639344,0.783333333333333,Gata3,Klf5,Bcl11b,Hdgf,1.16857923497268
Skin__epidermal.cell,0.418181818181818,0.766666666666667,Gata3,Klf5,Bcl11b,Foxn3,1.18484848484848
Skin__stem.cell.of.epidermis,0.213114754098361,0.981132075471698,Hmgb2,Gata3,Nucks1,Hnrnpk,1.19424682957006
Skin__stem.cell.of.epidermis,0.277173913043478,0.962264150943396,Hmgb2,Gata3,Nucks1,Taf9,1.23943806398687
Skin__stem.cell.of.epidermis,0.0754716981132075,0.981132075471698,Hmgb2,Nucks1,Taf9,Hnrnpk,1.05660377358491
Skin__leukocyte,0.222222222222222,0.4,Tbx1,Nfil3,Cited2,Lrrfip1,0.622222222222222
Skin__leukocyte,0.166666666666667,0.4,Barx2,Nfil3,Cited2,Lrrfip1,0.566666666666667
Skin__leukocyte,0.153846153846154,0.4,Barx2,Trp63,Cited2,Lrrfip1,0.553846153846154
Spleen__T.cell,0.133663366336634,0.45,Tcf7,Lef1,Ets1,Satb1,0.583663366336634
Spleen__T.cell,0.225490196078431,0.383333333333333,Tcf7,Lef1,Bcl11b,Satb1,0.608823529411765
Spleen__T.cell,0.152173913043478,0.35,Tcf7,Ets1,Bcl11b,Satb1,0.502173913043478
Spleen__B.cell,0.0595611285266458,0.316666666666667,Mef2c,Ets1,Foxp1,Tsc22d3,0.376227795193312
Spleen__B.cell,0.157407407407407,0.283333333333333,Spib,Bcl11a,Ets1,Tsc22d3,0.440740740740741
Spleen__B.cell,0.101190476190476,0.283333333333333,Spib,Mef2c,Ets1,Foxp1,0.384523809523809
Spleen__macrophage,0.156862745098039,0.333333333333333,Tbx21,Txk,Ets1,Satb1,0.490196078431373
Spleen__macrophage,0.217391304347826,0.3125,Tbx21,Txk,Ets1,Nfatc1,0.529891304347826
Spleen__macrophage,0.162790697674419,0.291666666666667,Tbx21,Txk,Eomes,Ets1,0.454457364341085
Thymus__immature.T.cell,0.151315789473684,0.766666666666667,Tcf7,Satb1,Ets1,Klf13,0.917982456140351
Thymus__immature.T.cell,0.261194029850746,0.583333333333333,Tcf7,Satb1,Klf13,Tsc22d4,0.84452736318408
Thymus__immature.T.cell,0.246376811594203,0.566666666666667,Tcf7,Satb1,Bcl11b,Klf13,0.81304347826087
Thymus__DN1.thymic.pro.T.cell,0.053156146179402,0.5,Gata3,Ets1,Eno1,Sub1,0.553156146179402
Thymus__DN1.thymic.pro.T.cell,0.0864197530864197,0.4375,Stat1,Gata3,Ets1,Sub1,0.52391975308642
Thymus__DN1.thymic.pro.T.cell,0.0740740740740741,0.4375,Stat1,Gata3,Eno1,Sub1,0.511574074074074
Tongue__keratinocyte,0.45,0.9,Pitx1,Ctnnb1,Hdgf,Hnrnpab,1.35
Tongue__keratinocyte,0.0649651972157773,0.933333333333333,Ctnnb1,Pa2g4,Hdgf,Hnrnpab,0.998298530549111
Tongue__keratinocyte,0.563829787234043,0.883333333333333,Klf5,Pitx1,Zbtb7a,Hnrnpab,1.44716312056738
Tongue__basal.cell.of.epidermis,0.101576182136602,0.966666666666667,Klf5,Hdgf,Hnrnpab,Hnrnpk,1.06824284880327
Tongue__basal.cell.of.epidermis,0.47008547008547,0.916666666666667,Pax9,Klf5,Hnrnpab,Hnrnpk,1.38675213675214
Tongue__basal.cell.of.epidermis,0.486486486486487,0.9,Pax9,Klf5,Hdgf,Hnrnpab,1.38648648648649
Trachea__epithelial.cell,1,0.05,Elf3,Nkx2.1,Nfat5,Hes1,1.05
Trachea__epithelial.cell,0,0,Elf3,Nfat5,Hes1,Taf4b,0
Trachea__epithelial.cell,NA,0,Elf3,Nkx2.1,Nfat5,Taf4b,NA
Trachea__endothelial.cell,0.123745819397993,0.616666666666667,Epas1,Tcf4,Tsc22d1,Ets1,0.74041248606466
Trachea__endothelial.cell,0.0715667311411992,0.616666666666667,Nfib,Tcf4,Tsc22d1,Ctnnb1,0.688233397807866
Trachea__endothelial.cell,0.148148148148148,0.6,Epas1,Tcf4,Ctnnb1,Ets1,0.748148148148148
Trachea__blood.cell,0.0254237288135593,0.6,Lrrfip1,Sub1,Hnrnpab,Hnrnpk,0.625423728813559
Trachea__blood.cell,0.0540958268933539,0.583333333333333,Crem,Sub1,Hnrnpab,Hnrnpk,0.637429160226687
Trachea__blood.cell,0.0967741935483871,0.55,Crem,Lrrfip1,Sub1,Hnrnpk,0.646774193548387
Trachea__mesenchymal.cell,0.138036809815951,0.75,Zbtb20,Nfix,Nfib,Nfia,0.888036809815951
Trachea__mesenchymal.cell,0.123626373626374,0.75,Nfix,Nfib,Nfia,Tcf4,0.873626373626374
Trachea__mesenchymal.cell,0.157706093189964,0.733333333333333,Zbtb20,Nfix,Nfia,Tcf4,0.891039426523297
