p_val,avg_diff,pct.1,pct.2,cluster,gene,,Cell Type,,,,,,,
4.40E-137,0.785442022,0.736,0.437,1,Igkc,,B cell,,,,,,,
6.88E-18,0.458522633,0.237,0.142,1,Gzma,,,,,,,,,
2.00E-63,0.38053615,0.213,0.077,1,S100a8,,,,,,,,,
3.23E-18,0.358277776,0.264,0.209,1,Igha,,,,,,,,,
2.59E-119,0.835803271,0.822,0.584,2,Malat1,,DPT cell,,,,,,,
1.03E-71,0.830753446,0.57,0.304,2,Rag1,,,,,,,,,
2.66E-30,0.647666902,0.316,0.168,2,Gtf2h4,,,,,,,,,
1.74E-39,0.581913635,0.498,0.297,2,Ccr9,,,,,,,,,
1.33E-34,0.580541054,0.468,0.297,2,Cd4,,,,,,,,,
9.86E-33,0.574345386,0.407,0.254,2,Znrf1,,,,,,,,,
1.75E-22,0.537677316,0.195,0.108,2,Gm9835,,,,,,,,,
7.46E-16,0.519517373,0.18,0.088,2,Slc16a5,,,,,,,,,
2.47E-57,0.518446889,0.82,0.628,2,Cd8b1,,,,,,,,,
3.67E-37,0.514249701,0.559,0.38,2,Rmnd5a,,,,,,,,,
2.54E-34,0.508072798,0.521,0.371,2,Rsrp1,,,,,,,,,
1.45E-17,0.502222643,0.224,0.131,2,Klf13,,,,,,,,,
6.28E-46,0.501933102,0.708,0.51,2,Cd8a,,,,,,,,,
1.44E-22,0.498258542,0.304,0.193,2,Socs1,,,,,,,,,
1.39E-20,0.484458077,0.224,0.14,2,Sox4,,,,,,,,,
1.56E-50,0.482921655,0.75,0.568,2,Satb1,,,,,,,,,
1.06E-22,0.480340434,0.273,0.166,2,Rag2,,,,,,,,,
7.09E-13,0.476375013,0.189,0.108,2,Lpar6,,,,,,,,,
4.41E-15,0.471694725,0.217,0.13,2,Nabp1,,,,,,,,,
1.03E-32,0.464937201,0.582,0.409,2,Gmfg,,,,,,,,,
1.66E-23,0.450580405,0.456,0.312,2,Arl5c,,,,,,,,,
8.71E-27,0.444618203,0.536,0.393,2,Endou,,,,,,,,,
1.21E-18,0.436254478,0.231,0.151,2,Hdac7,,,,,,,,,
1.06E-17,0.435203096,0.253,0.167,2,Mir142hg,,,,,,,,,
2.90E-15,0.433419363,0.277,0.186,2,Myb,,,,,,,,,
9.09E-17,0.433247456,0.281,0.19,2,Clk3,,,,,,,,,
2.63E-13,0.432849886,0.18,0.113,2,Gdi1,,,,,,,,,
3.07E-21,0.430347376,0.231,0.134,2,AI467606,,,,,,,,,
4.76E-26,0.429572278,0.63,0.503,2,Lck,,,,,,,,,
2.12E-16,0.428464939,0.285,0.184,2,Mxd4,,,,,,,,,
5.51E-25,0.424563765,0.317,0.217,2,Psap,,,,,,,,,
5.86E-19,0.423238596,0.284,0.194,2,Arpp21,,,,,,,,,
1.31E-12,0.422529066,0.251,0.159,2,Chrna9,,,,,,,,,
3.34E-15,0.420180555,0.22,0.139,2,Fbxl12,,,,,,,,,
2.48E-20,0.419065248,0.354,0.254,2,Sla,,,,,,,,,
2.29E-26,0.414336552,0.586,0.44,2,Ldhb,,,,,,,,,
1.62E-13,0.407969006,0.194,0.13,2,Prrt1,,,,,,,,,
3.04E-19,0.407351568,0.285,0.19,2,Themis,,,,,,,,,
3.28E-15,0.397887,0.317,0.232,2,mt-Rnr1,,,,,,,,,
6.66E-16,0.394780807,0.319,0.219,2,Btg2,,,,,,,,,
5.41E-16,0.39378277,0.201,0.127,2,Chmp1b,,,,,,,,,
2.32E-25,0.393274011,0.585,0.471,2,Srsf5,,,,,,,,,
1.20E-13,0.388133587,0.193,0.121,2,Trp53inp1,,,,,,,,,
9.15E-26,0.386853105,0.697,0.592,2,mt-Rnr2,,,,,,,,,
8.64E-18,0.382087894,0.378,0.28,2,Edem1,,,,,,,,,
1.75E-13,0.380007647,0.182,0.118,2,Atl2,,,,,,,,,
3.07E-11,0.379230553,0.23,0.135,2,Gm15340,,,,,,,,,
1.29E-12,0.373811052,0.186,0.121,2,Ets2,,,,,,,,,
3.54E-13,0.36083975,0.213,0.147,2,Rorc,,,,,,,,,
4.20E-25,0.359862684,0.716,0.574,2,Thy1,,,,,,,,,
1.33E-16,0.359806782,0.421,0.34,2,Arhgap45,,,,,,,,,
8.09E-18,0.354173942,0.458,0.348,2,Cd27,,,,,,,,,
6.44E-17,0.352728316,0.206,0.144,2,Ppp2r5a,,,,,,,,,
2.17E-13,0.350354541,0.304,0.226,2,Hist3h2ba,,,,,,,,,
3.60E-268,1.583807413,0.968,0.397,3,Hmgb2,,Proliferating thymocyte,,,,,,,
4.98E-119,1.336908585,0.782,0.247,3,Ube2c,,,,,,,,,
5.43E-144,1.331667185,0.868,0.292,3,Hmgn2,,,,,,,,,
1.68E-118,1.325291377,0.685,0.136,3,Cdca3,,,,,,,,,
7.89E-184,1.269651275,0.953,0.453,3,Tuba1b,,,,,,,,,
3.32E-151,1.205687199,0.911,0.393,3,H2afz,,,,,,,,,
7.01E-83,1.176712657,0.605,0.149,3,Nusap1,,,,,,,,,
1.72E-82,1.166985069,0.566,0.126,3,Top2a,,,,,,,,,
4.20E-90,1.129313939,0.608,0.138,3,Ccna2,,,,,,,,,
2.49E-173,1.075714968,0.965,0.66,3,Ptma,,,,,,,,,
2.25E-90,1.055137567,0.804,0.316,3,H2afx,,,,,,,,,
4.19E-66,1.0377706,0.541,0.143,3,Tuba1c,,,,,,,,,
1.60E-58,1.001289606,0.323,0.05,3,Kpna2,,,,,,,,,
4.90E-60,0.994046747,0.328,0.05,3,Kif11,,,,,,,,,
1.21E-62,0.982321489,0.407,0.08,3,Kif22,,,,,,,,,
4.19E-66,0.971108566,0.665,0.24,3,Rrm2,,,,,,,,,
2.06E-63,0.965035985,0.509,0.131,3,Spc24,,,,,,,,,
6.67E-57,0.956253225,0.471,0.121,3,Ccnb1,,,,,,,,,
2.99E-60,0.951951333,0.409,0.086,3,Racgap1,,,,,,,,,
1.95E-65,0.944061798,0.707,0.276,3,Tubb4b,,,,,,,,,
4.30E-61,0.940273691,0.578,0.179,3,Ccnb2,,,,,,,,,
9.70E-59,0.937432919,0.489,0.129,3,Cdk1,,,,,,,,,
1.94E-114,0.933087488,0.945,0.641,3,Ubb,,,,,,,,,
1.17E-51,0.930953045,0.313,0.055,3,Prc1,,,,,,,,,
3.95E-68,0.926988889,0.692,0.247,3,Tmpo,,,,,,,,,
1.43E-73,0.921572129,0.782,0.322,3,Birc5,,,,,,,,,
8.95E-78,0.914288232,0.742,0.269,3,Pclaf,,,,,,,,,
6.63E-45,0.90096841,0.221,0.026,3,Hmmr,,,,,,,,,
7.74E-52,0.884296054,0.563,0.199,3,Cenpa,,,,,,,,,
3.25E-49,0.875039497,0.496,0.156,3,Cdc20,,,,,,,,,
2.38E-50,0.865152965,0.253,0.032,3,Ndc80,,,,,,,,,
1.62E-64,0.862131437,0.524,0.144,3,Cdca8,,,,,,,,,
1.21E-57,0.852152056,0.362,0.073,3,Ncapd2,,,,,,,,,
3.16E-45,0.848760578,0.273,0.047,3,Ube2s,,,,,,,,,
1.88E-52,0.848582098,0.335,0.066,3,Tpx2,,,,,,,,,
9.52E-47,0.832106686,0.556,0.204,3,Dek,,,,,,,,,
6.16E-44,0.81292059,0.285,0.055,3,Fam64a,,,,,,,,,
5.41E-44,0.805869919,0.268,0.048,3,Ckap2l,,,,,,,,,
3.23E-99,0.805143009,0.943,0.634,3,Stmn1,,,,,,,,,
1.52E-33,0.804581289,0.278,0.067,3,Gm9800,,,,,,,,,
7.16E-80,0.801230384,0.918,0.5,3,H2afv,,,,,,,,,
6.54E-70,0.79761578,0.856,0.435,3,Anp32e,,,,,,,,,
6.39E-37,0.778265295,0.251,0.05,3,Nuf2,,,,,,,,,
7.94E-53,0.777567981,0.578,0.206,3,Cks2,,,,,,,,,
3.82E-35,0.777151548,0.256,0.053,3,Cenpf,,,,,,,,,
3.23E-50,0.775871429,0.36,0.083,3,Aurkb,,,,,,,,,
5.87E-55,0.775659021,0.32,0.06,3,Aurka,,,,,,,,,
9.91E-47,0.773199524,0.429,0.125,3,Mns1,,,,,,,,,
4.72E-50,0.764812799,0.39,0.102,3,Pbk,,,,,,,,,
4.87E-55,0.756540844,0.382,0.09,3,Tacc3,,,,,,,,,
6.51E-53,0.756506601,0.591,0.215,3,Lmnb1,,,,,,,,,
1.95E-48,0.752363844,0.531,0.185,3,Rad21,,,,,,,,,
1.54E-46,0.750674463,0.556,0.209,3,Cks1b,,,,,,,,,
6.55E-42,0.742095537,0.238,0.041,3,Kif20a,,,,,,,,,
2.03E-35,0.714940091,0.233,0.046,3,Kifc1,,,,,,,,,
1.29E-34,0.707313331,0.228,0.045,3,Ncapg,,,,,,,,,
5.66E-34,0.704778048,0.342,0.102,3,Asf1b,,,,,,,,,
7.13E-54,0.702781882,0.665,0.272,3,Lockd,,,,,,,,,
6.91E-78,0.702344374,0.953,0.676,3,Ppia,,,,,,,,,
2.02E-32,0.694296688,0.28,0.074,3,Incenp,,,,,,,,,
3.16E-40,0.693177698,0.216,0.034,3,Ect2,,,,,,,,,
9.42E-36,0.692463198,0.308,0.082,3,Fbxo5,,,,,,,,,
3.60E-39,0.690380216,0.34,0.093,3,Trim59,,,,,,,,,
8.45E-49,0.664623417,0.578,0.227,3,Bub3,,,,,,,,,
1.56E-38,0.659222713,0.201,0.032,3,Dlgap5,,,,,,,,,
9.22E-37,0.657975675,0.449,0.165,3,Spc25,,,,,,,,,
3.53E-29,0.656757757,0.208,0.045,3,Shcbp1,,,,,,,,,
5.34E-47,0.654782839,0.836,0.519,3,Calm2,,,,,,,,,
7.87E-40,0.650819051,0.35,0.103,3,Mxd3,,,,,,,,,
2.95E-36,0.644549433,0.323,0.093,3,Cdkn2c,,,,,,,,,
1.49E-36,0.635866151,0.273,0.067,3,Ncaph,,,,,,,,,
4.45E-26,0.63285123,0.246,0.068,3,Hmgb3,,,,,,,,,
9.14E-35,0.631509339,0.251,0.06,3,Plk1,,,,,,,,,
7.84E-50,0.631343314,0.633,0.264,3,Hmgb1,,,,,,,,,
4.16E-29,0.624375472,0.184,0.033,3,Cdca5,,,,,,,,,
1.42E-36,0.619023324,0.7,0.385,3,Arl6ip1,,,,,,,,,
4.76E-25,0.615819649,0.251,0.074,3,Knstrn,,,,,,,,,
9.27E-23,0.604121559,0.201,0.052,3,Ccdc34,,,,,,,,,
3.11E-35,0.596906425,0.231,0.05,3,Smc2,,,,,,,,,
1.09E-27,0.595788826,0.164,0.028,3,Nek2,,,,,,,,,
1.27E-44,0.593803336,0.588,0.252,3,Anp32b,,,,,,,,,
8.09E-37,0.591698835,0.325,0.097,3,Ska2,,,,,,,,,
6.21E-45,0.589677267,0.878,0.583,3,Tubb5,,,,,,,,,
2.58E-24,0.587725033,0.171,0.036,3,Ube2t,,,,,,,,,
3.03E-36,0.587711322,0.392,0.137,3,Ctcf,,,,,,,,,
1.10E-27,0.586950704,0.221,0.058,3,Gm8797,,,,,,,,,
3.01E-27,0.586726263,0.206,0.05,3,Bub1b,,,,,,,,,
1.72E-21,0.585094944,0.256,0.087,3,Kras,,,,,,,,,
1.24E-36,0.582567979,0.261,0.064,3,Fzr1,,,,,,,,,
1.66E-31,0.582529954,0.372,0.135,3,Rrm1,,,,,,,,,
5.17E-26,0.575270478,0.268,0.084,3,Gm10123,,,,,,,,,
7.43E-21,0.563950981,0.154,0.033,3,Gm10282,,,,,,,,,
1.03E-16,0.557766542,0.171,0.047,3,Nsd2,,,,,,,,,
1.19E-30,0.554861479,0.298,0.093,3,Mad2l1,,,,,,,,,
5.03E-23,0.552814766,0.179,0.041,3,Ccnf,,,,,,,,,
4.16E-35,0.55224952,0.474,0.194,3,Hdgf,,,,,,,,,
3.02E-23,0.548959985,0.174,0.039,3,Nudt4,,,,,,,,,
5.39E-26,0.545410447,0.35,0.135,3,Ezh2,,,,,,,,,
3.24E-44,0.544439146,0.71,0.366,3,Ran,,,,,,,,,
3.45E-24,0.536796731,0.256,0.082,3,Usp1,,,,,,,,,
4.40E-26,0.536664007,0.238,0.071,3,Gm1821,,,,,,,,,
7.33E-21,0.531556266,0.181,0.047,3,Cdc45,,,,,,,,,
4.63E-27,0.529731553,0.161,0.029,3,Ckap2,,,,,,,,,
1.10E-36,0.528444673,0.442,0.172,3,Ubald2,,,,,,,,,
2.07E-19,0.527551139,0.199,0.06,3,Dnmt1,,,,,,,,,
4.13E-21,0.523315435,0.154,0.033,3,Ddah2,,,,,,,,,
1.07E-42,0.522502075,0.581,0.268,3,Hn1,,,,,,,,,
1.30E-23,0.518182413,0.499,0.279,3,Pcna,,,,,,,,,
2.30E-22,0.518034392,0.258,0.093,3,Slbp,,,,,,,,,
1.19E-19,0.51745214,0.156,0.041,3,Cenph,,,,,,,,,
4.85E-39,0.517340334,0.573,0.263,3,Smc4,,,,,,,,,
3.83E-38,0.515270414,0.819,0.516,3,H3f3a,,,,,,,,,
1.34E-27,0.512363102,0.154,0.028,3,Kif2c,,,,,,,,,
9.50E-33,0.507058022,0.266,0.08,3,Mzt1,,,,,,,,,
3.49E-31,0.499889954,0.164,0.029,3,C330027C09Rik,,,,,,,,,
2.13E-16,0.496714421,0.221,0.08,3,Kmt5a,,,,,,,,,
1.05E-19,0.4961317,0.253,0.092,3,Gm42418,,,,,,,,,
3.78E-24,0.495930889,0.184,0.047,3,Ska1,,,,,,,,,
6.84E-17,0.495745292,0.151,0.04,3,Esco2,,,,,,,,,
4.14E-20,0.49477586,0.186,0.053,3,Kif23,,,,,,,,,
1.41E-25,0.490029739,0.216,0.063,3,Cenpl,,,,,,,,,
1.24E-38,0.486924446,0.514,0.232,3,Cdkn2d,,,,,,,,,
1.01E-23,0.482998926,0.325,0.13,3,Hjurp,,,,,,,,,
1.03E-21,0.473518799,0.156,0.038,3,Ska3,,,,,,,,,
2.30E-25,0.472135774,0.206,0.058,3,Cdkn3,,,,,,,,,
1.03E-28,0.469144338,0.275,0.092,3,Nucks1,,,,,,,,,
8.90E-23,0.467943588,0.216,0.069,3,Rangap1,,,,,,,,,
5.15E-31,0.461673809,0.377,0.15,3,Gm10250,,,,,,,,,
7.56E-43,0.455542748,0.531,0.232,3,Anapc5,,,,,,,,,
1.89E-21,0.454918547,0.417,0.201,3,Tyms,,,,,,,,,
8.86E-38,0.454238638,0.442,0.18,3,Lsm5,,,,,,,,,
2.52E-27,0.453614267,0.333,0.13,3,Ncaph2,,,,,,,,,
1.18E-40,0.453050094,0.536,0.239,3,Selenoh,,,,,,,,,
4.42E-36,0.448992913,0.762,0.45,3,Anxa2,,,,,,,,,
2.01E-24,0.448720294,0.506,0.259,3,Rbbp4,,,,,,,,,
1.50E-32,0.445497743,0.355,0.135,3,Maz,,,,,,,,,
6.29E-17,0.445471741,0.191,0.066,3,Orc6,,,,,,,,,
3.02E-37,0.442307268,0.357,0.135,3,Ccng2,,,,,,,,,
2.13E-12,0.442151356,0.211,0.087,3,Tk1,,,,,,,,,
2.20E-14,0.433875295,0.194,0.072,3,Nt5dc2,,,,,,,,,
4.07E-22,0.433837458,0.318,0.134,3,Gmnn,,,,,,,,,
5.21E-26,0.433195191,0.308,0.119,3,Rpa3,,,,,,,,,
2.53E-28,0.425375894,0.834,0.559,3,Clic1,,,,,,,,,
3.18E-29,0.422739735,0.278,0.097,3,Fkbp2,,,,,,,,,
3.28E-21,0.422340928,0.365,0.171,3,Tipin,,,,,,,,,
4.87E-19,0.42167437,0.233,0.087,3,Actn4,,,,,,,,,
4.23E-32,0.420984426,0.692,0.426,3,Gapdh,,,,,,,,,
2.19E-21,0.42050369,0.285,0.115,3,Eif4e,,,,,,,,,
4.66E-18,0.419578777,0.275,0.119,3,Tfdp1,,,,,,,,,
1.96E-25,0.416763961,0.414,0.194,3,Dck,,,,,,,,,
1.95E-17,0.416672054,0.231,0.089,3,Rhno1,,,,,,,,,
4.88E-23,0.416489356,0.166,0.044,3,Rad51ap1,,,,,,,,,
4.68E-39,0.416377885,0.603,0.301,3,Serinc3,,,,,,,,,
8.56E-28,0.415497123,0.181,0.045,3,Cdc25b,,,,,,,,,
2.23E-23,0.414604837,0.154,0.037,3,Mki67,,,,,,,,,
2.30E-22,0.411152736,0.221,0.074,3,Smc1a,,,,,,,,,
7.89E-13,0.409864804,0.189,0.075,3,Hspa14,,,,,,,,,
1.18E-21,0.409771137,0.154,0.038,3,Odf2,,,,,,,,,
3.87E-11,0.40939132,0.201,0.086,3,Lig1,,,,,,,,,
1.84E-14,0.409344723,0.213,0.086,3,Eri1,,,,,,,,,
5.56E-25,0.40826937,0.36,0.157,3,Hnrnpa3,,,,,,,,,
4.89E-17,0.407465498,0.154,0.045,3,Fignl1,,,,,,,,,
2.73E-39,0.404510993,0.955,0.733,3,Ly6e,,,,,,,,,
4.78E-17,0.403603599,0.268,0.116,3,Hpf1,,,,,,,,,
4.66E-33,0.402203797,0.201,0.052,3,Spdl1,,,,,,,,,
3.37E-45,0.402059844,0.65,0.338,3,Ybx1,,,,,,,,,
1.07E-14,0.401529774,0.216,0.087,3,Larp7,,,,,,,,,
6.82E-14,0.399519875,0.203,0.082,3,Tcf19,,,,,,,,,
2.39E-30,0.39783245,0.429,0.195,3,Rbbp7,,,,,,,,,
2.76E-23,0.396502899,0.372,0.176,3,Erh,,,,,,,,,
7.10E-11,0.386303322,0.191,0.082,3,Nup62,,,,,,,,,
3.68E-13,0.386237895,0.151,0.051,3,Cenpm,,,,,,,,,
1.80E-21,0.382269957,0.841,0.621,3,Ccnd3,,,,,,,,,
4.28E-32,0.378440976,0.337,0.135,3,Hdac1,,,,,,,,,
7.94E-20,0.376070324,0.29,0.127,3,Nfyb,,,,,,,,,
7.03E-15,0.371775366,0.206,0.083,3,Cenpw,,,,,,,,,
9.51E-22,0.3717177,0.253,0.1,3,Cbfb,,,,,,,,,
5.17E-20,0.369075162,0.318,0.145,3,Csrp1,,,,,,,,,
2.35E-17,0.368209396,0.246,0.105,3,Med30,,,,,,,,,
3.78E-22,0.366977509,0.236,0.089,3,Nde1,,,,,,,,,
4.67E-16,0.366082834,0.156,0.052,3,Atad2,,,,,,,,,
2.27E-18,0.362225983,0.335,0.161,3,Nap1l1,,,,,,,,,
7.63E-36,0.36143917,0.618,0.337,3,Cox8a,,,,,,,,,
4.00E-28,0.361053841,0.328,0.137,3,Psip1,,,,,,,,,
4.99E-18,0.35936598,0.846,0.658,3,H3f3b,,,,,,,,,
3.42E-23,0.358747484,0.36,0.169,3,Alyref,,,,,,,,,
2.28E-36,0.357098004,0.476,0.221,3,Cbx1,,,,,,,,,
3.96E-25,0.356949419,0.782,0.549,3,Hnrnpab,,,,,,,,,
5.48E-23,0.354388677,0.325,0.145,3,Anp32a,,,,,,,,,
2.27E-14,0.353999115,0.275,0.132,3,Tmed2,,,,,,,,,
5.78E-22,0.353266511,0.305,0.136,3,Reep5,,,,,,,,,
9.12E-18,0.352412336,0.194,0.072,3,Lsm3,,,,,,,,,
1.69E-30,0.350810306,0.494,0.253,3,Mdh1,,,,,,,,,
5.45E-17,0.350049171,0.263,0.117,3,Hsp90b1,,,,,,,,,
8.85E-101,1.832376697,0.709,0.198,4,Itm2a,,abT cell,,,,,,,
3.22E-46,1.484746234,0.426,0.085,4,Cd5,,,,,,,,,
1.90E-27,1.204765506,0.266,0.047,4,Tox,,,,,,,,,
1.66E-86,1.179803521,0.949,0.601,4,Tmsb10,,,,,,,,,
1.52E-41,1.15179013,0.62,0.247,4,Cd2,,,,,,,,,
4.50E-17,0.978222224,0.152,0.02,4,Nab2,,,,,,,,,
2.15E-11,0.891365716,0.152,0.039,4,Cd69,,,,,,,,,
3.67E-15,0.875888312,0.194,0.042,4,Gm13588,,,,,,,,,
1.85E-13,0.865070154,0.274,0.121,4,Lef1,,,,,,,,,
1.49E-14,0.773085188,0.333,0.143,4,Lcp1,,,,,,,,,
1.69E-13,0.771795427,0.342,0.146,4,Stk17b,,,,,,,,,
8.79E-12,0.751456692,0.266,0.093,4,Cd53,,,,,,,,,
2.64E-11,0.731394864,0.312,0.139,4,Cytip,,,,,,,,,
1.81E-10,0.721245544,0.274,0.124,4,Cd28,,,,,,,,,
1.13E-12,0.715370941,0.426,0.242,4,Actg1,,,,,,,,,
9.03E-13,0.715352236,0.435,0.235,4,Rgs10,,,,,,,,,
1.12E-20,0.664941325,0.684,0.413,4,Arpc2,,,,,,,,,
1.10E-13,0.642624558,0.565,0.331,4,Ccr9,,,,,,,,,
2.42E-06,0.607227025,0.181,0.081,4,Lrp10,,,,,,,,,
4.83E-06,0.591513047,0.249,0.126,4,Itgb2,,,,,,,,,
1.75E-06,0.584806633,0.245,0.135,4,Cnn2,,,,,,,,,
5.60E-08,0.575421239,0.257,0.141,4,Cd6,,,,,,,,,
3.11E-05,0.558452165,0.257,0.152,4,Plgrkt,,,,,,,,,
4.69E-07,0.555270475,0.19,0.08,4,Fyn,,,,,,,,,
4.06E-06,0.550015144,0.228,0.111,4,Tespa1,,,,,,,,,
4.01E-14,0.549771627,0.565,0.354,4,Ftl1,,,,,,,,,
1.41E-05,0.536862617,0.169,0.081,4,Clec2d,,,,,,,,,
5.52E-06,0.530582744,0.169,0.074,4,Tpm4,,,,,,,,,
3.67E-18,0.528370131,0.857,0.628,4,Malat1,,,,,,,,,
6.66E-06,0.521137496,0.338,0.218,4,Arhgef1,,,,,,,,,
2.41E-16,0.515952298,0.806,0.582,4,Trac,,,,,,,,,
3.82E-07,0.514632931,0.325,0.2,4,Rap1a,,,,,,,,,
3.22E-05,0.508612126,0.173,0.081,4,Dap,,,,,,,,,
5.81E-05,0.485604633,0.291,0.188,4,Eno1,,,,,,,,,
0.001832855,0.481513268,0.215,0.132,4,Rasgrp1,,,,,,,,,
2.79E-06,0.480679995,0.295,0.184,4,Msn,,,,,,,,,
1.77E-07,0.480343356,0.262,0.167,4,Ptpn6,,,,,,,,,
2.52E-05,0.479099734,0.397,0.281,4,Id3,,,,,,,,,
4.29E-06,0.465516204,0.329,0.218,4,Sept7,,,,,,,,,
0.001005847,0.464702433,0.181,0.114,4,Ptp4a2,,,,,,,,,
2.12E-09,0.46345134,0.532,0.365,4,Cd27,,,,,,,,,
1.48E-08,0.456345475,0.468,0.329,4,Arpc1b,,,,,,,,,
8.49E-10,0.452590422,0.586,0.4,4,Il2rg,,,,,,,,,
0.000255247,0.450191179,0.203,0.122,4,St13,,,,,,,,,
3.63E-06,0.446295853,0.397,0.271,4,Actr3,,,,,,,,,
0.002141975,0.441262128,0.224,0.14,4,Sp100,,,,,,,,,
0.000195934,0.43873345,0.321,0.229,4,Srgn,,,,,,,,,
3.50E-06,0.438459631,0.253,0.157,4,Ppp1r18,,,,,,,,,
2.58E-06,0.43707664,0.392,0.296,4,Ets1,,,,,,,,,
3.31E-10,0.43534865,0.743,0.603,4,Satb1,,,,,,,,,
2.65E-07,0.43368219,0.211,0.124,4,Kcnn4,,,,,,,,,
4.56E-05,0.430979648,0.181,0.105,4,Bzw2,,,,,,,,,
0.001787893,0.429433028,0.156,0.081,4,Itgal,,,,,,,,,
0.000180175,0.428248483,0.169,0.102,4,Lmo4,,,,,,,,,
1.08E-05,0.422872352,0.19,0.102,4,Tpt1-ps3,,,,,,,,,
0.000189653,0.404900633,0.19,0.129,4,Eif4a2,,,,,,,,,
0.000966604,0.395587665,0.262,0.174,4,Rasal3,,,,,,,,,
2.86E-06,0.38905919,0.451,0.307,4,Shisa5,,,,,,,,,
8.63E-06,0.385517854,0.241,0.155,4,Sox4,,,,,,,,,
1.58E-06,0.385109057,0.363,0.246,4,Cotl1,,,,,,,,,
0.000831097,0.384541678,0.198,0.121,4,Hspa5,,,,,,,,,
3.67E-07,0.384272688,0.388,0.272,4,Prkar1a,,,,,,,,,
0.000840183,0.383700497,0.236,0.157,4,Cnn3,,,,,,,,,
0.002682301,0.382497884,0.165,0.111,4,Rnf114,,,,,,,,,
3.72E-22,0.382083358,0.97,0.916,4,Tmsb4x,,,,,,,,,
9.23E-06,0.381903289,0.278,0.191,4,mt-Nd3,,,,,,,,,
3.48E-05,0.378746038,0.215,0.144,4,Trp53,,,,,,,,,
0.000296125,0.375130303,0.414,0.3,4,Capzb,,,,,,,,,
0.000176149,0.374511136,0.181,0.123,4,Gm4149,,,,,,,,,
0.000788313,0.368373558,0.295,0.21,4,Pnrc1,,,,,,,,,
0.008083872,0.368328705,0.16,0.099,4,Kras,,,,,,,,,
1.20E-08,0.365285221,0.743,0.604,4,Cd52,,,,,,,,,
0.000106307,0.361153197,0.215,0.131,4,Sept9,,,,,,,,,
0.00102418,0.355346552,0.228,0.166,4,Calr,,,,,,,,,
1.05E-93,1.760144247,0.624,0.082,5,Ms4a4b,,T cell_Ms4a4b high,,,,,,,
1.61E-100,1.542985609,0.824,0.229,5,H2-K1,,,,,,,,,
1.23E-69,1.5236101,0.38,0.027,5,Ccr7,,,,,,,,,
2.79E-64,1.516581069,0.529,0.094,5,Klf2,,,,,,,,,
1.38E-92,1.450887988,0.816,0.257,5,H2-D1,,,,,,,,,
1.84E-95,1.398155781,0.867,0.28,5,Shisa5,,,,,,,,,
9.12E-57,1.384502475,0.463,0.07,5,Gimap4,,,,,,,,,
7.64E-142,1.297695016,0.996,0.596,5,Tmsb10,,,,,,,,,
1.96E-43,1.276725463,0.494,0.135,5,Ifi27l2a,,,,,,,,,
5.74E-37,1.272596257,0.29,0.038,5,H2-Q7,,,,,,,,,
2.33E-39,1.24438939,0.278,0.029,5,Ccnd2,,,,,,,,,
1.74E-142,1.18368143,0.984,0.72,5,B2m,,,,,,,,,
1.05E-42,1.157845992,0.424,0.082,5,Cd53,,,,,,,,,
8.23E-42,1.139804466,0.196,0.007,5,S1pr1,,,,,,,,,
7.31E-103,1.129912236,0.965,0.589,5,Cd52,,,,,,,,,
1.46E-37,1.120785626,0.247,0.025,5,Gimap3,,,,,,,,,
3.25E-30,1.09453527,0.384,0.096,5,Ms4a6b,,,,,,,,,
4.37E-29,1.085379841,0.255,0.037,5,Gm13588,,,,,,,,,
1.68E-41,1.075114783,0.631,0.229,5,Cotl1,,,,,,,,,
4.36E-31,1.064641278,0.314,0.058,5,Ctsw,,,,,,,,,
4.82E-25,1.030150909,0.169,0.017,5,Igfbp4,,,,,,,,,
8.91E-33,0.986597041,0.22,0.026,5,Itgb7,,,,,,,,,
3.82E-24,0.972686719,0.298,0.068,5,Nkg7,,,,,,,,,
2.42E-27,0.957194739,0.192,0.024,5,Ctss,,,,,,,,,
1.23E-126,0.94611106,0.996,0.914,5,Tmsb4x,,,,,,,,,
5.83E-24,0.925567176,0.196,0.026,5,Tesc,,,,,,,,,
9.01E-25,0.912337283,0.271,0.055,5,Stat1,,,,,,,,,
3.45E-27,0.910767818,0.416,0.124,5,Cnn2,,,,,,,,,
1.92E-20,0.898923949,0.333,0.101,5,Ifi47,,,,,,,,,
1.13E-21,0.895690083,0.153,0.016,5,Samhd1,,,,,,,,,
6.98E-22,0.887711595,0.188,0.028,5,Cd7,,,,,,,,,
1.80E-24,0.865718546,0.188,0.023,5,Il27ra,,,,,,,,,
9.17E-23,0.856128414,0.302,0.075,5,Vim,,,,,,,,,
1.75E-57,0.84195769,0.922,0.556,5,Rps29,,,,,,,,,
1.83E-20,0.83658225,0.267,0.065,5,Id2,,,,,,,,,
2.69E-16,0.831138831,0.212,0.051,5,Chd3,,,,,,,,,
2.00E-20,0.811820223,0.176,0.026,5,Irf9,,,,,,,,,
6.59E-23,0.797779924,0.424,0.151,5,Atp1b3,,,,,,,,,
1.27E-21,0.790874373,0.514,0.218,5,Ltb,,,,,,,,,
5.20E-25,0.790168426,0.263,0.056,5,Evl,,,,,,,,,
3.36E-17,0.784740742,0.286,0.086,5,Anxa6,,,,,,,,,
1.91E-21,0.768828057,0.412,0.15,5,Psme2,,,,,,,,,
2.50E-13,0.734536485,0.153,0.031,5,Rtp4,,,,,,,,,
1.09E-18,0.727879799,0.424,0.173,5,Rpl3-ps1,,,,,,,,,
4.21E-40,0.724465259,0.847,0.485,5,Eef1a1,,,,,,,,,
5.31E-14,0.718052102,0.239,0.076,5,Fyn,,,,,,,,,
1.04E-12,0.696656945,0.188,0.049,5,Cd82,,,,,,,,,
6.78E-26,0.695632999,0.62,0.279,5,Gm14303,,,,,,,,,
6.45E-19,0.694945583,0.169,0.028,5,Bin1,,,,,,,,,
1.87E-19,0.692749388,0.388,0.142,5,Stk17b,,,,,,,,,
1.45E-19,0.681741155,0.38,0.14,5,Lcp1,,,,,,,,,
4.89E-14,0.672803459,0.271,0.094,5,Gm11361,,,,,,,,,
1.54E-20,0.669672408,0.365,0.13,5,Sp100,,,,,,,,,
9.46E-26,0.665702096,0.576,0.248,5,Cd2,,,,,,,,,
1.83E-13,0.661336189,0.369,0.158,5,Rpl37rt,,,,,,,,,
8.04E-13,0.653882505,0.282,0.111,5,Rps15a-ps7,,,,,,,,,
3.02E-30,0.648666484,0.871,0.619,5,Rpl13,,,,,,,,,
1.94E-13,0.630224007,0.31,0.122,5,Rps26-ps1,,,,,,,,,
4.10E-15,0.627826145,0.329,0.124,5,Vasp,,,,,,,,,
3.73E-15,0.619625803,0.541,0.297,5,Rps6,,,,,,,,,
4.48E-17,0.61839916,0.38,0.157,5,Rps27rt,,,,,,,,,
2.85E-16,0.617601687,0.165,0.034,5,Dennd2d,,,,,,,,,
1.82E-21,0.616931814,0.706,0.391,5,Il2rg,,,,,,,,,
3.93E-09,0.609185004,0.176,0.057,5,Ier2,,,,,,,,,
2.11E-08,0.604280227,0.188,0.071,5,AW112010,,,,,,,,,
3.81E-33,0.599300966,0.902,0.666,5,Rps18,,,,,,,,,
1.21E-12,0.595995848,0.188,0.054,5,Timp2,,,,,,,,,
2.63E-12,0.595904618,0.404,0.192,5,Bin2,,,,,,,,,
1.14E-12,0.595505975,0.224,0.073,5,B4galnt1,,,,,,,,,
2.00E-14,0.593786709,0.384,0.165,5,Rps6-ps4,,,,,,,,,
2.17E-11,0.587503225,0.165,0.045,5,H2-T22,,,,,,,,,
4.05E-13,0.585658278,0.38,0.182,5,Eno1,,,,,,,,,
3.12E-17,0.584392163,0.502,0.237,5,Wdr89,,,,,,,,,
1.65E-14,0.575034853,0.388,0.175,5,Gm5905,,,,,,,,,
1.49E-12,0.571354472,0.153,0.035,5,Pik3cd,,,,,,,,,
1.41E-13,0.57084535,0.298,0.115,5,Btg1,,,,,,,,,
1.78E-08,0.568036521,0.196,0.081,5,Gm6472,,,,,,,,,
6.49E-12,0.566576735,0.247,0.094,5,Jak1,,,,,,,,,
2.47E-09,0.556988101,0.271,0.116,5,Hspa5,,,,,,,,,
2.14E-09,0.554563458,0.247,0.102,5,Gm10275,,,,,,,,,
8.59E-13,0.551715192,0.325,0.137,5,Cytip,,,,,,,,,
4.05E-15,0.550070155,0.161,0.037,5,Tes,,,,,,,,,
3.75E-09,0.53554496,0.2,0.079,5,Gm3511,,,,,,,,,
3.28E-15,0.533866952,0.557,0.295,5,Rpl22l1,,,,,,,,,
1.24E-14,0.532934547,0.235,0.083,5,Cd48,,,,,,,,,
3.97E-12,0.532515887,0.192,0.063,5,Grcc10,,,,,,,,,
9.20E-14,0.532291063,0.561,0.311,5,Fxyd5,,,,,,,,,
1.29E-16,0.531729583,0.647,0.379,5,Rpl15,,,,,,,,,
1.56E-07,0.525097372,0.204,0.086,5,Rpl36a-ps2,,,,,,,,,
6.61E-29,0.523800554,0.929,0.691,5,Rps7,,,,,,,,,
1.41E-07,0.522750755,0.224,0.097,5,Rps19-ps6,,,,,,,,,
3.45E-06,0.52023626,0.212,0.099,5,Rpl14-ps1,,,,,,,,,
3.08E-08,0.518970206,0.157,0.053,5,Junb,,,,,,,,,
2.45E-08,0.518036219,0.365,0.193,5,Uba52,,,,,,,,,
4.87E-19,0.514724214,0.835,0.601,5,Rps19,,,,,,,,,
4.61E-11,0.514359823,0.443,0.234,5,Rgs10,,,,,,,,,
2.50E-09,0.501097463,0.153,0.055,5,Gm4332,,,,,,,,,
3.52E-10,0.496150359,0.267,0.117,5,H2-T23,,,,,,,,,
1.08E-13,0.495608992,0.286,0.116,5,Tuba4a,,,,,,,,,
7.09E-10,0.48523805,0.173,0.061,5,Mndal,,,,,,,,,
8.74E-17,0.485024524,0.71,0.447,5,Gm15427,,,,,,,,,
1.31E-06,0.484950642,0.239,0.114,5,Dusp2,,,,,,,,,
5.40E-12,0.48399501,0.431,0.225,5,Gm11478,,,,,,,,,
8.80E-13,0.481154157,0.294,0.122,5,Itgb2,,,,,,,,,
1.84E-19,0.480954804,0.863,0.617,5,Rps26,,,,,,,,,
1.73E-07,0.480183726,0.192,0.079,5,Clec2d,,,,,,,,,
6.19E-15,0.472953962,0.298,0.119,5,Lef1,,,,,,,,,
1.62E-11,0.471932247,0.451,0.239,5,Selplg,,,,,,,,,
8.03E-11,0.468928317,0.341,0.165,5,Emb,,,,,,,,,
2.92E-16,0.465926405,0.784,0.611,5,Rps28,,,,,,,,,
5.44E-09,0.465069803,0.216,0.097,5,Rps15a-ps6,,,,,,,,,
2.64E-10,0.464546247,0.239,0.097,5,Arrb2,,,,,,,,,
5.07E-25,0.463732424,0.957,0.849,5,Rps27,,,,,,,,,
8.66E-08,0.461494843,0.349,0.186,5,mt-Nd3,,,,,,,,,
9.15E-13,0.457547063,0.31,0.136,5,Acp5,,,,,,,,,
1.95E-09,0.452629457,0.376,0.198,5,Cdk2ap2,,,,,,,,,
1.55E-11,0.443291236,0.62,0.386,5,Rpl12,,,,,,,,,
2.40E-06,0.43982412,0.188,0.086,5,Gm15772,,,,,,,,,
2.00E-13,0.435600632,0.8,0.581,5,Trac,,,,,,,,,
1.69E-08,0.434048503,0.212,0.09,5,Gm10073,,,,,,,,,
4.80E-10,0.431247804,0.239,0.106,5,Hcst,,,,,,,,,
4.98E-09,0.428685159,0.247,0.11,5,Cdc42se1,,,,,,,,,
6.54E-08,0.426531581,0.416,0.242,5,Actg1,,,,,,,,,
1.02E-08,0.417474272,0.494,0.3,5,Gm10736,,,,,,,,,
1.33E-13,0.413790581,0.525,0.291,5,Gm2000,,,,,,,,,
5.98E-12,0.412151124,0.302,0.137,5,Arl6ip5,,,,,,,,,
2.22E-11,0.411258336,0.208,0.079,5,Arl4c,,,,,,,,,
3.11E-07,0.408283082,0.322,0.174,5,Ifi27,,,,,,,,,
2.05E-12,0.408017206,0.306,0.145,5,Gm8430,,,,,,,,,
1.09E-06,0.407923352,0.231,0.12,5,Rps23-ps1,,,,,,,,,
1.70E-06,0.403770679,0.176,0.085,5,Rpl18-ps1,,,,,,,,,
9.39E-14,0.403013644,0.749,0.509,5,Rpl10,,,,,,,,,
0.000101282,0.393712133,0.18,0.093,5,Rpl19-ps11,,,,,,,,,
4.31E-09,0.393488581,0.251,0.12,5,Rpl6l,,,,,,,,,
2.70E-12,0.392641215,0.675,0.438,5,Rpl10a,,,,,,,,,
2.04E-05,0.388959963,0.208,0.104,5,Itk,,,,,,,,,
0.004647631,0.388244881,0.192,0.113,5,Ptp4a2,,,,,,,,,
3.34E-08,0.387080627,0.267,0.132,5,Rps11-ps1,,,,,,,,,
3.94E-09,0.386674963,0.588,0.389,5,Pabpc1,,,,,,,,,
3.89E-05,0.383591939,0.18,0.087,5,Rps24-ps3,,,,,,,,,
2.90E-05,0.383297454,0.286,0.167,5,Gm15536,,,,,,,,,
4.67E-13,0.380858262,0.867,0.686,5,Rps9,,,,,,,,,
9.13E-13,0.380655342,0.318,0.152,5,Ppp1r18,,,,,,,,,
0.000812659,0.378726196,0.173,0.099,5,Rpl9-ps6,,,,,,,,,
1.62E-13,0.37624877,0.816,0.595,5,Rpl9,,,,,,,,,
6.94E-07,0.375365421,0.169,0.078,5,Tspan32,,,,,,,,,
2.03E-07,0.372778794,0.169,0.068,5,Tap1,,,,,,,,,
2.65E-06,0.370110559,0.204,0.104,5,Bzw2,,,,,,,,,
3.92E-18,0.369851029,0.945,0.796,5,Rplp1,,,,,,,,,
1.95E-14,0.368525018,0.882,0.685,5,Rps23,,,,,,,,,
4.81E-07,0.368003187,0.278,0.146,5,Rnaset2a,,,,,,,,,
6.69E-12,0.366847395,0.643,0.411,5,Rpl27a,,,,,,,,,
1.48E-06,0.357624155,0.427,0.267,5,Rps16-ps2,,,,,,,,,
6.58E-07,0.356674614,0.165,0.074,5,Tpm4,,,,,,,,,
6.05E-10,0.356534672,0.18,0.071,5,Tapbp,,,,,,,,,
4.43E-10,0.356525792,0.247,0.113,5,Ablim1,,,,,,,,,
9.72E-06,0.355965189,0.357,0.218,5,Itm2a,,,,,,,,,
2.14E-06,0.354871674,0.357,0.213,5,Sri,,,,,,,,,
7.02E-11,0.354738234,0.38,0.205,5,Dgka,,,,,,,,,
1.92E-06,0.352907445,0.153,0.071,5,Gm7536,,,,,,,,,
7.03E-12,0.351757185,0.812,0.605,5,Rps2,,,,,,,,,
7.95E-78,2.605061876,0.844,0.065,6,Tcrg-C2,,gdT cell ,,,,,,,
3.88E-66,2.550647701,0.779,0.045,6,Tcrg-C1,,,,,,,,,
1.36E-50,2.134737221,0.779,0.084,6,Myl10,,,,,,,,,
3.96E-38,1.897119729,0.662,0.071,6,Plac8,,,,,,,,,
1.01E-42,1.880961484,0.636,0.045,6,Tcrg-C4,,,,,,,,,
1.45E-32,1.522305226,0.338,0.007,6,Il2ra,,,,,,,,,
4.45E-25,1.440672713,0.286,0.007,6,Hes1,,,,,,,,,
9.37E-16,1.344152212,0.195,0.006,6,Cpa3,,,,,,,,,
4.13E-49,1.216472849,0.974,0.653,6,Crip1,,,,,,,,,
1.84E-14,1.134769912,0.286,0.027,6,Cdk6,,,,,,,,,
9.62E-18,1.044196065,0.169,0.002,6,Khdc1a,,,,,,,,,
8.49E-16,1.017628342,0.195,0.006,6,Pld4,,,,,,,,,
1.61E-14,1.010107867,0.61,0.187,6,Fkbp5,,,,,,,,,
1.15E-16,0.976549237,0.623,0.231,6,Trdc,,,,,,,,,
6.07E-06,0.958071293,0.403,0.188,6,Gzma,,,,,,,,,
9.44E-15,0.948843625,0.195,0.009,6,Ctla2a,,,,,,,,,
5.66E-12,0.907324196,0.506,0.151,6,Sell,,,,,,,,,
1.00E-07,0.902981627,0.26,0.053,6,Myc,,,,,,,,,
2.99E-08,0.890285486,0.312,0.072,6,Patz1,,,,,,,,,
1.32E-12,0.861623238,0.234,0.022,6,Jun,,,,,,,,,
1.82E-10,0.857701929,0.195,0.017,6,Mcub,,,,,,,,,
2.13E-16,0.856018019,0.234,0.015,6,Tmem121,,,,,,,,,
8.55E-10,0.854749195,0.325,0.07,6,Mta3,,,,,,,,,
8.24E-15,0.854306209,0.195,0.008,6,Clec12a,,,,,,,,,
9.24E-13,0.845659467,0.429,0.111,6,S100a11,,,,,,,,,
8.04E-12,0.838387101,0.299,0.049,6,Prss57,,,,,,,,,
1.83E-11,0.799660476,0.221,0.023,6,Tspan31,,,,,,,,,
1.45E-14,0.798533247,0.169,0.005,6,Epb41l4b,,,,,,,,,
9.10E-10,0.787053282,0.364,0.095,6,Uck2,,,,,,,,,
1.13E-08,0.78049966,0.377,0.106,6,Rps3a2,,,,,,,,,
2.03E-07,0.764755498,0.169,0.021,6,Notch1,,,,,,,,,
3.39E-12,0.744404015,0.545,0.178,6,Gm9794,,,,,,,,,
5.52E-12,0.740559515,0.377,0.086,6,Phgdh,,,,,,,,,
4.36E-10,0.740131098,0.247,0.041,6,Ccnd2,,,,,,,,,
4.84E-10,0.735803543,0.377,0.108,6,Ms4a6b,,,,,,,,,
9.66E-12,0.72663365,0.221,0.025,6,Adgrg1,,,,,,,,,
1.58E-07,0.725764875,0.312,0.084,6,Gm9385,,,,,,,,,
9.24E-09,0.721800622,0.506,0.193,6,Rpl10a-ps1,,,,,,,,,
0.001556319,0.721225823,0.221,0.08,6,Rpl10-ps3,,,,,,,,,
5.23E-07,0.713439603,0.468,0.183,6,Rpl3-ps1,,,,,,,,,
2.19E-08,0.708652982,0.208,0.035,6,Mcfd2,,,,,,,,,
8.25E-12,0.70507378,0.481,0.149,6,Gm8430,,,,,,,,,
1.86E-14,0.690227153,0.948,0.609,6,Rps19,,,,,,,,,
1.51E-07,0.684863189,0.455,0.173,6,Zfas1,,,,,,,,,
9.07E-06,0.681310847,0.169,0.033,6,Bcl2,,,,,,,,,
4.60E-06,0.678712945,0.299,0.09,6,Rpl36a-ps2,,,,,,,,,
3.23E-07,0.670723339,0.377,0.125,6,Npm3,,,,,,,,,
9.59E-06,0.667200751,0.351,0.131,6,Tcf25,,,,,,,,,
4.59E-07,0.660149042,0.286,0.081,6,Tmed5,,,,,,,,,
1.56E-08,0.658205515,0.61,0.295,6,Cd24a,,,,,,,,,
2.39E-07,0.657469875,0.416,0.166,6,Rpl37rt,,,,,,,,,
5.76E-06,0.657004083,0.169,0.032,6,5830418P13Rik,,,,,,,,,
2.95E-06,0.652469201,0.221,0.052,6,Runx1,,,,,,,,,
0.000169963,0.650942393,0.195,0.051,6,Rnf130,,,,,,,,,
1.65E-08,0.643109838,0.39,0.125,6,Bst2,,,,,,,,,
3.19E-09,0.641792618,0.584,0.244,6,Gpx1,,,,,,,,,
1.14E-14,0.639736795,0.987,0.731,6,B2m,,,,,,,,,
6.24E-12,0.628780185,0.506,0.173,6,Ppt1,,,,,,,,,
1.02E-06,0.626983811,0.325,0.101,6,Rps19-ps6,,,,,,,,,
1.21E-10,0.621439608,0.714,0.389,6,Rpl15,,,,,,,,,
4.02E-07,0.618843572,0.156,0.023,6,Tgtp2,,,,,,,,,
4.52E-10,0.618023545,0.416,0.128,6,Rps26-ps1,,,,,,,,,
3.12E-06,0.615798903,0.234,0.06,6,Ptcra,,,,,,,,,
4.15E-12,0.612104883,0.351,0.084,6,Apex1,,,,,,,,,
5.94E-11,0.601069641,0.688,0.305,6,Rps6,,,,,,,,,
1.69E-08,0.599681931,0.195,0.031,6,Rrp15,,,,,,,,,
4.37E-13,0.598414218,0.662,0.27,6,Rps16-ps2,,,,,,,,,
3.92E-10,0.59740919,0.883,0.612,6,Rps2,,,,,,,,,
5.59E-08,0.594330749,0.455,0.173,6,Rps6-ps4,,,,,,,,,
1.85E-09,0.594217023,0.364,0.107,6,Tcf3,,,,,,,,,
2.71E-11,0.590596586,0.87,0.517,6,Rpl10,,,,,,,,,
2.67E-09,0.589474484,0.792,0.428,6,Hsp90ab1,,,,,,,,,
7.58E-07,0.587439565,0.39,0.145,6,Gm8730,,,,,,,,,
1.39E-07,0.587303312,0.338,0.105,6,Gm7600,,,,,,,,,
3.80E-05,0.580287751,0.195,0.054,6,Nr3c1,,,,,,,,,
3.31E-07,0.562939255,0.234,0.053,6,Pmpcb,,,,,,,,,
5.41E-12,0.562871217,0.636,0.258,6,H2-K1,,,,,,,,,
5.99E-10,0.561703207,0.883,0.607,6,Rplp0,,,,,,,,,
1.57E-08,0.561346531,0.26,0.064,6,Plscr3,,,,,,,,,
0.000169062,0.561004109,0.182,0.048,6,Plekha2,,,,,,,,,
9.70E-08,0.559529569,0.273,0.075,6,Fam169b,,,,,,,,,
1.40E-11,0.559485551,0.844,0.456,6,Gm15427,,,,,,,,,
3.01E-12,0.556966554,0.532,0.192,6,Lta4h,,,,,,,,,
5.89E-05,0.55680238,0.312,0.122,6,Hspa5,,,,,,,,,
1.52E-06,0.551358767,0.208,0.047,6,Gm5586,,,,,,,,,
1.73E-06,0.551056558,0.221,0.056,6,Drosha,,,,,,,,,
3.06E-10,0.55001602,0.896,0.63,6,Rpl13,,,,,,,,,
0.000369705,0.549839239,0.221,0.073,6,Aldh2,,,,,,,,,
7.72E-06,0.548049397,0.312,0.11,6,Naxd,,,,,,,,,
1.36E-09,0.547205156,0.286,0.078,6,Nkg7,,,,,,,,,
7.01E-08,0.546896912,0.338,0.108,6,Rapgef3,,,,,,,,,
1.45E-08,0.544411981,0.234,0.058,6,Tfrc,,,,,,,,,
1.67E-07,0.543827532,0.325,0.101,6,Gm11361,,,,,,,,,
2.64E-05,0.543467875,0.273,0.089,6,Gm15772,,,,,,,,,
2.10E-06,0.543125563,0.182,0.036,6,Prmt3,,,,,,,,,
7.47E-05,0.541986358,0.26,0.085,6,Gm12254,,,,,,,,,
1.05E-07,0.541859544,0.571,0.27,6,H2afy,,,,,,,,,
0.002671813,0.54112262,0.156,0.044,6,Fam111a,,,,,,,,,
0.000100918,0.535460871,0.156,0.033,6,Gsto1,,,,,,,,,
1.89E-09,0.533419389,0.442,0.16,6,Psme2,,,,,,,,,
0.000175691,0.529136783,0.182,0.049,6,Irf1,,,,,,,,,
5.06E-10,0.528319496,0.948,0.701,6,Rps7,,,,,,,,,
6.60E-08,0.527226362,0.377,0.132,6,Tkt,,,,,,,,,
8.21E-14,0.52656122,0.584,0.214,6,Gm5805,,,,,,,,,
0.000869675,0.52433328,0.156,0.042,6,Plin3,,,,,,,,,
7.48E-06,0.518316425,0.195,0.042,6,Gm12350,,,,,,,,,
0.000458304,0.51747323,0.195,0.06,6,Gnl3,,,,,,,,,
1.24E-12,0.517296843,0.662,0.278,6,Cmtm7,,,,,,,,,
4.58E-08,0.517017378,0.299,0.088,6,Cd48,,,,,,,,,
5.55E-08,0.513252624,0.325,0.099,6,Rpl9-ps6,,,,,,,,,
1.60E-08,0.51301706,0.896,0.617,6,Rps28,,,,,,,,,
9.30E-09,0.512415129,0.221,0.049,6,Dpp4,,,,,,,,,
5.71E-10,0.511973883,0.948,0.675,6,Rps18,,,,,,,,,
1.44E-05,0.511073329,0.325,0.122,6,Apobec3,,,,,,,,,
2.14E-05,0.510873724,0.169,0.037,6,Aatf,,,,,,,,,
9.47E-11,0.51028242,0.364,0.113,6,Pdrg1,,,,,,,,,
1.60E-09,0.510215345,0.416,0.143,6,Trp53,,,,,,,,,
1.73E-09,0.507865864,0.883,0.538,6,Rpl36a,,,,,,,,,
9.80E-10,0.505158648,0.286,0.073,6,Qdpr,,,,,,,,,
1.15E-08,0.503485808,0.429,0.161,6,Rpl31-ps8,,,,,,,,,
2.87E-06,0.498993997,0.234,0.07,6,Nisch,,,,,,,,,
6.87E-05,0.498727464,0.221,0.068,6,Nt5c2,,,,,,,,,
9.45E-09,0.498060125,0.39,0.135,6,Snx5,,,,,,,,,
6.21E-11,0.496232249,0.169,0.015,6,Nme4,,,,,,,,,
9.15E-10,0.494533083,0.935,0.788,6,Rps3a1,,,,,,,,,
9.22E-06,0.4932895,0.273,0.092,6,Ankrd13a,,,,,,,,,
1.35E-08,0.49263542,0.935,0.692,6,Rps9,,,,,,,,,
0.001508171,0.492118184,0.182,0.062,6,Mrps28,,,,,,,,,
4.53E-06,0.49128004,0.221,0.067,6,Ybx3,,,,,,,,,
0.000221781,0.490326471,0.221,0.072,6,Rpl39-ps,,,,,,,,,
2.02E-08,0.489391628,0.182,0.029,6,4930427A07Rik,,,,,,,,,
3.24E-05,0.487160865,0.584,0.316,6,Erdr1,,,,,,,,,
1.24E-06,0.485718089,0.442,0.191,6,mt-Nd3,,,,,,,,,
3.51E-10,0.48035323,0.636,0.293,6,Gm14303,,,,,,,,,
9.13E-08,0.474975049,0.909,0.627,6,Rps26,,,,,,,,,
3.24E-07,0.474935182,0.182,0.037,6,Cxxc5,,,,,,,,,
8.38E-08,0.474457182,0.727,0.4,6,Rgcc,,,,,,,,,
1.45E-05,0.47326489,0.234,0.071,6,Gstp1,,,,,,,,,
0.000167184,0.47102835,0.182,0.059,6,Emid1,,,,,,,,,
4.14E-08,0.470940894,0.39,0.145,6,Dars,,,,,,,,,
4.87E-08,0.468899315,0.455,0.21,6,Gm10076,,,,,,,,,
1.05E-05,0.463278034,0.286,0.103,6,Rpl14-ps1,,,,,,,,,
0.002715639,0.459936319,0.156,0.049,6,Hddc2,,,,,,,,,
7.75E-05,0.459319369,0.312,0.125,6,Rpl6l,,,,,,,,,
0.000138067,0.457043528,0.182,0.053,6,Rbbp6,,,,,,,,,
3.27E-07,0.453331661,0.429,0.183,6,Idh2,,,,,,,,,
1.29E-06,0.449638184,0.351,0.136,6,Tmem242,,,,,,,,,
7.00E-05,0.449036251,0.182,0.052,6,Nucb1,,,,,,,,,
3.29E-05,0.447654998,0.571,0.315,6,Eef1g,,,,,,,,,
0.002931734,0.447341373,0.195,0.073,6,Gm7536,,,,,,,,,
8.70E-09,0.444409498,0.221,0.051,6,Prkch,,,,,,,,,
0.000329983,0.443148877,0.182,0.052,6,Gm4366,,,,,,,,,
0.000183573,0.435368164,0.182,0.052,6,Fdps,,,,,,,,,
2.58E-05,0.434945311,0.831,0.652,6,Ly6d,,,,,,,,,
3.55E-06,0.434037069,0.558,0.285,6,H2-D1,,,,,,,,,
3.30E-09,0.432366933,0.299,0.089,6,Rps24-ps3,,,,,,,,,
1.95E-07,0.431735998,0.597,0.306,6,Gm10736,,,,,,,,,
0.000276753,0.430747781,0.312,0.137,6,Rps11-ps1,,,,,,,,,
1.33E-07,0.425732959,0.844,0.534,6,Rpl35,,,,,,,,,
8.10E-05,0.425422969,0.208,0.068,6,Shmt2,,,,,,,,,
7.11E-07,0.42526165,0.234,0.069,6,Trappc6a,,,,,,,,,
1.18E-08,0.421606092,0.416,0.163,6,Cct3,,,,,,,,,
1.45E-05,0.42031048,0.351,0.15,6,Tmem256,,,,,,,,,
4.62E-07,0.419087907,0.299,0.101,6,Rps15a-ps6,,,,,,,,,
2.64E-05,0.417110736,0.208,0.065,6,Dtx3,,,,,,,,,
0.00017673,0.414564309,0.273,0.108,6,Gm10275,,,,,,,,,
0.00059898,0.412855394,0.208,0.076,6,Smim4,,,,,,,,,
3.44E-06,0.412534179,0.208,0.057,6,Chd3,,,,,,,,,
0.004499931,0.412229115,0.156,0.06,6,Rpl24,,,,,,,,,
0.000197798,0.410389663,0.532,0.301,6,Gm2000,,,,,,,,,
1.88E-06,0.410182687,0.818,0.547,6,Hspa8,,,,,,,,,
3.90E-05,0.406680146,0.208,0.067,6,Ddx24,,,,,,,,,
3.48E-05,0.406445515,0.156,0.04,6,Pik3cd,,,,,,,,,
2.59E-05,0.405972999,0.351,0.155,6,Rps13-ps2,,,,,,,,,
5.10E-09,0.402433432,0.987,0.81,6,Rps14,,,,,,,,,
0.009964855,0.399620917,0.208,0.09,6,Fam162a,,,,,,,,,
4.65E-05,0.398882491,0.208,0.064,6,Dkc1,,,,,,,,,
1.20E-07,0.396538288,0.935,0.693,6,Rps23,,,,,,,,,
1.47E-05,0.396492845,0.338,0.142,6,Cnpy2,,,,,,,,,
0.000236031,0.396170659,0.208,0.071,6,Eif3a,,,,,,,,,
1.55E-06,0.396033025,0.922,0.674,6,Rps16,,,,,,,,,
2.19E-05,0.394128299,0.182,0.048,6,Ddx18,,,,,,,,,
1.38E-07,0.393902278,0.195,0.048,6,Grina,,,,,,,,,
0.000241432,0.393846947,0.234,0.085,6,Gm6472,,,,,,,,,
2.64E-07,0.393759856,0.87,0.573,6,Rpl11,,,,,,,,,
0.005843951,0.393259025,0.221,0.099,6,Gm6204,,,,,,,,,
0.001522113,0.393186123,0.156,0.052,6,Tnfrsf13b,,,,,,,,,
0.000116954,0.392556874,0.792,0.56,6,Rpl39,,,,,,,,,
0.001871441,0.391941508,0.442,0.25,6,Wdr89,,,,,,,,,
1.18E-07,0.390729602,0.169,0.036,6,Creg1,,,,,,,,,
4.17E-09,0.387772621,0.727,0.419,6,Rpl27a,,,,,,,,,
9.29E-07,0.387727537,0.468,0.235,6,Sdhb,,,,,,,,,
0.000594261,0.385296833,0.182,0.061,6,Cxxc1,,,,,,,,,
8.53E-05,0.384995591,0.195,0.064,6,Cr1l,,,,,,,,,
5.58E-14,0.384612571,0.61,0.261,6,Sec61b,,,,,,,,,
1.10E-05,0.384593633,0.377,0.167,6,Psma5,,,,,,,,,
0.000280449,0.384255519,0.208,0.071,6,Got2,,,,,,,,,
8.44E-05,0.379353911,0.156,0.038,6,Larp1,,,,,,,,,
4.34E-05,0.379306549,0.338,0.149,6,Hibadh,,,,,,,,,
0.006591665,0.378053122,0.208,0.087,6,Haus3,,,,,,,,,
6.09E-05,0.371754051,0.208,0.066,6,Dynlt1f,,,,,,,,,
5.55E-05,0.371737697,0.195,0.06,6,Hspbp1,,,,,,,,,
1.97E-05,0.37086596,0.221,0.073,6,Prpf31,,,,,,,,,
1.31E-06,0.36920384,0.195,0.055,6,Yrdc,,,,,,,,,
5.86E-07,0.368249735,0.338,0.135,6,Dctpp1,,,,,,,,,
2.89E-09,0.368019168,0.338,0.121,6,Ppdpf,,,,,,,,,
0.000600279,0.36777729,0.156,0.046,6,Slc35b2,,,,,,,,,
8.28E-07,0.367510127,0.221,0.064,6,Nsun2,,,,,,,,,
0.007749978,0.367172839,0.26,0.127,6,Paics,,,,,,,,,
0.000857619,0.365693655,0.169,0.058,6,Prdx3,,,,,,,,,
0.003398342,0.363181362,0.182,0.08,6,Pole3,,,,,,,,,
2.84E-08,0.362114454,0.857,0.548,6,Rpl6,,,,,,,,,
0.003667574,0.361022229,0.182,0.068,6,Trap1,,,,,,,,,
0.000280654,0.360623587,0.182,0.067,6,Ash2l,,,,,,,,,
3.28E-05,0.360510986,0.922,0.737,6,Rpl23a,,,,,,,,,
2.70E-10,0.360084154,0.442,0.176,6,Pebp1,,,,,,,,,
6.52E-06,0.357411985,0.156,0.036,6,Map2k1,,,,,,,,,
0.000385363,0.355593544,0.338,0.165,6,Atp1b3,,,,,,,,,
0.001063297,0.355061726,0.247,0.105,6,Tpt1-ps3,,,,,,,,,
0.001315958,0.354592628,0.377,0.22,6,Gm10288,,,,,,,,,
8.08E-06,0.352824318,0.286,0.112,6,Ifi47,,,,,,,,,
3.69E-07,0.352436972,0.948,0.776,6,Cd3g,,,,,,,,,
2.33E-06,0.350710972,0.364,0.157,6,Pa2g4,,,,,,,,,
1.44E-41,3.997551209,0.278,0.089,7,S100a9,,Pre T cell,,,,,,,
1.82E-44,3.79359409,0.278,0.148,7,S100a8,,,,,,,,,
1.66E-43,3.675966511,0.5,0.089,7,Cd74,,,,,,,,,
1.00E-31,3.557988053,0.778,0.019,7,Tyrobp,,,,,,,,,
3.49E-17,3.118998655,0.167,0.082,7,Jchain,,,,,,,,,
2.50E-23,3.005908699,0.333,0.032,7,H2-Aa,,,,,,,,,
7.12E-19,2.999835242,0.333,0.041,7,Lyz2,,,,,,,,,
6.70E-24,2.866883551,0.389,0.091,7,Ly6c2,,,,,,,,,
1.02E-16,2.801773746,0.333,0.031,7,H2-Eb1,,,,,,,,,
1.21E-18,2.773502911,0.333,0.065,7,H2-Ab1,,,,,,,,,
5.90E-09,2.760040894,0.222,0.015,7,Iglc2,,,,,,,,,
4.55E-14,2.425005874,0.556,0.019,7,Fcer1g,,,,,,,,,
4.80E-14,2.409378173,0.556,0.015,7,Alox5ap,,,,,,,,,
7.76E-15,2.322832724,0.222,0.052,7,Ighg2b,,,,,,,,,
4.97E-14,2.298324686,0.389,0.596,7,Igkc,,,,,,,,,
2.47E-08,2.210343099,0.167,0.002,7,Il1b,,,,,,,,,
4.42E-12,2.183964494,0.722,0.238,7,Cst3,,,,,,,,,
3.36E-14,2.104362475,0.389,0.001,7,Cybb,,,,,,,,,
7.18E-10,2.076938634,0.278,0.004,7,Ccl6,,,,,,,,,
1.34E-08,2.030928357,0.222,0.001,7,Alox15,,,,,,,,,
1.26E-08,2.004565211,0.389,0.013,7,Grn,,,,,,,,,
3.44E-06,1.992302353,0.222,0.036,7,Ly6a,,,,,,,,,
1.33E-07,1.976577491,0.333,0.01,7,Irf8,,,,,,,,,
5.97E-07,1.976174707,0.278,0.007,7,Pglyrp1,,,,,,,,,
1.53E-07,1.949187721,0.222,0.001,7,Il1rn,,,,,,,,,
7.36E-08,1.931176455,0.222,0.003,7,Mmp9,,,,,,,,,
3.76E-09,1.91914816,0.611,0.114,7,S100a11,,,,,,,,,
1.98E-06,1.902076635,0.278,0.009,7,Mzb1,,,,,,,,,
1.08E-18,1.872089953,0.5,0.004,7,Spi1,,,,,,,,,
2.28E-05,1.851241342,0.167,0.004,7,Iglv1,,,,,,,,,
3.49E-07,1.844543591,0.278,0.005,7,Lgals3,,,,,,,,,
3.76E-09,1.841266929,0.333,0.005,7,Slpi,,,,,,,,,
1.02E-09,1.83609277,0.556,0.031,7,Ctss,,,,,,,,,
2.78E-06,1.826661602,0.278,0.008,7,Naaa,,,,,,,,,
2.03E-06,1.788885447,0.222,0.004,7,Iglc3,,,,,,,,,
1.10E-05,1.748043554,0.278,0.013,7,Cd9,,,,,,,,,
9.05E-06,1.741330551,0.167,0.006,7,Iglc1,,,,,,,,,
1.87E-15,1.718255648,0.389,0.003,7,Ctsh,,,,,,,,,
1.16E-07,1.674179605,0.444,0.025,7,Fos,,,,,,,,,
4.13E-08,1.658146861,0.444,0.233,7,Srgn,,,,,,,,,
0.001065309,1.647981145,0.222,0.05,7,Grina,,,,,,,,,
2.17E-10,1.64564159,0.278,0.001,7,Cd300lf,,,,,,,,,
2.53E-07,1.637182848,0.222,0.002,7,Cd79a,,,,,,,,,
1.26E-05,1.63256216,0.444,0.052,7,Sdf2l1,,,,,,,,,
0.000126361,1.630667707,0.389,0.088,7,Msrb1,,,,,,,,,
1.17E-07,1.604864435,0.333,0.013,7,Csf2ra,,,,,,,,,
9.24E-08,1.596839673,0.278,0.004,7,Napsa,,,,,,,,,
1.05E-08,1.580966805,0.333,0.005,7,H2-DMb1,,,,,,,,,
0.000801917,1.57950069,0.389,0.08,7,Plac8,,,,,,,,,
5.92E-06,1.575761623,0.167,0.001,7,Blnk,,,,,,,,,
1.14E-09,1.553674703,0.222,0.002,7,Mpeg1,,,,,,,,,
0.000217721,1.54450167,0.167,0.009,7,Pld4,,,,,,,,,
7.82E-08,1.522611731,0.444,0.024,7,Capg,,,,,,,,,
3.48E-08,1.518463146,0.278,0.005,7,Cd68,,,,,,,,,
4.47E-10,1.510909782,0.278,0.002,7,Pygl,,,,,,,,,
3.70E-07,1.50436312,0.389,0.017,7,Ifi30,,,,,,,,,
1.34E-13,1.478477128,0.5,0.008,7,Unc93b1,,,,,,,,,
2.74E-16,1.438875588,1,0.734,7,B2m,,,,,,,,,
0.000395323,1.434627539,0.333,0.038,7,H2-DMa,,,,,,,,,
0.000119777,1.420658117,0.556,0.152,7,Lcp1,,,,,,,,,
6.26E-07,1.410708664,0.833,0.288,7,H2-D1,,,,,,,,,
0.000100998,1.408105899,0.278,0.015,7,Ninj1,,,,,,,,,
0.000133577,1.401889882,0.167,0.003,7,Plbd1,,,,,,,,,
1.14E-06,1.401381436,0.278,0.006,7,Cd44,,,,,,,,,
8.45E-08,1.395512548,0.167,0.001,7,Pltp,,,,,,,,,
1.51E-08,1.395436932,0.222,0,7,Tgfbi,,,,,,,,,
3.70E-05,1.391102562,0.444,0.058,7,Junb,,,,,,,,,
0.000281142,1.385732816,0.278,0.021,7,Txndc5,,,,,,,,,
1.06E-07,1.376800007,0.167,0.001,7,Sirpa,,,,,,,,,
1.38E-05,1.375927186,0.444,0.24,7,Psap,,,,,,,,,
1.47E-06,1.371893494,0.167,0,7,Ccnd1,,,,,,,,,
4.12E-05,1.371104838,0.444,0.184,7,Ctsb,,,,,,,,,
4.56E-05,1.360299543,0.556,0.105,7,Ostf1,,,,,,,,,
1.60E-06,1.334189001,0.167,0.001,7,Csf3r,,,,,,,,,
1.85E-06,1.317581359,0.222,0.002,7,Entpd1,,,,,,,,,
0.000675252,1.315852269,0.278,0.025,7,Dnajb9,,,,,,,,,
1.01E-05,1.314386346,0.167,0.001,7,Fgd2,,,,,,,,,
0.000436917,1.311183368,0.167,0.008,7,Rgs1,,,,,,,,,
1.71E-05,1.305123599,0.167,0.001,7,Prg2,,,,,,,,,
8.47E-06,1.302374019,0.167,0,7,Siglecf,,,,,,,,,
0.001212319,1.27650686,0.278,0.031,7,Prr13,,,,,,,,,
1.72E-08,1.257522712,0.222,0,7,Adam8,,,,,,,,,
0.000238546,1.254975328,0.167,0.005,7,Cd72,,,,,,,,,
1.22E-07,1.251349435,0.222,0.003,7,Ms4a6c,,,,,,,,,
1.52E-06,1.238888513,0.611,0.124,7,Btg1,,,,,,,,,
9.17E-05,1.229605342,0.167,0.002,7,Anxa1,,,,,,,,,
2.42E-05,1.21429461,0.444,0.128,7,Bst2,,,,,,,,,
2.77E-07,1.204279592,0.889,0.262,7,H2-K1,,,,,,,,,
1.49E-05,1.187297671,0.167,0.001,7,Ppfia4,,,,,,,,,
5.76E-08,1.175897025,0.222,0.001,7,Fes,,,,,,,,,
5.73E-05,1.170150919,0.167,0.004,7,Gm12854,,,,,,,,,
0.000731088,1.162708587,0.222,0.013,7,S100a6,,,,,,,,,
1.74E-08,1.155012106,0.278,0.006,7,Cfp,,,,,,,,,
2.60E-05,1.148735495,0.222,0.004,7,Ncf2,,,,,,,,,
1.03E-08,1.145914886,1,0.918,7,Tmsb4x,,,,,,,,,
0.000630522,1.144847087,0.222,0.011,7,Clec12a,,,,,,,,,
0.000127567,1.142013237,0.167,0.002,7,Atp2a1,,,,,,,,,
0.001128067,1.138399254,0.333,0.052,7,H2-Q7,,,,,,,,,
1.30E-05,1.13680466,0.278,0.023,7,Samhd1,,,,,,,,,
0.006311369,1.135764324,0.222,0.022,7,Ggh,,,,,,,,,
0.00259328,1.134968085,0.167,0.014,7,Pnpla7,,,,,,,,,
6.41E-05,1.124528787,0.167,0.002,7,Itgam,,,,,,,,,
1.51E-08,1.12285931,0.222,0,7,Pla2g7,,,,,,,,,
0.00141012,1.10617522,0.167,0.009,7,Nme2,,,,,,,,,
3.54E-06,1.104555569,0.556,0.155,7,Ifi27l2a,,,,,,,,,
3.03E-06,1.096455028,0.167,0,7,Lilrb4a,,,,,,,,,
2.95E-06,1.096299731,0.167,0,7,Adgre1,,,,,,,,,
4.79E-08,1.091109629,0.167,0.001,7,Hpse,,,,,,,,,
0.002367452,1.08957325,0.333,0.051,7,H2-T22,,,,,,,,,
0.000299376,1.088571689,0.722,0.248,7,Gpx1,,,,,,,,,
0.000192704,1.087470236,0.278,0.019,7,Hvcn1,,,,,,,,,
0.001283955,1.087345142,0.167,0.012,7,Rasgrp4,,,,,,,,,
0.000112877,1.080856654,0.222,0.011,7,Skap2,,,,,,,,,
3.00E-09,1.0774934,0.222,0.004,7,Cd63,,,,,,,,,
0.003400602,1.071745208,0.333,0.066,7,Man2b1,,,,,,,,,
0.003640165,1.067692732,0.222,0.018,7,Dusp6,,,,,,,,,
3.15E-05,1.065498721,0.167,0.001,7,Myadm,,,,,,,,,
0.009295963,1.05626815,0.278,0.136,7,Xbp1,,,,,,,,,
0.003708951,1.049732246,0.278,0.041,7,Efhd2,,,,,,,,,
3.43E-05,1.040557409,0.667,0.161,7,Ssr4,,,,,,,,,
0.000725616,1.038720807,0.278,0.025,7,Tmed3,,,,,,,,,
0.000412009,1.035869685,0.333,0.039,7,Mia3,,,,,,,,,
0.001105342,1.032329227,0.167,0.005,7,P2ry14,,,,,,,,,
2.26E-06,1.029378438,0.167,0,7,Arg2,,,,,,,,,
0.000159972,1.029035131,0.556,0.157,7,Serp1,,,,,,,,,
1.68E-08,1.021201999,0.667,0.157,7,Zfp36,,,,,,,,,
0.00030947,0.999169549,0.167,0.003,7,Lst1,,,,,,,,,
4.37E-08,0.994507958,0.222,0.001,7,Lmo2,,,,,,,,,
0.001343374,0.99295755,0.333,0.052,7,Bcl10,,,,,,,,,
3.17E-06,0.983783536,0.167,0.002,7,Irf5,,,,,,,,,
0.004704905,0.982037322,0.167,0.012,7,Glrx,,,,,,,,,
0.007243191,0.981819887,0.167,0.037,7,Cd79b,,,,,,,,,
0.00198898,0.975527288,0.333,0.054,7,Herpud1,,,,,,,,,
0.000544926,0.971692135,0.333,0.076,7,Id2,,,,,,,,,
0.000252988,0.957598514,0.389,0.059,7,Prkcd,,,,,,,,,
0.005339712,0.955375208,0.167,0.009,7,Asah1,,,,,,,,,
0.00051394,0.95168443,0.167,0.004,7,I830127L07Rik,,,,,,,,,
4.73E-06,0.95093861,0.333,0.025,7,Jun,,,,,,,,,
0.000200837,0.932229913,0.389,0.083,7,Adipor1,,,,,,,,,
2.12E-06,0.923253377,0.167,0.001,7,Ebi3,,,,,,,,,
3.59E-06,0.917529253,0.944,0.766,7,Fth1,,,,,,,,,
0.001694108,0.917010633,0.222,0.018,7,Nsun4,,,,,,,,,
3.36E-05,0.907120624,0.222,0.006,7,Litaf,,,,,,,,,
0.001123387,0.905857154,0.167,0.009,7,Kif3a,,,,,,,,,
0.002245389,0.886217003,0.444,0.122,7,Txnip,,,,,,,,,
0.000431812,0.880402151,0.389,0.096,7,Rgs2,,,,,,,,,
0.002040271,0.879679488,0.167,0.007,7,Slc12a9,,,,,,,,,
0.00692367,0.869802326,0.167,0.021,7,Nudt8,,,,,,,,,
0.00057188,0.861434759,0.167,0.005,7,Entpd7,,,,,,,,,
6.72E-05,0.859739523,0.444,0.079,7,Ftl1-ps1,,,,,,,,,
0.000731021,0.856331078,0.722,0.611,7,Cd52,,,,,,,,,
9.69E-05,0.852390714,0.222,0.007,7,Rab32,,,,,,,,,
8.28E-05,0.843133022,0.167,0.002,7,Rgs18,,,,,,,,,
4.03E-06,0.841499329,0.222,0.008,7,Ifitm3,,,,,,,,,
0.001400191,0.837232427,0.444,0.101,7,Mtdh,,,,,,,,,
2.29E-06,0.830307328,0.167,0,7,Gpr35,,,,,,,,,
0.000523043,0.822277849,0.167,0.007,7,Ccdc125,,,,,,,,,
5.72E-05,0.822119317,0.167,0.002,7,Nfam1,,,,,,,,,
0.000555603,0.812096465,0.444,0.097,7,Erp44,,,,,,,,,
0.001819957,0.801133496,0.278,0.04,7,Syngr2,,,,,,,,,
1.81E-07,0.797972656,0.5,0.087,7,Ctsz,,,,,,,,,
5.70E-07,0.797528753,0.222,0.006,7,Ncf4,,,,,,,,,
0.001505802,0.796139163,0.611,0.217,7,Ppib,,,,,,,,,
0.002928592,0.789836858,0.167,0.021,7,Chd6,,,,,,,,,
0.001809852,0.773590683,0.278,0.036,7,Gm10036,,,,,,,,,
0.000596115,0.77159069,0.722,0.324,7,Fxyd5,,,,,,,,,
0.00026722,0.7641816,0.167,0.004,7,Kctd12,,,,,,,,,
0.005173023,0.751617098,0.444,0.124,7,H2-T23,,,,,,,,,
0.002904802,0.751570005,0.222,0.024,7,Tpd52,,,,,,,,,
7.14E-07,0.7477928,0.222,0.002,7,Cyfip1,,,,,,,,,
9.42E-07,0.73687561,0.222,0.005,7,Aldh3b1,,,,,,,,,
0.003002471,0.736025318,0.278,0.057,7,Rpl36-ps2,,,,,,,,,
1.80E-05,0.733088129,0.167,0.001,7,Ckap4,,,,,,,,,
0.000119347,0.726080422,0.444,0.171,7,Ptpn6,,,,,,,,,
0.004898305,0.723148815,0.278,0.055,7,Pmpcb,,,,,,,,,
0.0041542,0.721061281,0.167,0.01,7,Hps3,,,,,,,,,
0.003219025,0.711079156,0.333,0.076,7,Tapbp,,,,,,,,,
0.000133907,0.701353838,0.222,0.014,7,1600002K03Rik,,,,,,,,,
0.00740226,0.696307541,0.167,0.013,7,St8sia4,,,,,,,,,
0.002937443,0.695868793,0.222,0.031,7,Sgk3,,,,,,,,,
0.000164319,0.695449127,0.167,0.02,7,Rasa3,,,,,,,,,
0.004097886,0.677585422,0.222,0.027,7,Dnajc14,,,,,,,,,
0.007635421,0.670342004,0.167,0.014,7,Tcf4,,,,,,,,,
0.000506052,0.669049896,0.333,0.085,7,Clec2d,,,,,,,,,
0.00028074,0.666728853,0.167,0.005,7,Evi2a,,,,,,,,,
0.003306479,0.66358673,0.222,0.027,7,As3mt,,,,,,,,,
2.23E-05,0.662734168,0.167,0.001,7,Emilin2,,,,,,,,,
0.008877095,0.662701247,0.167,0.012,7,Ubxn2a,,,,,,,,,
0.000220966,0.645413063,0.389,0.083,7,Erp29,,,,,,,,,
0.009532331,0.64264138,0.5,0.3,7,Cd24a,,,,,,,,,
3.23E-08,0.640616698,0.556,0.423,7,Ighm,,,,,,,,,
0.006857277,0.636108359,0.278,0.053,7,Rnf130,,,,,,,,,
0.004488556,0.63064237,0.778,0.369,7,Cdc42,,,,,,,,,
0.006685218,0.626624246,0.389,0.13,7,Timm10b,,,,,,,,,
1.59E-05,0.625571198,0.556,0.152,7,Atp6v1d,,,,,,,,,
0.000208938,0.624008428,0.722,0.343,7,Ubc,,,,,,,,,
0.003898086,0.621320665,0.167,0.011,7,Tmem35b,,,,,,,,,
0.004972251,0.620374483,0.333,0.081,7,Etf1,,,,,,,,,
0.00564344,0.620178932,0.222,0.042,7,Spns1,,,,,,,,,
0.000707367,0.614307357,0.167,0.005,7,Golim4,,,,,,,,,
0.000902271,0.611263729,0.722,0.291,7,Gabarap,,,,,,,,,
0.004707633,0.604054256,0.222,0.036,7,Mtmr14,,,,,,,,,
0.009840036,0.598149823,0.5,0.195,7,Rhog,,,,,,,,,
0.002617061,0.597890653,0.5,0.191,7,Ghitm,,,,,,,,,
0.00102851,0.597883387,0.167,0.013,7,Fem1b,,,,,,,,,
0.005841334,0.595010304,0.389,0.139,7,Rps11-ps1,,,,,,,,,
0.000399123,0.589043132,0.444,0.143,7,Acin1,,,,,,,,,
0.008770956,0.587309665,0.556,0.214,7,Sec11c,,,,,,,,,
0.001278605,0.583059025,0.278,0.063,7,Glud1,,,,,,,,,
3.54E-10,0.582549346,0.167,0.001,7,Rnase6,,,,,,,,,
0.008133318,0.582536511,0.556,0.276,7,Rps16-ps2,,,,,,,,,
0.00596593,0.580750614,0.278,0.068,7,Clint1,,,,,,,,,
0.009746046,0.573198631,0.167,0.018,7,Chpf2,,,,,,,,,
0.001973078,0.572234964,0.167,0.026,7,Gigyf1,,,,,,,,,
0.003712576,0.567416813,0.444,0.132,7,Rps26-ps1,,,,,,,,,
0.001750363,0.564885316,0.278,0.058,7,Hcfc1r1,,,,,,,,,
0.001381237,0.56252361,0.167,0.012,7,Mfsd11,,,,,,,,,
0.004373381,0.561069999,0.167,0.017,7,Il10rb,,,,,,,,,
0.000610037,0.552207543,0.778,0.395,7,Lsp1,,,,,,,,,
3.40E-05,0.548794149,0.167,0.024,7,Gm10224,,,,,,,,,
0.008911782,0.544168487,0.278,0.066,7,Alg5,,,,,,,,,
0.001397966,0.535102372,0.222,0.044,7,Pold4,,,,,,,,,
0.007949474,0.533122598,0.167,0.021,7,Ifitm2,,,,,,,,,
0.001159224,0.530584971,0.278,0.063,7,Ier2,,,,,,,,,
0.000379674,0.529280148,0.222,0.03,7,Ints6l,,,,,,,,,
0.001935538,0.525551889,0.222,0.036,7,Pex19,,,,,,,,,
0.009049295,0.520103522,0.222,0.045,7,Lamp2,,,,,,,,,
4.71E-05,0.519745682,0.611,0.264,7,Tspo,,,,,,,,,
0.008381643,0.517865855,0.222,0.044,7,Mapk14,,,,,,,,,
0.003120671,0.517041589,0.278,0.065,7,Trappc5,,,,,,,,,
0.001156195,0.516204179,0.5,0.214,7,Pnrc1,,,,,,,,,
0.002385167,0.504784265,0.278,0.066,7,Stt3a,,,,,,,,,
0.00158639,0.503645343,0.222,0.044,7,Acadvl,,,,,,,,,
0.002847606,0.502856979,0.444,0.145,7,Rab24,,,,,,,,,
0.006815611,0.499300735,0.222,0.041,7,Med11,,,,,,,,,
0.008700984,0.496802317,0.278,0.067,7,Mndal,,,,,,,,,
0.005382638,0.484234728,0.167,0.016,7,Nxpe3,,,,,,,,,
0.006078301,0.483318663,0.222,0.055,7,Tmem55b,,,,,,,,,
0.000160132,0.483007328,0.222,0.02,7,Ppm1m,,,,,,,,,
0.004111169,0.481317135,0.389,0.117,7,Samm50,,,,,,,,,
0.000115226,0.477919751,0.444,0.142,7,Arpc4,,,,,,,,,
1.97E-06,0.47716582,0.167,0.003,7,Serpinb1a,,,,,,,,,
0.003819636,0.466312476,0.167,0.032,7,Wsb2,,,,,,,,,
8.34E-05,0.459637609,0.5,0.177,7,Rabac1,,,,,,,,,
0.002851215,0.456833178,0.167,0.018,7,Hinfp,,,,,,,,,
0.000621085,0.453686323,0.389,0.107,7,Lamtor4,,,,,,,,,
0.000278717,0.451278205,0.222,0.042,7,Stx7,,,,,,,,,
0.007236289,0.436511881,0.444,0.169,7,Rpl37rt,,,,,,,,,
0.005968917,0.427654778,0.389,0.137,7,Cd37,,,,,,,,,
0.004837525,0.418346327,0.167,0.039,7,Mettl3,,,,,,,,,
1.46E-07,0.417310852,0.389,0.073,7,Glipr1,,,,,,,,,
0.0022078,0.413561863,0.5,0.232,7,Emp3,,,,,,,,,
0.001705109,0.409182538,0.444,0.177,7,Rac1,,,,,,,,,
0.00409475,0.40871059,0.444,0.187,7,Csnk1a1,,,,,,,,,
0.005146705,0.405255344,0.278,0.078,7,Ubap2l,,,,,,,,,
0.000979469,0.402308551,0.222,0.03,7,Cebpz,,,,,,,,,
2.82E-05,0.401583258,0.444,0.143,7,Sp100,,,,,,,,,
0.008248792,0.392146522,0.278,0.114,7,Tmem167,,,,,,,,,
8.55E-06,0.384883312,0.556,0.166,7,Atxn10,,,,,,,,,
0.000226976,0.384005645,0.222,0.025,7,Carhsp1,,,,,,,,,
0.004412229,0.380357061,0.222,0.049,7,Lims1,,,,,,,,,
0.003038197,0.37961887,0.167,0.019,7,Suclg2,,,,,,,,,
0.009736122,0.375252781,0.167,0.032,7,Mecp2,,,,,,,,,
0.001382007,0.374658884,0.167,0.016,7,Ifngr2,,,,,,,,,
0.000155536,0.374515957,0.333,0.084,7,Atp6ap1,,,,,,,,,
6.82E-06,0.367016425,0.667,0.25,7,Selplg,,,,,,,,,
0.000686914,0.36344627,0.167,0.022,7,Tmem154,,,,,,,,,
0.006413013,0.35232193,0.167,0.03,7,Abhd17b,,,,,,,,,
0.009834251,0.351008816,0.333,0.111,7,Snrnp40,,,,,,,,,
0.004366681,0.350090264,0.167,0.026,7,Arhgap27,,,,,,,,,
2.96E-24,2.544920963,0.769,0.073,8,Id2,,T cell_Id2 high,,,,,,,
1.15E-18,2.284990004,0.423,0.004,8,Xcl1,,,,,,,,,
5.70E-18,2.261530461,0.692,0.074,8,AW112010,,,,,,,,,
2.33E-15,2.253070012,0.346,0.005,8,Klra9,,,,,,,,,
1.61E-09,2.117332361,0.269,0.008,8,Ccl5,,,,,,,,,
2.47E-13,2.095528595,0.346,0.006,8,Klrd1,,,,,,,,,
1.44E-16,2.079082894,0.731,0.078,8,Nkg7,,,,,,,,,
1.11E-14,2.070759846,0.577,0.034,8,Cd7,,,,,,,,,
5.74E-19,1.961253751,0.462,0.005,8,Cxcr6,,,,,,,,,
3.25E-14,1.85029244,0.769,0.113,8,S100a11,,,,,,,,,
1.22E-12,1.757707407,0.731,0.11,8,Ms4a4b,,,,,,,,,
2.41E-11,1.746988816,0.615,0.07,8,Ctsw,,,,,,,,,
1.27E-11,1.708575445,0.269,0.002,8,Gzmb,,,,,,,,,
1.39E-16,1.70421326,0.885,0.286,8,H2-D1,,,,,,,,,
1.15E-11,1.653616833,0.346,0.012,8,S100a6,,,,,,,,,
3.45E-13,1.602872859,0.269,0.001,8,Klre1,,,,,,,,,
1.65E-08,1.590437311,0.269,0.007,8,Rgs1,,,,,,,,,
9.41E-14,1.58391812,0.308,0.002,8,Klrb1c,,,,,,,,,
9.30E-12,1.532685767,0.269,0.002,8,Klrk1,,,,,,,,,
1.08E-07,1.499727891,0.308,0.02,8,Fcer1g,,,,,,,,,
1.87E-07,1.494670372,0.538,0.091,8,Gimap4,,,,,,,,,
1.21E-11,1.482014999,0.885,0.261,8,H2-K1,,,,,,,,,
7.77E-07,1.469360913,0.346,0.029,8,Il7r,,,,,,,,,
3.01E-08,1.459797078,0.269,0.007,8,Cd160,,,,,,,,,
7.43E-10,1.438993713,0.385,0.023,8,Capg,,,,,,,,,
3.86E-07,1.433985138,0.385,0.057,8,Junb,,,,,,,,,
2.48E-07,1.43190985,0.231,0.007,8,Itgae,,,,,,,,,
7.15E-12,1.430712383,0.231,0,8,Klra7,,,,,,,,,
2.00E-08,1.41402065,0.192,0.001,8,Fgl2,,,,,,,,,
8.15E-10,1.411766865,0.308,0.008,8,Il2rb,,,,,,,,,
5.94E-23,1.39148737,1,0.734,8,B2m,,,,,,,,,
1.63E-07,1.384363121,0.154,0,8,Klrc1,,,,,,,,,
3.34E-08,1.381096473,0.462,0.05,8,H2-Q7,,,,,,,,,
8.60E-12,1.302082352,0.269,0.003,8,Cxcr3,,,,,,,,,
4.52E-08,1.281907235,0.231,0.004,8,Chn2,,,,,,,,,
5.22E-05,1.262203996,0.462,0.119,8,Dusp2,,,,,,,,,
3.50E-05,1.252573732,0.231,0.016,8,Slc16a10,,,,,,,,,
1.01E-06,1.250348294,0.5,0.084,8,Zyx,,,,,,,,,
8.71E-05,1.24806905,0.385,0.091,8,Ly6c2,,,,,,,,,
1.22E-05,1.242745043,0.308,0.04,8,Efhd2,,,,,,,,,
1.79E-08,1.215706971,0.846,0.312,8,Shisa5,,,,,,,,,
3.26E-08,1.181625889,0.308,0.019,8,Icos,,,,,,,,,
0.001718674,1.176192715,0.231,0.032,8,Il27ra,,,,,,,,,
6.67E-06,1.170994269,0.385,0.077,8,Tcrg-C2,,,,,,,,,
7.73E-06,1.164534166,0.154,0.004,8,H2-Q6,,,,,,,,,
2.20E-05,1.127134403,0.577,0.154,8,Stk17b,,,,,,,,,
1.03E-06,1.114060432,0.231,0.01,8,Cst7,,,,,,,,,
4.24E-06,1.106380959,0.192,0.005,8,Hopx,,,,,,,,,
1.85E-08,1.097868606,0.192,0.002,8,Maf,,,,,,,,,
4.82E-05,1.089865664,0.308,0.043,8,Dusp1,,,,,,,,,
0.00142696,1.081899538,0.423,0.118,8,Klf2,,,,,,,,,
5.74E-06,1.079722998,0.308,0.034,8,Gm5963,,,,,,,,,
7.60E-05,1.061599252,0.154,0.004,8,Jaml,,,,,,,,,
0.000200186,1.061506103,0.192,0.012,8,Ctla2a,,,,,,,,,
3.69E-05,1.056200182,0.462,0.1,8,Cd53,,,,,,,,,
1.12E-05,1.053645923,0.308,0.036,8,Gimap3,,,,,,,,,
8.12E-06,1.050583261,0.154,0.003,8,Rhob,,,,,,,,,
9.11E-05,1.006548162,0.462,0.112,8,Hcst,,,,,,,,,
0.005716972,1.001298487,0.231,0.041,8,Pik3cd,,,,,,,,,
0.002834729,1.001158929,0.308,0.065,8,Srpk1,,,,,,,,,
2.59E-06,1.000766011,0.154,0.002,8,Klra1,,,,,,,,,
8.94E-05,0.989569364,0.308,0.056,8,Cd82,,,,,,,,,
0.001778392,0.971930561,0.154,0.009,8,Runx3,,,,,,,,,
0.001759189,0.971035518,0.231,0.031,8,Ndfip1,,,,,,,,,
0.006087927,0.968972545,0.231,0.04,8,Esyt1,,,,,,,,,
1.01E-16,0.965324295,1,0.918,8,Tmsb4x,,,,,,,,,
0.000713552,0.949902958,0.231,0.027,8,Numa1,,,,,,,,,
0.009397536,0.945487116,0.423,0.155,8,Ifi27l2a,,,,,,,,,
8.04E-09,0.937684493,0.962,0.46,8,Gm15427,,,,,,,,,
3.04E-06,0.93740838,0.231,0.013,8,Cd9,,,,,,,,,
0.001174457,0.927943025,0.231,0.029,8,Uba7,,,,,,,,,
4.41E-09,0.924847044,1,0.609,8,Cd52,,,,,,,,,
0.0003042,0.916357256,0.308,0.053,8,Gimap5,,,,,,,,,
2.20E-05,0.913278316,0.231,0.015,8,Lax1,,,,,,,,,
0.00990666,0.912482069,0.385,0.125,8,Gm4149,,,,,,,,,
0.000276873,0.906415073,0.423,0.103,8,Gm11361,,,,,,,,,
0.000127743,0.904922428,0.192,0.019,8,Rfx5,,,,,,,,,
2.91E-07,0.904893288,0.192,0.004,8,Tbx21,,,,,,,,,
0.003540332,0.902884648,0.192,0.034,8,Ugcg,,,,,,,,,
2.77E-05,0.900609219,0.308,0.043,8,Tes,,,,,,,,,
0.001142571,0.900421999,0.231,0.029,8,Pla2g16,,,,,,,,,
0.0003863,0.896556599,0.577,0.203,8,Bin2,,,,,,,,,
0.009273789,0.894948286,0.154,0.025,8,Arhgef3,,,,,,,,,
0.001058118,0.891333231,0.154,0.008,8,Eya2,,,,,,,,,
0.00018215,0.889619006,0.154,0.005,8,Evi2a,,,,,,,,,
0.004490425,0.884677936,0.231,0.038,8,Tpst2,,,,,,,,,
1.17E-06,0.875808805,0.885,0.575,8,Rps29,,,,,,,,,
0.000112577,0.875736766,0.154,0.006,8,Bcl2a1b,,,,,,,,,
0.000363106,0.874515182,0.462,0.128,8,Psmb10,,,,,,,,,
0.003213688,0.866578294,0.308,0.081,8,Adgre5,,,,,,,,,
0.003499757,0.856652368,0.308,0.074,8,Cited2,,,,,,,,,
0.000626069,0.853271691,0.231,0.043,8,Ccnd2,,,,,,,,,
0.000568093,0.849317918,0.423,0.124,8,Btg1,,,,,,,,,
0.000695593,0.841733652,0.231,0.04,8,Gm9294,,,,,,,,,
1.46E-05,0.839828082,0.538,0.141,8,Zap70,,,,,,,,,
0.007643753,0.837152066,0.231,0.044,8,Vps37b,,,,,,,,,
1.40E-05,0.83706627,0.308,0.047,8,Cnot11,,,,,,,,,
0.000287336,0.824026593,0.885,0.618,8,Tmsb10,,,,,,,,,
4.68E-05,0.822568307,0.154,0.005,8,S100a4,,,,,,,,,
6.86E-05,0.819274881,0.462,0.118,8,Gramd1a,,,,,,,,,
0.005276179,0.81715844,0.154,0.022,8,Zfp36l2,,,,,,,,,
6.60E-06,0.812156425,0.154,0.004,8,Gm12854,,,,,,,,,
0.003583384,0.81076087,0.346,0.125,8,Rps23-ps1,,,,,,,,,
6.92E-07,0.808062454,0.154,0.004,8,Bcl2a1d,,,,,,,,,
0.000164226,0.79635893,0.308,0.054,8,Ifi35,,,,,,,,,
0.000237993,0.788709591,0.654,0.25,8,Cotl1,,,,,,,,,
4.82E-05,0.785937172,0.154,0.008,8,Map3k3,,,,,,,,,
0.001617052,0.778031187,0.231,0.042,8,Ifi209,,,,,,,,,
0.001344161,0.76995451,0.231,0.034,8,Cdc42ep3,,,,,,,,,
0.001532041,0.768088685,0.615,0.25,8,Actg1,,,,,,,,,
0.003253102,0.765558449,0.154,0.021,8,Rbm26,,,,,,,,,
0.00049314,0.760877896,0.654,0.274,8,Rps16-ps2,,,,,,,,,
0.001931372,0.76079256,0.231,0.035,8,Smco4,,,,,,,,,
0.005468912,0.758991457,0.192,0.027,8,Mcat,,,,,,,,,
0.00038888,0.757273238,0.308,0.07,8,Ppp1r12a,,,,,,,,,
0.004511193,0.7570713,0.269,0.057,8,Sipa1,,,,,,,,,
0.001653843,0.753706346,0.423,0.152,8,Lcp1,,,,,,,,,
0.00798647,0.74524582,0.192,0.033,8,Slc4a1ap,,,,,,,,,
0.005239582,0.743159685,0.231,0.048,8,Dennd1c,,,,,,,,,
9.68E-05,0.735667068,0.731,0.309,8,Rps6,,,,,,,,,
5.73E-05,0.723477473,0.154,0.007,8,Pglyrp1,,,,,,,,,
0.000206039,0.721278686,0.154,0.016,8,Zfp120,,,,,,,,,
0.00245132,0.719007414,0.615,0.297,8,Gm14303,,,,,,,,,
0.000641846,0.718086115,0.423,0.135,8,Vasp,,,,,,,,,
0.001684883,0.713370762,0.385,0.114,8,Gm13436,,,,,,,,,
7.11E-07,0.710638682,1,0.854,8,Rps27,,,,,,,,,
0.006866467,0.71049433,0.154,0.017,8,Gm13680,,,,,,,,,
0.000546189,0.705718667,0.577,0.213,8,Gltscr2,,,,,,,,,
0.000344357,0.697366589,0.192,0.022,8,Tmem154,,,,,,,,,
0.000243785,0.69699554,0.269,0.05,8,Ppp1r12c,,,,,,,,,
0.000451134,0.695496582,0.808,0.504,8,Eef1a1,,,,,,,,,
0.000460491,0.694422817,0.154,0.016,8,Pacsin2,,,,,,,,,
9.96E-05,0.693606722,0.885,0.633,8,Rpl13,,,,,,,,,
0.002664292,0.681068555,0.692,0.335,8,Arpc1b,,,,,,,,,
0.000155016,0.68048831,0.308,0.057,8,Ebp,,,,,,,,,
6.18E-06,0.671000818,0.154,0.011,8,Cebpb,,,,,,,,,
0.002577126,0.670949957,0.231,0.041,8,Tgfb1,,,,,,,,,
0.00085109,0.668282197,0.269,0.052,8,Rnf130,,,,,,,,,
0.000516998,0.668185496,0.462,0.156,8,Rps13-ps2,,,,,,,,,
4.05E-06,0.64989189,1,0.636,8,Sh3bgrl3,,,,,,,,,
7.13E-05,0.649305108,0.923,0.704,8,Rps7,,,,,,,,,
0.009148048,0.630743371,0.192,0.035,8,Bin1,,,,,,,,,
0.006163837,0.61950776,0.538,0.25,8,Selplg,,,,,,,,,
0.002425266,0.613556879,0.154,0.015,8,Xaf1,,,,,,,,,
3.74E-06,0.607304214,0.962,0.695,8,Rps23,,,,,,,,,
0.000161944,0.60563608,0.769,0.358,8,Gm9843,,,,,,,,,
0.00808345,0.601664213,0.654,0.328,8,S100a10,,,,,,,,,
0.008374278,0.598653705,0.192,0.046,8,Clasrp,,,,,,,,,
0.005951661,0.597880615,0.423,0.156,8,Tagln2,,,,,,,,,
0.009574563,0.591910165,0.154,0.031,8,Ankrd16,,,,,,,,,
0.000149294,0.586251823,0.269,0.05,8,Rnf2,,,,,,,,,
0.005978294,0.582554624,0.5,0.212,8,Ywhaq,,,,,,,,,
0.00246274,0.574190585,0.385,0.169,8,Rps27rt,,,,,,,,,
0.000619405,0.572551205,0.5,0.206,8,Cdk2ap2,,,,,,,,,
0.00074998,0.572230699,0.923,0.679,8,Rps18,,,,,,,,,
0.00655229,0.559812566,0.346,0.14,8,Cnn2,,,,,,,,,
0.003093485,0.559509251,0.192,0.049,8,Vezf1,,,,,,,,,
0.005153411,0.559006322,0.154,0.035,8,Klf6,,,,,,,,,
0.008914522,0.55882751,0.269,0.103,8,Ggnbp2,,,,,,,,,
0.000699495,0.55843137,0.692,0.323,8,Fxyd5,,,,,,,,,
0.002252758,0.555906594,0.192,0.036,8,Arhgap25,,,,,,,,,
0.007360118,0.547755928,0.154,0.03,8,Gramd3,,,,,,,,,
5.90E-05,0.547747595,0.192,0.025,8,Izumo1r,,,,,,,,,
0.005215279,0.543965436,0.269,0.091,8,Cd48,,,,,,,,,
0.000335184,0.540821691,0.269,0.061,8,Jakmip1,,,,,,,,,
0.002220505,0.539033774,0.346,0.13,8,Prkcq,,,,,,,,,
0.002262752,0.537591384,0.192,0.031,8,Prr13,,,,,,,,,
0.002727928,0.53503626,0.154,0.02,8,Rhof,,,,,,,,,
0.009622781,0.527636617,0.269,0.087,8,Nfu1,,,,,,,,,
4.10E-05,0.526657238,1,0.695,8,Rps13,,,,,,,,,
0.000502243,0.523530759,0.462,0.163,8,Psme2,,,,,,,,,
0.001975216,0.522308562,0.923,0.659,8,Rplp2,,,,,,,,,
0.007521129,0.521134802,0.308,0.127,8,Rpl6l,,,,,,,,,
0.006769458,0.520025108,0.308,0.102,8,Jak1,,,,,,,,,
0.002249066,0.516842951,0.731,0.374,8,Rpl5,,,,,,,,,
0.000501979,0.516513617,0.962,0.667,8,Rpl23,,,,,,,,,
0.00137757,0.513001271,0.962,0.74,8,Rpl37a,,,,,,,,,
0.001136016,0.510992384,0.154,0.042,8,Atp6v1h,,,,,,,,,
0.000333062,0.493568656,0.192,0.054,8,Herpud1,,,,,,,,,
0.00745312,0.49175811,0.192,0.067,8,Alg5,,,,,,,,,
0.000262657,0.487764674,0.885,0.535,8,Rpl38,,,,,,,,,
0.008781293,0.48758991,0.192,0.046,8,Mbtps1,,,,,,,,,
2.28E-08,0.472743675,0.154,0.035,8,Wdr46,,,,,,,,,
0.008683795,0.470686204,0.154,0.028,8,Pbxip1,,,,,,,,,
0.006771233,0.470611952,0.731,0.399,8,Pabpc1,,,,,,,,,
0.000436151,0.469288641,0.308,0.084,8,Clec2d,,,,,,,,,
0.003691749,0.468147026,0.423,0.207,8,Eif2s2,,,,,,,,,
0.0036097,0.46713039,0.115,0.192,8,Gzma,,,,,,,,,
7.86E-06,0.447876019,0.192,0.053,8,Prkch,,,,,,,,,
0.006418304,0.445611655,0.846,0.777,8,Rpl18a,,,,,,,,,
0.005471807,0.445403083,0.577,0.276,8,Actr3,,,,,,,,,
0.002256396,0.436173477,0.346,0.123,8,Ctsa,,,,,,,,,
7.94E-05,0.430139641,1,0.69,8,Rpl36,,,,,,,,,
0.002871826,0.407612353,0.346,0.128,8,Dazap2,,,,,,,,,
0.001009788,0.401349657,0.346,0.143,8,Sp100,,,,,,,,,
0.00698259,0.373919945,0.385,0.162,8,Ssr4,,,,,,,,,
0.002168831,0.373727365,0.154,0.028,8,Ephx1,,,,,,,,,
0.004857958,0.371502047,0.769,0.607,8,Rpl9,,,,,,,,,
0.000992318,0.367648592,0.308,0.101,8,Fam189b,,,,,,,,,
0.003750424,0.366171192,0.5,0.226,8,Rnf187,,,,,,,,,
0.006244356,0.36364023,0.885,0.576,8,Rpl11,,,,,,,,,
0.00622532,0.355687304,0.308,0.13,8,Eif4e,,,,,,,,,