"","nGene","nReads","orig.ident"
"A7.MAA000526.3_9_M.1.1",799,221867,"Lung"
"B12.MAA000526.3_9_M.1.1",3616,1377608,"Lung"
"D4.MAA000526.3_9_M.1.1",3718,819023,"Lung"
"E11.MAA000526.3_9_M.1.1",4137,1392940,"Lung"
"G6.MAA000526.3_9_M.1.1",3113,869794,"Lung"
"H14.MAA000526.3_9_M.1.1",3887,1182052,"Lung"
"J4.MAA000526.3_9_M.1.1",5058,1364085,"Lung"
"K21.MAA000526.3_9_M.1.1",1890,448424,"Lung"
"M10.MAA000526.3_9_M.1.1",3751,1417046,"Lung"
"A8.MAA000526.3_9_M.1.1",2635,755596,"Lung"
"B13.MAA000526.3_9_M.1.1",2393,703042,"Lung"
"D6.MAA000526.3_9_M.1.1",3110,570943,"Lung"
"E12.MAA000526.3_9_M.1.1",2296,455335,"Lung"
"G7.MAA000526.3_9_M.1.1",1774,510082,"Lung"
"O2.MAA000526.3_9_M.1.1",1776,428298,"Lung"
"H19.MAA000526.3_9_M.1.1",851,70667,"Lung"
"J5.MAA000526.3_9_M.1.1",3295,565356,"Lung"
"K22.MAA000526.3_9_M.1.1",1317,403384,"Lung"
"P7.MAA000526.3_9_M.1.1",1683,214458,"Lung"
"M11.MAA000526.3_9_M.1.1",2745,441447,"Lung"
"B14.MAA000526.3_9_M.1.1",3457,872584,"Lung"
"D7.MAA000526.3_9_M.1.1",3323,812846,"Lung"
"E13.MAA000526.3_9_M.1.1",4001,998218,"Lung"
"G8.MAA000526.3_9_M.1.1",2567,664789,"Lung"
"H20.MAA000526.3_9_M.1.1",2444,441341,"Lung"
"J6.MAA000526.3_9_M.1.1",1387,287261,"Lung"
"L1.MAA000526.3_9_M.1.1",2725,604606,"Lung"
"M12.MAA000526.3_9_M.1.1",3327,968617,"Lung"
"O4.MAA000526.3_9_M.1.1",4792,1203854,"Lung"
"O3.MAA000526.3_9_M.1.1",2204,446329,"Lung"
"P9.MAA000526.3_9_M.1.1",2643,464370,"Lung"
"P8.MAA000526.3_9_M.1.1",2746,358150,"Lung"
"A9.MAA000526.3_9_M.1.1",1663,355656,"Lung"
"H22.MAA000526.3_9_M.1.1",1468,675183,"Lung"
"J8.MAA000526.3_9_M.1.1",1904,518425,"Lung"
"L2.MAA000526.3_9_M.1.1",3462,999561,"Lung"
"M13.MAA000526.3_9_M.1.1",2895,776553,"Lung"
"O5.MAA000526.3_9_M.1.1",2707,332774,"Lung"
"P10.MAA000526.3_9_M.1.1",3456,639752,"Lung"
"A10.MAA000526.3_9_M.1.1",3563,937998,"Lung"
"B20.MAA000526.3_9_M.1.1",1645,184246,"Lung"
"D8.MAA000526.3_9_M.1.1",3092,681941,"Lung"
"E14.MAA000526.3_9_M.1.1",3399,854746,"Lung"
"G9.MAA000526.3_9_M.1.1",2001,505766,"Lung"
"A11.MAA000526.3_9_M.1.1",3442,1162996,"Lung"
"O6.MAA000526.3_9_M.1.1",2293,474920,"Lung"
"P11.MAA000526.3_9_M.1.1",2269,444377,"Lung"
"A12.MAA000526.3_9_M.1.1",4263,1143747,"Lung"
"C2.MAA000526.3_9_M.1.1",4122,1610761,"Lung"
"B21.MAA000526.3_9_M.1.1",2120,653017,"Lung"
"D10.MAA000526.3_9_M.1.1",4230,1120445,"Lung"
"F1.MAA000526.3_9_M.1.1",1751,594198,"Lung"
"G11.MAA000526.3_9_M.1.1",2012,517732,"Lung"
"D9.MAA000526.3_9_M.1.1",3333,768715,"Lung"
"E19.MAA000526.3_9_M.1.1",3469,1291145,"Lung"
"G10.MAA000526.3_9_M.1.1",3328,1028549,"Lung"
"I1.MAA000526.3_9_M.1.1",2462,524540,"Lung"
"J9.MAA000526.3_9_M.1.1",2271,551241,"Lung"
"I2.MAA000526.3_9_M.1.1",2796,542489,"Lung"
"A13.MAA000526.3_9_M.1.1",4278,1787165,"Lung"
"C3.MAA000526.3_9_M.1.1",2578,865166,"Lung"
"D11.MAA000526.3_9_M.1.1",3102,647908,"Lung"
"F2.MAA000526.3_9_M.1.1",4459,1245281,"Lung"
"G13.MAA000526.3_9_M.1.1",3289,1013078,"Lung"
"J10.MAA000526.3_9_M.1.1",4241,1617933,"Lung"
"I3.MAA000526.3_9_M.1.1",2079,751901,"Lung"
"J11.MAA000526.3_9_M.1.1",4095,706430,"Lung"
"L5.MAA000526.3_9_M.1.1",1411,242332,"Lung"
"L4.MAA000526.3_9_M.1.1",2312,652512,"Lung"
"M18.MAA000526.3_9_M.1.1",2400,505178,"Lung"
"O7.MAA000526.3_9_M.1.1",2597,513608,"Lung"
"P12.MAA000526.3_9_M.1.1",3897,947881,"Lung"
"M19.MAA000526.3_9_M.1.1",2968,654763,"Lung"
"C4.MAA000526.3_9_M.1.1",4284,1043923,"Lung"
"D12.MAA000526.3_9_M.1.1",2627,706472,"Lung"
"F3.MAA000526.3_9_M.1.1",4318,791004,"Lung"
"G14.MAA000526.3_9_M.1.1",3509,753215,"Lung"
"I5.MAA000526.3_9_M.1.1",5590,907697,"Lung"
"O8.MAA000526.3_9_M.1.1",1749,275371,"Lung"
"J13.MAA000526.3_9_M.1.1",2204,554197,"Lung"
"L6.MAA000526.3_9_M.1.1",3945,979180,"Lung"
"P13.MAA000526.3_9_M.1.1",4173,1038877,"Lung"
"A14.MAA000526.3_9_M.1.1",1551,248273,"Lung"
"A17.MAA000526.3_9_M.1.1",1818,593730,"Lung"
"C6.MAA000526.3_9_M.1.1",2131,484787,"Lung"
"D13.MAA000526.3_9_M.1.1",2506,684725,"Lung"
"F4.MAA000526.3_9_M.1.1",6401,1478486,"Lung"
"G17.MAA000526.3_9_M.1.1",1893,398271,"Lung"
"I6.MAA000526.3_9_M.1.1",2924,630750,"Lung"
"M21.MAA000526.3_9_M.1.1",2785,547728,"Lung"
"J19.MAA000526.3_9_M.1.1",2172,869012,"Lung"
"L7.MAA000526.3_9_M.1.1",2537,579829,"Lung"
"O9.MAA000526.3_9_M.1.1",3001,659285,"Lung"
"N1.MAA000526.3_9_M.1.1",2736,448669,"Lung"
"A19.MAA000526.3_9_M.1.1",2116,499655,"Lung"
"C7.MAA000526.3_9_M.1.1",4252,413450,"Lung"
"D14.MAA000526.3_9_M.1.1",4341,1711729,"Lung"
"F5.MAA000526.3_9_M.1.1",2505,901851,"Lung"
"G19.MAA000526.3_9_M.1.1",2249,452108,"Lung"
"I7.MAA000526.3_9_M.1.1",1992,446206,"Lung"
"J21.MAA000526.3_9_M.1.1",2272,708165,"Lung"
"O10.MAA000526.3_9_M.1.1",2441,401294,"Lung"
"L8.MAA000526.3_9_M.1.1",2337,469779,"Lung"
"N2.MAA000526.3_9_M.1.1",3359,1003660,"Lung"
"O11.MAA000526.3_9_M.1.1",2329,470281,"Lung"
"F6.MAA000526.3_9_M.1.1",1940,390228,"Lung"
"G20.MAA000526.3_9_M.1.1",2520,529275,"Lung"
"I9.MAA000526.3_9_M.1.1",2467,342933,"Lung"
"K1.MAA000526.3_9_M.1.1",2822,471223,"Lung"
"L10.MAA000526.3_9_M.1.1",3728,1292723,"Lung"
"A20.MAA000526.3_9_M.1.1",1724,282474,"Lung"
"C8.MAA000526.3_9_M.1.1",3671,610118,"Lung"
"N3.MAA000526.3_9_M.1.1",1893,347265,"Lung"
"A21.MAA000526.3_9_M.1.1",1990,541950,"Lung"
"C9.MAA000526.3_9_M.1.1",3754,869794,"Lung"
"D19.MAA000526.3_9_M.1.1",2993,1231290,"Lung"
"F8.MAA000526.3_9_M.1.1",2736,768242,"Lung"
"G21.MAA000526.3_9_M.1.1",1504,369723,"Lung"
"O12.MAA000526.3_9_M.1.1",3009,587814,"Lung"
"I10.MAA000526.3_9_M.1.1",2691,506724,"Lung"
"P19.MAA000526.3_9_M.1.1",2716,209810,"Lung"
"K2.MAA000526.3_9_M.1.1",3497,757997,"Lung"
"A22.MAA000526.3_9_M.1.1",3913,1200752,"Lung"
"C10.MAA000526.3_9_M.1.1",4016,1002824,"Lung"
"D20.MAA000526.3_9_M.1.1",1867,292362,"Lung"
"F9.MAA000526.3_9_M.1.1",3149,518019,"Lung"
"H1.MAA000526.3_9_M.1.1",3572,561511,"Lung"
"L11.MAA000526.3_9_M.1.1",3862,1144155,"Lung"
"I12.MAA000526.3_9_M.1.1",3231,820240,"Lung"
"K3.MAA000526.3_9_M.1.1",3822,782486,"Lung"
"N4.MAA000526.3_9_M.1.1",1236,252179,"Lung"
"O13.MAA000526.3_9_M.1.1",3170,731928,"Lung"
"P20.MAA000526.3_9_M.1.1",3799,574983,"Lung"
"L12.MAA000526.3_9_M.1.1",5039,1507951,"Lung"
"B1.MAA000526.3_9_M.1.1",3790,1543147,"Lung"
"C11.MAA000526.3_9_M.1.1",3820,1001099,"Lung"
"D21.MAA000526.3_9_M.1.1",3519,817613,"Lung"
"F10.MAA000526.3_9_M.1.1",3280,672545,"Lung"
"H2.MAA000526.3_9_M.1.1",3428,1144637,"Lung"
"N5.MAA000526.3_9_M.1.1",3317,577762,"Lung"
"I13.MAA000526.3_9_M.1.1",1508,183189,"Lung"
"K4.MAA000526.3_9_M.1.1",3867,1115877,"Lung"
"O17.MAA000526.3_9_M.1.1",768,120745,"Lung"
"P21.MAA000526.3_9_M.1.1",2648,229161,"Lung"
"L13.MAA000526.3_9_M.1.1",2621,792639,"Lung"
"B2.MAA000526.3_9_M.1.1",1016,306907,"Lung"
"C12.MAA000526.3_9_M.1.1",2574,623883,"Lung"
"D22.MAA000526.3_9_M.1.1",1724,620542,"Lung"
"F11.MAA000526.3_9_M.1.1",2157,473199,"Lung"
"H3.MAA000526.3_9_M.1.1",4271,1184185,"Lung"
"N7.MAA000526.3_9_M.1.1",2366,509512,"Lung"
"K6.MAA000526.3_9_M.1.1",2690,400605,"Lung"
"L21.MAA000526.3_9_M.1.1",2214,468148,"Lung"
"O18.MAA000526.3_9_M.1.1",3523,716480,"Lung"
"N8.MAA000526.3_9_M.1.1",2445,494082,"Lung"
"B3.MAA000526.3_9_M.1.1",3337,593300,"Lung"
"C13.MAA000526.3_9_M.1.1",2177,341515,"Lung"
"E1.MAA000526.3_9_M.1.1",3889,1744253,"Lung"
"F13.MAA000526.3_9_M.1.1",3809,1064780,"Lung"
"O19.MAA000526.3_9_M.1.1",3450,861044,"Lung"
"H4.MAA000526.3_9_M.1.1",4867,916452,"Lung"
"I17.MAA000526.3_9_M.1.1",2504,580556,"Lung"
"B4.MAA000526.3_9_M.1.1",1318,474514,"Lung"
"C14.MAA000526.3_9_M.1.1",3822,983299,"Lung"
"E2.MAA000526.3_9_M.1.1",2424,765175,"Lung"
"K7.MAA000526.3_9_M.1.1",1919,443893,"Lung"
"F14.MAA000526.3_9_M.1.1",2845,576323,"Lung"
"H6.MAA000526.3_9_M.1.1",2020,595273,"Lung"
"M1.MAA000526.3_9_M.1.1",6126,1219444,"Lung"
"N9.MAA000526.3_9_M.1.1",3106,691923,"Lung"
"O20.MAA000526.3_9_M.1.1",3006,549564,"Lung"
"I18.MAA000526.3_9_M.1.1",3537,755998,"Lung"
"B5.MAA000526.3_9_M.1.1",2909,903251,"Lung"
"K8.MAA000526.3_9_M.1.1",3181,676523,"Lung"
"M2.MAA000526.3_9_M.1.1",1920,709828,"Lung"
"N10.MAA000526.3_9_M.1.1",3306,920838,"Lung"
"O21.MAA000526.3_9_M.1.1",1623,165141,"Lung"
"E3.MAA000526.3_9_M.1.1",4078,851490,"Lung"
"A1.MAA000526.3_9_M.1.1",4457,1956405,"Lung"
"B6.MAA000526.3_9_M.1.1",1593,87869,"Lung"
"C19.MAA000526.3_9_M.1.1",1675,227092,"Lung"
"F19.MAA000526.3_9_M.1.1",2553,559875,"Lung"
"E4.MAA000526.3_9_M.1.1",4706,1629859,"Lung"
"H7.MAA000526.3_9_M.1.1",2501,773025,"Lung"
"I19.MAA000526.3_9_M.1.1",1956,378649,"Lung"
"K9.MAA000526.3_9_M.1.1",1706,397829,"Lung"
"M3.MAA000526.3_9_M.1.1",3668,674476,"Lung"
"N11.MAA000526.3_9_M.1.1",4237,1270964,"Lung"
"O22.MAA000526.3_9_M.1.1",1992,371080,"Lung"
"F20.MAA000526.3_9_M.1.1",1616,270837,"Lung"
"H8.MAA000526.3_9_M.1.1",1966,403642,"Lung"
"A2.MAA000526.3_9_M.1.1",2265,738502,"Lung"
"B7.MAA000526.3_9_M.1.1",2272,563902,"Lung"
"C20.MAA000526.3_9_M.1.1",3190,972539,"Lung"
"I20.MAA000526.3_9_M.1.1",1584,210719,"Lung"
"K10.MAA000526.3_9_M.1.1",2994,622843,"Lung"
"N12.MAA000526.3_9_M.1.1",4867,1181466,"Lung"
"P1.MAA000526.3_9_M.1.1",2264,177194,"Lung"
"E6.MAA000526.3_9_M.1.1",1950,701634,"Lung"
"A3.MAA000526.3_9_M.1.1",2358,890534,"Lung"
"B8.MAA000526.3_9_M.1.1",2496,501057,"Lung"
"C22.MAA000526.3_9_M.1.1",1668,454274,"Lung"
"G1.MAA000526.3_9_M.1.1",544,112862,"Lung"
"E7.MAA000526.3_9_M.1.1",2517,1493659,"Lung"
"G2.MAA000526.3_9_M.1.1",2514,654321,"Lung"
"H9.MAA000526.3_9_M.1.1",2754,472913,"Lung"
"I21.MAA000526.3_9_M.1.1",2344,437042,"Lung"
"K11.MAA000526.3_9_M.1.1",607,165589,"Lung"
"M5.MAA000526.3_9_M.1.1",3744,1102888,"Lung"
"N13.MAA000526.3_9_M.1.1",3698,792320,"Lung"
"P2.MAA000526.3_9_M.1.1",686,52783,"Lung"
"A4.MAA000526.3_9_M.1.1",3330,1378820,"Lung"
"B9.MAA000526.3_9_M.1.1",2972,949840,"Lung"
"D1.MAA000526.3_9_M.1.1",4219,1343128,"Lung"
"E8.MAA000526.3_9_M.1.1",1141,126689,"Lung"
"G3.MAA000526.3_9_M.1.1",3129,784850,"Lung"
"H11.MAA000526.3_9_M.1.1",4787,412699,"Lung"
"J1.MAA000526.3_9_M.1.1",2041,475179,"Lung"
"K12.MAA000526.3_9_M.1.1",3014,825037,"Lung"
"K13.MAA000526.3_9_M.1.1",2311,490748,"Lung"
"M7.MAA000526.3_9_M.1.1",2333,531086,"Lung"
"N21.MAA000526.3_9_M.1.1",2019,637649,"Lung"
"M6.MAA000526.3_9_M.1.1",1238,320678,"Lung"
"N20.MAA000526.3_9_M.1.1",2674,416938,"Lung"
"P3.MAA000526.3_9_M.1.1",4536,616211,"Lung"
"P4.MAA000526.3_9_M.1.1",3349,380616,"Lung"
"D2.MAA000526.3_9_M.1.1",2552,541458,"Lung"
"E9.MAA000526.3_9_M.1.1",2397,122642,"Lung"
"G4.MAA000526.3_9_M.1.1",4244,1030011,"Lung"
"H12.MAA000526.3_9_M.1.1",4318,1460882,"Lung"
"J2.MAA000526.3_9_M.1.1",3873,937538,"Lung"
"M8.MAA000526.3_9_M.1.1",2761,716285,"Lung"
"N22.MAA000526.3_9_M.1.1",989,208381,"Lung"
"P5.MAA000526.3_9_M.1.1",873,82781,"Lung"
"A5.MAA000526.3_9_M.1.1",2768,415356,"Lung"
"B10.MAA000526.3_9_M.1.1",2637,845155,"Lung"
"H13.MAA000526.3_9_M.1.1",4667,1308886,"Lung"
"J3.MAA000526.3_9_M.1.1",3134,506882,"Lung"
"K19.MAA000526.3_9_M.1.1",529,87320,"Lung"
"M9.MAA000526.3_9_M.1.1",2537,563281,"Lung"
"O1.MAA000526.3_9_M.1.1",2298,341076,"Lung"
"P6.MAA000526.3_9_M.1.1",2578,341231,"Lung"
"A6.MAA000526.3_9_M.1.1",2464,502970,"Lung"
"B11.MAA000526.3_9_M.1.1",4522,1611128,"Lung"
"D3.MAA000526.3_9_M.1.1",4623,886961,"Lung"
"E10.MAA000526.3_9_M.1.1",3463,1252632,"Lung"
"G5.MAA000526.3_9_M.1.1",3544,714773,"Lung"
"A12.MAA000530.3_8_M.1.1",3702,1340160,"Lung"
"B19.MAA000530.3_8_M.1.1",2407,481065,"Lung"
"A14.MAA000530.3_8_M.1.1",3406,979207,"Lung"
"A13.MAA000530.3_8_M.1.1",3172,1147709,"Lung"
"A18.MAA000530.3_8_M.1.1",2332,596324,"Lung"
"A19.MAA000530.3_8_M.1.1",2597,553359,"Lung"
"A20.MAA000530.3_8_M.1.1",2816,1002565,"Lung"
"A21.MAA000530.3_8_M.1.1",1786,556785,"Lung"
"A22.MAA000530.3_8_M.1.1",1890,456930,"Lung"
"B1.MAA000530.3_8_M.1.1",3683,866003,"Lung"
"B2.MAA000530.3_8_M.1.1",3041,781417,"Lung"
"B3.MAA000530.3_8_M.1.1",3341,389567,"Lung"
"B4.MAA000530.3_8_M.1.1",2949,962883,"Lung"
"B6.MAA000530.3_8_M.1.1",2845,729482,"Lung"
"A1.MAA000530.3_8_M.1.1",3617,552077,"Lung"
"B7.MAA000530.3_8_M.1.1",1635,595653,"Lung"
"A2.MAA000530.3_8_M.1.1",4690,861869,"Lung"
"B8.MAA000530.3_8_M.1.1",4295,1616340,"Lung"
"A3.MAA000530.3_8_M.1.1",4096,1192898,"Lung"
"B9.MAA000530.3_8_M.1.1",2650,1236651,"Lung"
"B10.MAA000530.3_8_M.1.1",3760,1841635,"Lung"
"A4.MAA000530.3_8_M.1.1",3431,1613294,"Lung"
"B11.MAA000530.3_8_M.1.1",3128,1259271,"Lung"
"A6.MAA000530.3_8_M.1.1",2757,1068537,"Lung"
"B12.MAA000530.3_8_M.1.1",3671,1685003,"Lung"
"A7.MAA000530.3_8_M.1.1",781,246820,"Lung"
"A8.MAA000530.3_8_M.1.1",3263,1218732,"Lung"
"B13.MAA000530.3_8_M.1.1",1626,424689,"Lung"
"A9.MAA000530.3_8_M.1.1",3136,975332,"Lung"
"A10.MAA000530.3_8_M.1.1",3923,1442228,"Lung"
"B17.MAA000530.3_8_M.1.1",1402,380227,"Lung"
"B14.MAA000530.3_8_M.1.1",4008,1326019,"Lung"
"A11.MAA000530.3_8_M.1.1",2181,1651511,"Lung"
"B18.MAA000530.3_8_M.1.1",2427,880481,"Lung"
"D3.MAA000530.3_8_M.1.1",4100,1288618,"Lung"
"E7.MAA000530.3_8_M.1.1",2657,1313406,"Lung"
"F13.MAA000530.3_8_M.1.1",3723,1218407,"Lung"
"D4.MAA000530.3_8_M.1.1",2161,938432,"Lung"
"H1.MAA000530.3_8_M.1.1",2786,1145693,"Lung"
"E8.MAA000530.3_8_M.1.1",1506,680367,"Lung"
"F14.MAA000530.3_8_M.1.1",3644,1712142,"Lung"
"H2.MAA000530.3_8_M.1.1",3541,1452492,"Lung"
"I8.MAA000530.3_8_M.1.1",1726,740968,"Lung"
"J21.MAA000530.3_8_M.1.1",2343,1135638,"Lung"
"L7.MAA000530.3_8_M.1.1",2238,860387,"Lung"
"M12.MAA000530.3_8_M.1.1",4481,1971461,"Lung"
"N19.MAA000530.3_8_M.1.1",3160,1403718,"Lung"
"P1.MAA000530.3_8_M.1.1",3596,996742,"Lung"
"I9.MAA000530.3_8_M.1.1",1200,362561,"Lung"
"B21.MAA000530.3_8_M.1.1",1643,244463,"Lung"
"D5.MAA000530.3_8_M.1.1",2358,617752,"Lung"
"E9.MAA000530.3_8_M.1.1",1610,659003,"Lung"
"F17.MAA000530.3_8_M.1.1",3017,1110666,"Lung"
"H3.MAA000530.3_8_M.1.1",2941,814355,"Lung"
"K1.MAA000530.3_8_M.1.1",2447,1062062,"Lung"
"I10.MAA000530.3_8_M.1.1",1841,442878,"Lung"
"K2.MAA000530.3_8_M.1.1",3308,882448,"Lung"
"L9.MAA000530.3_8_M.1.1",1833,575815,"Lung"
"L8.MAA000530.3_8_M.1.1",3362,1022769,"Lung"
"M13.MAA000530.3_8_M.1.1",3679,1592878,"Lung"
"N20.MAA000530.3_8_M.1.1",2459,731912,"Lung"
"P2.MAA000530.3_8_M.1.1",3582,905764,"Lung"
"M16.MAA000530.3_8_M.1.1",2638,879294,"Lung"
"D6.MAA000530.3_8_M.1.1",1856,645517,"Lung"
"E10.MAA000530.3_8_M.1.1",2742,1370636,"Lung"
"F18.MAA000530.3_8_M.1.1",2094,760320,"Lung"
"H4.MAA000530.3_8_M.1.1",2137,920463,"Lung"
"K3.MAA000530.3_8_M.1.1",3723,1631707,"Lung"
"L10.MAA000530.3_8_M.1.1",4048,1683194,"Lung"
"M17.MAA000530.3_8_M.1.1",3381,1501130,"Lung"
"N22.MAA000530.3_8_M.1.1",1972,1405325,"Lung"
"P4.MAA000530.3_8_M.1.1",1596,345014,"Lung"
"P3.MAA000530.3_8_M.1.1",1576,274773,"Lung"
"B22.MAA000530.3_8_M.1.1",2201,609940,"Lung"
"H5.MAA000530.3_8_M.1.1",3021,689520,"Lung"
"I12.MAA000530.3_8_M.1.1",3282,1381371,"Lung"
"K4.MAA000530.3_8_M.1.1",2861,382608,"Lung"
"L11.MAA000530.3_8_M.1.1",2383,1005131,"Lung"
"M18.MAA000530.3_8_M.1.1",1997,745924,"Lung"
"O1.MAA000530.3_8_M.1.1",4796,1595923,"Lung"
"P5.MAA000530.3_8_M.1.1",2096,644625,"Lung"
"C1.MAA000530.3_8_M.1.1",3207,1070200,"Lung"
"D7.MAA000530.3_8_M.1.1",1753,601056,"Lung"
"E11.MAA000530.3_8_M.1.1",2635,1344553,"Lung"
"F19.MAA000530.3_8_M.1.1",3333,1513613,"Lung"
"K5.MAA000530.3_8_M.1.1",3629,1723863,"Lung"
"L12.MAA000530.3_8_M.1.1",3810,1353800,"Lung"
"M19.MAA000530.3_8_M.1.1",3445,949234,"Lung"
"O2.MAA000530.3_8_M.1.1",4601,605454,"Lung"
"P6.MAA000530.3_8_M.1.1",2557,633167,"Lung"
"C2.MAA000530.3_8_M.1.1",2846,1012315,"Lung"
"D8.MAA000530.3_8_M.1.1",2524,925617,"Lung"
"E12.MAA000530.3_8_M.1.1",3544,1487376,"Lung"
"F20.MAA000530.3_8_M.1.1",1863,400560,"Lung"
"H6.MAA000530.3_8_M.1.1",2810,838683,"Lung"
"I13.MAA000530.3_8_M.1.1",4640,1658007,"Lung"
"K6.MAA000530.3_8_M.1.1",1553,492547,"Lung"
"M21.MAA000530.3_8_M.1.1",2341,786839,"Lung"
"O3.MAA000530.3_8_M.1.1",3467,1528702,"Lung"
"P7.MAA000530.3_8_M.1.1",3055,1006081,"Lung"
"D9.MAA000530.3_8_M.1.1",3197,1168415,"Lung"
"E13.MAA000530.3_8_M.1.1",1395,282006,"Lung"
"F21.MAA000530.3_8_M.1.1",2019,850475,"Lung"
"H8.MAA000530.3_8_M.1.1",2729,973413,"Lung"
"I17.MAA000530.3_8_M.1.1",1552,439903,"Lung"
"C4.MAA000530.3_8_M.1.1",2475,737540,"Lung"
"M22.MAA000530.3_8_M.1.1",1313,334494,"Lung"
"O4.MAA000530.3_8_M.1.1",2367,718843,"Lung"
"P8.MAA000530.3_8_M.1.1",2985,978058,"Lung"
"D10.MAA000530.3_8_M.1.1",3934,539812,"Lung"
"C6.MAA000530.3_8_M.1.1",2332,999791,"Lung"
"E14.MAA000530.3_8_M.1.1",3426,783868,"Lung"
"F22.MAA000530.3_8_M.1.1",2020,417911,"Lung"
"H9.MAA000530.3_8_M.1.1",2539,1326905,"Lung"
"I19.MAA000530.3_8_M.1.1",2888,1279634,"Lung"
"K7.MAA000530.3_8_M.1.1",3072,1494460,"Lung"
"L17.MAA000530.3_8_M.1.1",1334,365123,"Lung"
"D11.MAA000530.3_8_M.1.1",3266,1270306,"Lung"
"N1.MAA000530.3_8_M.1.1",1864,512274,"Lung"
"O5.MAA000530.3_8_M.1.1",2340,498489,"Lung"
"P9.MAA000530.3_8_M.1.1",2566,428606,"Lung"
"I20.MAA000530.3_8_M.1.1",2901,897772,"Lung"
"K8.MAA000530.3_8_M.1.1",2357,901120,"Lung"
"L18.MAA000530.3_8_M.1.1",3973,1517491,"Lung"
"N2.MAA000530.3_8_M.1.1",3186,1182973,"Lung"
"O6.MAA000530.3_8_M.1.1",1481,396892,"Lung"
"P10.MAA000530.3_8_M.1.1",2793,609366,"Lung"
"C7.MAA000530.3_8_M.1.1",2164,738331,"Lung"
"C8.MAA000530.3_8_M.1.1",1187,400681,"Lung"
"E17.MAA000530.3_8_M.1.1",3012,1207234,"Lung"
"G2.MAA000530.3_8_M.1.1",2040,674289,"Lung"
"I21.MAA000530.3_8_M.1.1",2007,1126164,"Lung"
"K9.MAA000530.3_8_M.1.1",2627,1480785,"Lung"
"L19.MAA000530.3_8_M.1.1",3081,1556314,"Lung"
"D13.MAA000530.3_8_M.1.1",4124,1314068,"Lung"
"O7.MAA000530.3_8_M.1.1",2394,970445,"Lung"
"P11.MAA000530.3_8_M.1.1",2521,678927,"Lung"
"C9.MAA000530.3_8_M.1.1",1622,575733,"Lung"
"D14.MAA000530.3_8_M.1.1",3043,748402,"Lung"
"E19.MAA000530.3_8_M.1.1",2794,884135,"Lung"
"E18.MAA000530.3_8_M.1.1",2092,671746,"Lung"
"G3.MAA000530.3_8_M.1.1",3338,849200,"Lung"
"I22.MAA000530.3_8_M.1.1",2328,586402,"Lung"
"K11.MAA000530.3_8_M.1.1",2710,827710,"Lung"
"L20.MAA000530.3_8_M.1.1",2751,935683,"Lung"
"N3.MAA000530.3_8_M.1.1",2729,1041214,"Lung"
"G4.MAA000530.3_8_M.1.1",1068,152384,"Lung"
"C10.MAA000530.3_8_M.1.1",2412,1169700,"Lung"
"D17.MAA000530.3_8_M.1.1",2088,900769,"Lung"
"E20.MAA000530.3_8_M.1.1",2794,1019349,"Lung"
"G5.MAA000530.3_8_M.1.1",3762,1015004,"Lung"
"H14.MAA000530.3_8_M.1.1",2810,1171353,"Lung"
"H17.MAA000530.3_8_M.1.1",2595,1224370,"Lung"
"J2.MAA000530.3_8_M.1.1",1035,348653,"Lung"
"J1.MAA000530.3_8_M.1.1",2059,732432,"Lung"
"K12.MAA000530.3_8_M.1.1",4219,1824852,"Lung"
"L21.MAA000530.3_8_M.1.1",1826,579926,"Lung"
"N4.MAA000530.3_8_M.1.1",3006,644992,"Lung"
"O8.MAA000530.3_8_M.1.1",3724,850792,"Lung"
"P12.MAA000530.3_8_M.1.1",2218,426318,"Lung"
"K13.MAA000530.3_8_M.1.1",3473,1650560,"Lung"
"C11.MAA000530.3_8_M.1.1",3087,1407785,"Lung"
"D18.MAA000530.3_8_M.1.1",1846,582962,"Lung"
"E21.MAA000530.3_8_M.1.1",1507,724691,"Lung"
"G6.MAA000530.3_8_M.1.1",1770,652534,"Lung"
"H18.MAA000530.3_8_M.1.1",2108,1118038,"Lung"
"J3.MAA000530.3_8_M.1.1",2904,1275854,"Lung"
"K14.MAA000530.3_8_M.1.1",2561,1249097,"Lung"
"L22.MAA000530.3_8_M.1.1",2069,919156,"Lung"
"M1.MAA000530.3_8_M.1.1",4822,850115,"Lung"
"N6.MAA000530.3_8_M.1.1",2345,893440,"Lung"
"O10.MAA000530.3_8_M.1.1",3121,923590,"Lung"
"N5.MAA000530.3_8_M.1.1",2675,1063700,"Lung"
"O9.MAA000530.3_8_M.1.1",2899,852933,"Lung"
"P13.MAA000530.3_8_M.1.1",3733,1152746,"Lung"
"G7.MAA000530.3_8_M.1.1",3376,1556431,"Lung"
"H19.MAA000530.3_8_M.1.1",2310,789605,"Lung"
"J4.MAA000530.3_8_M.1.1",5168,1435662,"Lung"
"K18.MAA000530.3_8_M.1.1",2241,1016666,"Lung"
"M2.MAA000530.3_8_M.1.1",3272,958579,"Lung"
"N7.MAA000530.3_8_M.1.1",2942,1359944,"Lung"
"O11.MAA000530.3_8_M.1.1",3530,1176847,"Lung"
"P17.MAA000530.3_8_M.1.1",1659,371300,"Lung"
"C12.MAA000530.3_8_M.1.1",3685,1852391,"Lung"
"D19.MAA000530.3_8_M.1.1",2165,954882,"Lung"
"E22.MAA000530.3_8_M.1.1",2022,894806,"Lung"
"N8.MAA000530.3_8_M.1.1",2028,704673,"Lung"
"O12.MAA000530.3_8_M.1.1",3586,1463118,"Lung"
"P18.MAA000530.3_8_M.1.1",2653,565981,"Lung"
"C14.MAA000530.3_8_M.1.1",2987,683215,"Lung"
"D21.MAA000530.3_8_M.1.1",1880,376864,"Lung"
"C13.MAA000530.3_8_M.1.1",3078,510875,"Lung"
"D20.MAA000530.3_8_M.1.1",1948,175660,"Lung"
"F1.MAA000530.3_8_M.1.1",2648,1127330,"Lung"
"G8.MAA000530.3_8_M.1.1",1797,879044,"Lung"
"H20.MAA000530.3_8_M.1.1",2276,690300,"Lung"
"J5.MAA000530.3_8_M.1.1",4299,1406102,"Lung"
"K19.MAA000530.3_8_M.1.1",3011,472072,"Lung"
"J6.MAA000530.3_8_M.1.1",1594,382555,"Lung"
"K20.MAA000530.3_8_M.1.1",3135,573480,"Lung"
"M4.MAA000530.3_8_M.1.1",2983,1222734,"Lung"
"N9.MAA000530.3_8_M.1.1",1858,631051,"Lung"
"F2.MAA000530.3_8_M.1.1",3162,1109916,"Lung"
"O13.MAA000530.3_8_M.1.1",3600,1220716,"Lung"
"P19.MAA000530.3_8_M.1.1",2810,667507,"Lung"
"G10.MAA000530.3_8_M.1.1",3440,1877296,"Lung"
"H21.MAA000530.3_8_M.1.1",1708,454417,"Lung"
"G11.MAA000530.3_8_M.1.1",2436,915633,"Lung"
"H22.MAA000530.3_8_M.1.1",2118,1548527,"Lung"
"J8.MAA000530.3_8_M.1.1",1756,797339,"Lung"
"K21.MAA000530.3_8_M.1.1",1723,296064,"Lung"
"C17.MAA000530.3_8_M.1.1",1751,666122,"Lung"
"M5.MAA000530.3_8_M.1.1",3366,1207823,"Lung"
"D22.MAA000530.3_8_M.1.1",2501,624677,"Lung"
"F4.MAA000530.3_8_M.1.1",3577,1836738,"Lung"
"P20.MAA000530.3_8_M.1.1",2549,520590,"Lung"
"C19.MAA000530.3_8_M.1.1",3069,1327593,"Lung"
"F6.MAA000530.3_8_M.1.1",2366,774061,"Lung"
"G13.MAA000530.3_8_M.1.1",3102,1972140,"Lung"
"I1.MAA000530.3_8_M.1.1",2713,867011,"Lung"
"E1.MAA000530.3_8_M.1.1",3250,1269722,"Lung"
"J10.MAA000530.3_8_M.1.1",2395,830148,"Lung"
"M6.MAA000530.3_8_M.1.1",2845,1115343,"Lung"
"K22.MAA000530.3_8_M.1.1",2253,945790,"Lung"
"N11.MAA000530.3_8_M.1.1",2438,927712,"Lung"
"O17.MAA000530.3_8_M.1.1",2035,624811,"Lung"
"P21.MAA000530.3_8_M.1.1",1879,308999,"Lung"
"C20.MAA000530.3_8_M.1.1",2406,1223752,"Lung"
"E2.MAA000530.3_8_M.1.1",2864,1023271,"Lung"
"F7.MAA000530.3_8_M.1.1",2077,1086317,"Lung"
"G14.MAA000530.3_8_M.1.1",3641,935337,"Lung"
"P22.MAA000530.3_8_M.1.1",2235,528912,"Lung"
"I2.MAA000530.3_8_M.1.1",2055,893354,"Lung"
"J11.MAA000530.3_8_M.1.1",3965,1324307,"Lung"
"L1.MAA000530.3_8_M.1.1",4820,896819,"Lung"
"M7.MAA000530.3_8_M.1.1",2061,724344,"Lung"
"N12.MAA000530.3_8_M.1.1",1402,130938,"Lung"
"O18.MAA000530.3_8_M.1.1",1760,440108,"Lung"
"I4.MAA000530.3_8_M.1.1",4488,1594312,"Lung"
"J12.MAA000530.3_8_M.1.1",3252,1890629,"Lung"
"L3.MAA000530.3_8_M.1.1",2015,833231,"Lung"
"M8.MAA000530.3_8_M.1.1",3129,1077199,"Lung"
"C21.MAA000530.3_8_M.1.1",2241,889232,"Lung"
"E3.MAA000530.3_8_M.1.1",4227,1514928,"Lung"
"F8.MAA000530.3_8_M.1.1",2493,950544,"Lung"
"G18.MAA000530.3_8_M.1.1",2664,1402329,"Lung"
"N13.MAA000530.3_8_M.1.1",3737,1717458,"Lung"
"O19.MAA000530.3_8_M.1.1",3209,987385,"Lung"
"E4.MAA000530.3_8_M.1.1",2026,795127,"Lung"
"F9.MAA000530.3_8_M.1.1",2568,1106862,"Lung"
"G19.MAA000530.3_8_M.1.1",3511,1645026,"Lung"
"C22.MAA000530.3_8_M.1.1",3306,1508169,"Lung"
"I5.MAA000530.3_8_M.1.1",1944,667536,"Lung"
"E5.MAA000530.3_8_M.1.1",2410,664186,"Lung"
"F10.MAA000530.3_8_M.1.1",2798,1490970,"Lung"
"L4.MAA000530.3_8_M.1.1",1844,794592,"Lung"
"M9.MAA000530.3_8_M.1.1",4329,1406927,"Lung"
"O20.MAA000530.3_8_M.1.1",2248,569674,"Lung"
"G20.MAA000530.3_8_M.1.1",1755,647992,"Lung"
"D2.MAA000530.3_8_M.1.1",2100,919555,"Lung"
"J17.MAA000530.3_8_M.1.1",1926,473147,"Lung"
"L5.MAA000530.3_8_M.1.1",2668,1012415,"Lung"
"M10.MAA000530.3_8_M.1.1",2861,1596554,"Lung"
"N17.MAA000530.3_8_M.1.1",2193,985685,"Lung"
"O21.MAA000530.3_8_M.1.1",2448,863415,"Lung"
"E6.MAA000530.3_8_M.1.1",2065,956730,"Lung"
"G21.MAA000530.3_8_M.1.1",2634,971186,"Lung"
"I7.MAA000530.3_8_M.1.1",3021,1194670,"Lung"
"J19.MAA000530.3_8_M.1.1",2204,1144087,"Lung"
"L6.MAA000530.3_8_M.1.1",1690,618749,"Lung"
"M11.MAA000530.3_8_M.1.1",3736,1412024,"Lung"
"N18.MAA000530.3_8_M.1.1",4711,1931642,"Lung"
"O22.MAA000530.3_8_M.1.1",2394,590766,"Lung"
"C4.MAA000839.3_11_M.1.1",1509,70681,"Lung"
"C5.MAA000839.3_11_M.1.1",2336,118892,"Lung"
"C7.MAA000839.3_11_M.1.1",1754,71511,"Lung"
"A3.MAA000839.3_11_M.1.1",4451,321288,"Lung"
"C6.MAA000839.3_11_M.1.1",1514,52361,"Lung"
"C10.MAA000839.3_11_M.1.1",2526,133621,"Lung"
"C11.MAA000839.3_11_M.1.1",3961,181587,"Lung"
"A12.MAA000839.3_11_M.1.1",2179,158983,"Lung"
"C21.MAA000839.3_11_M.1.1",3213,202571,"Lung"
"A10.MAA000839.3_11_M.1.1",3958,282398,"Lung"
"C14.MAA000839.3_11_M.1.1",2072,99055,"Lung"
"A13.MAA000839.3_11_M.1.1",2555,169896,"Lung"
"C22.MAA000839.3_11_M.1.1",2695,221973,"Lung"
"D1.MAA000839.3_11_M.1.1",2198,126041,"Lung"
"B2.MAA000839.3_11_M.1.1",2357,186306,"Lung"
"D3.MAA000839.3_11_M.1.1",1451,77174,"Lung"
"B1.MAA000839.3_11_M.1.1",2290,197522,"Lung"
"D2.MAA000839.3_11_M.1.1",1651,91635,"Lung"
"D6.MAA000839.3_11_M.1.1",2093,126120,"Lung"
"D10.MAA000839.3_11_M.1.1",2736,192588,"Lung"
"B4.MAA000839.3_11_M.1.1",1781,60977,"Lung"
"B7.MAA000839.3_11_M.1.1",1557,72591,"Lung"
"D12.MAA000839.3_11_M.1.1",2076,103175,"Lung"
"B6.MAA000839.3_11_M.1.1",2703,81856,"Lung"
"D11.MAA000839.3_11_M.1.1",2213,162772,"Lung"
"B10.MAA000839.3_11_M.1.1",2575,167565,"Lung"
"D13.MAA000839.3_11_M.1.1",2966,243892,"Lung"
"B11.MAA000839.3_11_M.1.1",2090,89842,"Lung"
"B13.MAA000839.3_11_M.1.1",2323,105433,"Lung"
"B12.MAA000839.3_11_M.1.1",2967,230583,"Lung"
"B22.MAA000839.3_11_M.1.1",1290,57128,"Lung"
"C1.MAA000839.3_11_M.1.1",1979,141499,"Lung"
"C2.MAA000839.3_11_M.1.1",2751,185663,"Lung"
"C3.MAA000839.3_11_M.1.1",2312,154436,"Lung"
"E10.MAA000839.3_11_M.1.1",2547,477033,"Lung"
"H6.MAA000839.3_11_M.1.1",1685,301504,"Lung"
"K4.MAA000839.3_11_M.1.1",1571,256943,"Lung"
"M21.MAA000839.3_11_M.1.1",626,121913,"Lung"
"P3.MAA000839.3_11_M.1.1",2784,486082,"Lung"
"E11.MAA000839.3_11_M.1.1",3238,695001,"Lung"
"H11.MAA000839.3_11_M.1.1",2251,394120,"Lung"
"K5.MAA000839.3_11_M.1.1",2835,758898,"Lung"
"N1.MAA000839.3_11_M.1.1",2655,796657,"Lung"
"P4.MAA000839.3_11_M.1.1",3517,885003,"Lung"
"E12.MAA000839.3_11_M.1.1",2941,858126,"Lung"
"H21.MAA000839.3_11_M.1.1",1764,184097,"Lung"
"K6.MAA000839.3_11_M.1.1",1721,284250,"Lung"
"N2.MAA000839.3_11_M.1.1",3237,922023,"Lung"
"P5.MAA000839.3_11_M.1.1",682,101466,"Lung"
"K7.MAA000839.3_11_M.1.1",1458,201229,"Lung"
"E17.MAA000839.3_11_M.1.1",2287,525867,"Lung"
"I1.MAA000839.3_11_M.1.1",2737,642382,"Lung"
"N4.MAA000839.3_11_M.1.1",2474,489179,"Lung"
"F2.MAA000839.3_11_M.1.1",2662,770050,"Lung"
"I2.MAA000839.3_11_M.1.1",2830,786943,"Lung"
"K12.MAA000839.3_11_M.1.1",3931,1062875,"Lung"
"N5.MAA000839.3_11_M.1.1",2856,1028316,"Lung"
"P7.MAA000839.3_11_M.1.1",1836,215378,"Lung"
"N10.MAA000839.3_11_M.1.1",860,151133,"Lung"
"F3.MAA000839.3_11_M.1.1",2712,904030,"Lung"
"I3.MAA000839.3_11_M.1.1",2857,927917,"Lung"
"K17.MAA000839.3_11_M.1.1",1693,339099,"Lung"
"F4.MAA000839.3_11_M.1.1",2791,714367,"Lung"
"I4.MAA000839.3_11_M.1.1",3091,1054483,"Lung"
"N11.MAA000839.3_11_M.1.1",1799,380373,"Lung"
"F5.MAA000839.3_11_M.1.1",2709,829650,"Lung"
"I5.MAA000839.3_11_M.1.1",1543,170835,"Lung"
"L2.MAA000839.3_11_M.1.1",2768,602856,"Lung"
"N12.MAA000839.3_11_M.1.1",2074,627926,"Lung"
"P10.MAA000839.3_11_M.1.1",2783,575484,"Lung"
"F6.MAA000839.3_11_M.1.1",1629,303295,"Lung"
"I7.MAA000839.3_11_M.1.1",1756,408915,"Lung"
"P12.MAA000839.3_11_M.1.1",1944,440604,"Lung"
"L5.MAA000839.3_11_M.1.1",4905,1243223,"Lung"
"N13.MAA000839.3_11_M.1.1",3106,1083054,"Lung"
"N17.MAA000839.3_11_M.1.1",2080,493985,"Lung"
"F9.MAA000839.3_11_M.1.1",1950,385291,"Lung"
"I10.MAA000839.3_11_M.1.1",3214,656964,"Lung"
"L6.MAA000839.3_11_M.1.1",1762,300517,"Lung"
"P13.MAA000839.3_11_M.1.1",1103,233890,"Lung"
"F10.MAA000839.3_11_M.1.1",3852,910600,"Lung"
"I12.MAA000839.3_11_M.1.1",2463,583495,"Lung"
"L7.MAA000839.3_11_M.1.1",1772,281780,"Lung"
"N20.MAA000839.3_11_M.1.1",3060,828924,"Lung"
"P17.MAA000839.3_11_M.1.1",2436,165762,"Lung"
"F13.MAA000839.3_11_M.1.1",2209,1064627,"Lung"
"M1.MAA000839.3_11_M.1.1",2524,407134,"Lung"
"N22.MAA000839.3_11_M.1.1",2074,640875,"Lung"
"F19.MAA000839.3_11_M.1.1",2087,489156,"Lung"
"I19.MAA000839.3_11_M.1.1",3331,1040286,"Lung"
"G1.MAA000839.3_11_M.1.1",2251,692999,"Lung"
"J1.MAA000839.3_11_M.1.1",2100,416353,"Lung"
"M3.MAA000839.3_11_M.1.1",1706,332060,"Lung"
"G2.MAA000839.3_11_M.1.1",2008,547621,"Lung"
"M4.MAA000839.3_11_M.1.1",863,141973,"Lung"
"O4.MAA000839.3_11_M.1.1",2024,440945,"Lung"
"P21.MAA000839.3_11_M.1.1",732,74795,"Lung"
"J3.MAA000839.3_11_M.1.1",2014,417532,"Lung"
"G3.MAA000839.3_11_M.1.1",1736,484979,"Lung"
"J4.MAA000839.3_11_M.1.1",2555,583282,"Lung"
"M5.MAA000839.3_11_M.1.1",2797,709375,"Lung"
"O5.MAA000839.3_11_M.1.1",2597,676337,"Lung"
"G5.MAA000839.3_11_M.1.1",2872,893870,"Lung"
"J5.MAA000839.3_11_M.1.1",3486,1055145,"Lung"
"O6.MAA000839.3_11_M.1.1",1775,461427,"Lung"
"M6.MAA000839.3_11_M.1.1",2047,483550,"Lung"
"J6.MAA000839.3_11_M.1.1",1562,221938,"Lung"
"M7.MAA000839.3_11_M.1.1",954,156918,"Lung"
"G6.MAA000839.3_11_M.1.1",1888,504547,"Lung"
"O7.MAA000839.3_11_M.1.1",1863,316618,"Lung"
"J7.MAA000839.3_11_M.1.1",1968,254355,"Lung"
"M10.MAA000839.3_11_M.1.1",1393,222041,"Lung"
"O11.MAA000839.3_11_M.1.1",2580,344171,"Lung"
"E1.MAA000839.3_11_M.1.1",3666,947432,"Lung"
"G10.MAA000839.3_11_M.1.1",2991,639148,"Lung"
"G12.MAA000839.3_11_M.1.1",4167,1333818,"Lung"
"M11.MAA000839.3_11_M.1.1",2228,466249,"Lung"
"O18.MAA000839.3_11_M.1.1",1489,265374,"Lung"
"E2.MAA000839.3_11_M.1.1",2441,550030,"Lung"
"E4.MAA000839.3_11_M.1.1",1719,302894,"Lung"
"H1.MAA000839.3_11_M.1.1",3082,808164,"Lung"
"K1.MAA000839.3_11_M.1.1",2283,553771,"Lung"
"M13.MAA000839.3_11_M.1.1",3089,886410,"Lung"
"G19.MAA000839.3_11_M.1.1",1972,381477,"Lung"
"J10.MAA000839.3_11_M.1.1",1913,303762,"Lung"
"M12.MAA000839.3_11_M.1.1",2006,455851,"Lung"
"O21.MAA000839.3_11_M.1.1",593,176047,"Lung"
"O22.MAA000839.3_11_M.1.1",1173,325978,"Lung"
"E6.MAA000839.3_11_M.1.1",1625,152605,"Lung"
"H2.MAA000839.3_11_M.1.1",3989,720467,"Lung"
"K2.MAA000839.3_11_M.1.1",1850,363263,"Lung"
"M17.MAA000839.3_11_M.1.1",667,130067,"Lung"
"P1.MAA000839.3_11_M.1.1",2720,476530,"Lung"
"K3.MAA000839.3_11_M.1.1",739,69989,"Lung"
"P2.MAA000839.3_11_M.1.1",1883,312007,"Lung"
"E7.MAA000839.3_11_M.1.1",1642,310160,"Lung"
"B14.MAA000891.3_10_M.1.1",2970,1003616,"Lung"
"B17.MAA000891.3_10_M.1.1",3967,1344464,"Lung"
"A4.MAA000891.3_10_M.1.1",4090,101205,"Lung"
"B19.MAA000891.3_10_M.1.1",3275,718784,"Lung"
"E5.MAA000891.3_10_M.1.1",2395,289380,"Lung"
"A5.MAA000891.3_10_M.1.1",2957,285403,"Lung"
"B20.MAA000891.3_10_M.1.1",2761,1419684,"Lung"
"E10.MAA000891.3_10_M.1.1",3326,427234,"Lung"
"B21.MAA000891.3_10_M.1.1",1393,609566,"Lung"
"E13.MAA000891.3_10_M.1.1",2614,725185,"Lung"
"A12.MAA000891.3_10_M.1.1",2159,144592,"Lung"
"B22.MAA000891.3_10_M.1.1",1260,1170236,"Lung"
"E14.MAA000891.3_10_M.1.1",3429,700436,"Lung"
"A13.MAA000891.3_10_M.1.1",3238,540518,"Lung"
"C1.MAA000891.3_10_M.1.1",2231,264232,"Lung"
"E19.MAA000891.3_10_M.1.1",2014,1039596,"Lung"
"A14.MAA000891.3_10_M.1.1",2408,522361,"Lung"
"A15.MAA000891.3_10_M.1.1",548,286930,"Lung"
"C13.MAA000891.3_10_M.1.1",3598,710500,"Lung"
"C14.MAA000891.3_10_M.1.1",3689,1391864,"Lung"
"A17.MAA000891.3_10_M.1.1",1725,385179,"Lung"
"C18.MAA000891.3_10_M.1.1",1608,653184,"Lung"
"F1.MAA000891.3_10_M.1.1",2074,318315,"Lung"
"A18.MAA000891.3_10_M.1.1",1553,377585,"Lung"
"C19.MAA000891.3_10_M.1.1",2981,1828794,"Lung"
"A19.MAA000891.3_10_M.1.1",3141,1647674,"Lung"
"C20.MAA000891.3_10_M.1.1",1601,626639,"Lung"
"F13.MAA000891.3_10_M.1.1",2974,1184555,"Lung"
"C21.MAA000891.3_10_M.1.1",2225,1552920,"Lung"
"A20.MAA000891.3_10_M.1.1",3300,680300,"Lung"
"A21.MAA000891.3_10_M.1.1",1439,438698,"Lung"
"A22.MAA000891.3_10_M.1.1",1694,661534,"Lung"
"D4.MAA000891.3_10_M.1.1",4654,795318,"Lung"
"B9.MAA000891.3_10_M.1.1",1734,154677,"Lung"
"B11.MAA000891.3_10_M.1.1",3455,537754,"Lung"
"D18.MAA000891.3_10_M.1.1",2479,936353,"Lung"
"B12.MAA000891.3_10_M.1.1",3043,348192,"Lung"
"D19.MAA000891.3_10_M.1.1",2828,1372063,"Lung"
"D20.MAA000891.3_10_M.1.1",2160,1142807,"Lung"
"I19.MAA000891.3_10_M.1.1",4030,1960953,"Lung"
"L5.MAA000891.3_10_M.1.1",2744,310229,"Lung"
"N4.MAA000891.3_10_M.1.1",1624,247683,"Lung"
"P10.MAA000891.3_10_M.1.1",3865,435662,"Lung"
"B13.MAA000891.3_10_M.1.1",2840,704485,"Lung"
"G11.MAA000891.3_10_M.1.1",4014,718324,"Lung"
"I20.MAA000891.3_10_M.1.1",2996,1822861,"Lung"
"L6.MAA000891.3_10_M.1.1",4119,728795,"Lung"
"P11.MAA000891.3_10_M.1.1",1970,176150,"Lung"
"G12.MAA000891.3_10_M.1.1",4078,941498,"Lung"
"I21.MAA000891.3_10_M.1.1",1035,767329,"Lung"
"L10.MAA000891.3_10_M.1.1",2334,320260,"Lung"
"N6.MAA000891.3_10_M.1.1",1593,176320,"Lung"
"G14.MAA000891.3_10_M.1.1",3543,713500,"Lung"
"I22.MAA000891.3_10_M.1.1",1760,1538861,"Lung"
"L19.MAA000891.3_10_M.1.1",2748,1811828,"Lung"
"N17.MAA000891.3_10_M.1.1",2881,1353078,"Lung"
"P17.MAA000891.3_10_M.1.1",1206,120070,"Lung"
"G19.MAA000891.3_10_M.1.1",2887,800077,"Lung"
"J1.MAA000891.3_10_M.1.1",2069,289170,"Lung"
"L20.MAA000891.3_10_M.1.1",2870,1380752,"Lung"
"N19.MAA000891.3_10_M.1.1",2350,1410125,"Lung"
"P19.MAA000891.3_10_M.1.1",2940,1333464,"Lung"
"P20.MAA000891.3_10_M.1.1",1748,867719,"Lung"
"J2.MAA000891.3_10_M.1.1",2453,259089,"Lung"
"L21.MAA000891.3_10_M.1.1",1966,1996234,"Lung"
"J18.MAA000891.3_10_M.1.1",1137,459473,"Lung"
"L22.MAA000891.3_10_M.1.1",1500,1404465,"Lung"
"N21.MAA000891.3_10_M.1.1",1774,1960066,"Lung"
"P21.MAA000891.3_10_M.1.1",1389,823357,"Lung"
"M1.MAA000891.3_10_M.1.1",2333,152621,"Lung"
"J19.MAA000891.3_10_M.1.1",3237,1931613,"Lung"
"P22.MAA000891.3_10_M.1.1",960,717829,"Lung"
"N22.MAA000891.3_10_M.1.1",1231,1853225,"Lung"
"O1.MAA000891.3_10_M.1.1",3054,520986,"Lung"
"J21.MAA000891.3_10_M.1.1",1431,1222772,"Lung"
"M3.MAA000891.3_10_M.1.1",2899,792014,"Lung"
"J22.MAA000891.3_10_M.1.1",1726,1556365,"Lung"
"M4.MAA000891.3_10_M.1.1",2818,1065213,"Lung"
"O5.MAA000891.3_10_M.1.1",1666,126285,"Lung"
"O6.MAA000891.3_10_M.1.1",1256,120957,"Lung"
"H4.MAA000891.3_10_M.1.1",3815,1035208,"Lung"
"H5.MAA000891.3_10_M.1.1",2378,279390,"Lung"
"K3.MAA000891.3_10_M.1.1",1316,435940,"Lung"
"M6.MAA000891.3_10_M.1.1",1295,103147,"Lung"
"O7.MAA000891.3_10_M.1.1",1510,140986,"Lung"
"O13.MAA000891.3_10_M.1.1",2623,380679,"Lung"
"H6.MAA000891.3_10_M.1.1",1780,203136,"Lung"
"M12.MAA000891.3_10_M.1.1",3827,1073412,"Lung"
"H14.MAA000891.3_10_M.1.1",3599,968980,"Lung"
"K6.MAA000891.3_10_M.1.1",1743,137668,"Lung"
"K10.MAA000891.3_10_M.1.1",3617,659622,"Lung"
"M13.MAA000891.3_10_M.1.1",4310,1499558,"Lung"
"O19.MAA000891.3_10_M.1.1",1795,943183,"Lung"
"O20.MAA000891.3_10_M.1.1",1286,179879,"Lung"
"F18.MAA000891.3_10_M.1.1",1654,533592,"Lung"
"K11.MAA000891.3_10_M.1.1",2717,544111,"Lung"
"F19.MAA000891.3_10_M.1.1",3384,1832615,"Lung"
"H20.MAA000891.3_10_M.1.1",2477,934666,"Lung"
"K12.MAA000891.3_10_M.1.1",3406,691826,"Lung"
"F20.MAA000891.3_10_M.1.1",1486,446778,"Lung"
"H21.MAA000891.3_10_M.1.1",2556,1974629,"Lung"
"K18.MAA000891.3_10_M.1.1",859,700459,"Lung"
"M18.MAA000891.3_10_M.1.1",2110,1259634,"Lung"
"O22.MAA000891.3_10_M.1.1",1339,1045955,"Lung"
"F21.MAA000891.3_10_M.1.1",2868,1523682,"Lung"
"H22.MAA000891.3_10_M.1.1",2238,1345980,"Lung"
"K19.MAA000891.3_10_M.1.1",1775,866496,"Lung"
"M19.MAA000891.3_10_M.1.1",2629,1523833,"Lung"
"P1.MAA000891.3_10_M.1.1",1982,143092,"Lung"
"F22.MAA000891.3_10_M.1.1",1993,1381417,"Lung"
"P2.MAA000891.3_10_M.1.1",2447,199979,"Lung"
"I2.MAA000891.3_10_M.1.1",3682,731201,"Lung"
"K21.MAA000891.3_10_M.1.1",1592,1483733,"Lung"
"M21.MAA000891.3_10_M.1.1",2182,78305,"Lung"
"I5.MAA000891.3_10_M.1.1",3266,607229,"Lung"
"N1.MAA000891.3_10_M.1.1",1822,192471,"Lung"
"P5.MAA000891.3_10_M.1.1",1318,63953,"Lung"
"G2.MAA000891.3_10_M.1.1",588,199623,"Lung"
"I13.MAA000891.3_10_M.1.1",4110,944393,"Lung"
"L1.MAA000891.3_10_M.1.1",1785,173227,"Lung"
"N2.MAA000891.3_10_M.1.1",2377,367441,"Lung"
"B9.MAA001847.3_39_F.1.1",5000,274596,"Lung"
"D9.MAA001847.3_39_F.1.1",5558,420758,"Lung"
"B16.MAA001847.3_39_F.1.1",2058,90592,"Lung"
"D10.MAA001847.3_39_F.1.1",3036,212920,"Lung"
"B17.MAA001847.3_39_F.1.1",3815,224823,"Lung"
"D15.MAA001847.3_39_F.1.1",3184,188668,"Lung"
"B18.MAA001847.3_39_F.1.1",1580,56019,"Lung"
"D16.MAA001847.3_39_F.1.1",3173,151003,"Lung"
"B21.MAA001847.3_39_F.1.1",1767,59476,"Lung"
"D19.MAA001847.3_39_F.1.1",2022,65306,"Lung"
"A1.MAA001847.3_39_F.1.1",2488,78243,"Lung"
"B22.MAA001847.3_39_F.1.1",4732,275906,"Lung"
"E2.MAA001847.3_39_F.1.1",3583,257109,"Lung"
"E5.MAA001847.3_39_F.1.1",3533,140401,"Lung"
"A2.MAA001847.3_39_F.1.1",1618,53051,"Lung"
"C1.MAA001847.3_39_F.1.1",3399,190834,"Lung"
"E9.MAA001847.3_39_F.1.1",3983,262154,"Lung"
"A4.MAA001847.3_39_F.1.1",3220,133865,"Lung"
"C2.MAA001847.3_39_F.1.1",3126,174278,"Lung"
"A5.MAA001847.3_39_F.1.1",4163,256334,"Lung"
"C3.MAA001847.3_39_F.1.1",3772,289752,"Lung"
"E12.MAA001847.3_39_F.1.1",4346,226331,"Lung"
"A6.MAA001847.3_39_F.1.1",3532,173055,"Lung"
"C4.MAA001847.3_39_F.1.1",896,54771,"Lung"
"E14.MAA001847.3_39_F.1.1",2284,121846,"Lung"
"A7.MAA001847.3_39_F.1.1",2833,163826,"Lung"
"C5.MAA001847.3_39_F.1.1",4660,386741,"Lung"
"E15.MAA001847.3_39_F.1.1",2850,111765,"Lung"
"C6.MAA001847.3_39_F.1.1",4048,333565,"Lung"
"E16.MAA001847.3_39_F.1.1",2741,104503,"Lung"
"A9.MAA001847.3_39_F.1.1",3628,254236,"Lung"
"C8.MAA001847.3_39_F.1.1",3576,298919,"Lung"
"E17.MAA001847.3_39_F.1.1",3390,184389,"Lung"
"A10.MAA001847.3_39_F.1.1",3139,105068,"Lung"
"C11.MAA001847.3_39_F.1.1",2835,163774,"Lung"
"A16.MAA001847.3_39_F.1.1",2722,124360,"Lung"
"C14.MAA001847.3_39_F.1.1",3081,76113,"Lung"
"E18.MAA001847.3_39_F.1.1",3406,210321,"Lung"
"E19.MAA001847.3_39_F.1.1",3835,272758,"Lung"
"C16.MAA001847.3_39_F.1.1",4242,229901,"Lung"
"F1.MAA001847.3_39_F.1.1",3304,140778,"Lung"
"A19.MAA001847.3_39_F.1.1",2983,163887,"Lung"
"C18.MAA001847.3_39_F.1.1",3550,236338,"Lung"
"C19.MAA001847.3_39_F.1.1",3013,135639,"Lung"
"B1.MAA001847.3_39_F.1.1",2005,52159,"Lung"
"C21.MAA001847.3_39_F.1.1",2229,78594,"Lung"
"B2.MAA001847.3_39_F.1.1",2258,72234,"Lung"
"D1.MAA001847.3_39_F.1.1",2062,57705,"Lung"
"B3.MAA001847.3_39_F.1.1",2412,126709,"Lung"
"D2.MAA001847.3_39_F.1.1",3414,197967,"Lung"
"B4.MAA001847.3_39_F.1.1",3823,215450,"Lung"
"D4.MAA001847.3_39_F.1.1",3253,212108,"Lung"
"B5.MAA001847.3_39_F.1.1",3188,278332,"Lung"
"D5.MAA001847.3_39_F.1.1",3836,209816,"Lung"
"B6.MAA001847.3_39_F.1.1",3452,181142,"Lung"
"D8.MAA001847.3_39_F.1.1",4300,182065,"Lung"
"M14.MAA001847.3_39_F.1.1",3186,357657,"Lung"
"N22.MAA001847.3_39_F.1.1",1423,73524,"Lung"
"P6.MAA001847.3_39_F.1.1",3527,590894,"Lung"
"F13.MAA001847.3_39_F.1.1",3341,426363,"Lung"
"H6.MAA001847.3_39_F.1.1",4986,637927,"Lung"
"I19.MAA001847.3_39_F.1.1",3173,296659,"Lung"
"K14.MAA001847.3_39_F.1.1",2012,290245,"Lung"
"I21.MAA001847.3_39_F.1.1",2602,206970,"Lung"
"K16.MAA001847.3_39_F.1.1",2998,403063,"Lung"
"M15.MAA001847.3_39_F.1.1",3580,457053,"Lung"
"O1.MAA001847.3_39_F.1.1",3976,497273,"Lung"
"P8.MAA001847.3_39_F.1.1",2199,91729,"Lung"
"F15.MAA001847.3_39_F.1.1",3295,315870,"Lung"
"H8.MAA001847.3_39_F.1.1",3488,251420,"Lung"
"I22.MAA001847.3_39_F.1.1",2254,222964,"Lung"
"K17.MAA001847.3_39_F.1.1",3287,333778,"Lung"
"M17.MAA001847.3_39_F.1.1",2497,269275,"Lung"
"O2.MAA001847.3_39_F.1.1",2953,232262,"Lung"
"P9.MAA001847.3_39_F.1.1",3798,594884,"Lung"
"F16.MAA001847.3_39_F.1.1",2382,297111,"Lung"
"H9.MAA001847.3_39_F.1.1",4055,583865,"Lung"
"F17.MAA001847.3_39_F.1.1",3710,593014,"Lung"
"H10.MAA001847.3_39_F.1.1",3358,438997,"Lung"
"J1.MAA001847.3_39_F.1.1",2462,143169,"Lung"
"K20.MAA001847.3_39_F.1.1",2246,400624,"Lung"
"M18.MAA001847.3_39_F.1.1",3503,438716,"Lung"
"O3.MAA001847.3_39_F.1.1",2290,187833,"Lung"
"P10.MAA001847.3_39_F.1.1",2774,320938,"Lung"
"G1.MAA001847.3_39_F.1.1",5648,506867,"Lung"
"H13.MAA001847.3_39_F.1.1",3964,662988,"Lung"
"J2.MAA001847.3_39_F.1.1",3222,375526,"Lung"
"K21.MAA001847.3_39_F.1.1",3619,610388,"Lung"
"M19.MAA001847.3_39_F.1.1",1925,183952,"Lung"
"O4.MAA001847.3_39_F.1.1",3561,498840,"Lung"
"G3.MAA001847.3_39_F.1.1",4193,357892,"Lung"
"H14.MAA001847.3_39_F.1.1",3189,335831,"Lung"
"J4.MAA001847.3_39_F.1.1",4071,263749,"Lung"
"L4.MAA001847.3_39_F.1.1",3493,608044,"Lung"
"M20.MAA001847.3_39_F.1.1",2595,297078,"Lung"
"O5.MAA001847.3_39_F.1.1",3506,324373,"Lung"
"P16.MAA001847.3_39_F.1.1",2796,260385,"Lung"
"O6.MAA001847.3_39_F.1.1",3657,552349,"Lung"
"P17.MAA001847.3_39_F.1.1",3208,430490,"Lung"
"G4.MAA001847.3_39_F.1.1",3607,642222,"Lung"
"H16.MAA001847.3_39_F.1.1",3300,263916,"Lung"
"J5.MAA001847.3_39_F.1.1",3185,488181,"Lung"
"L7.MAA001847.3_39_F.1.1",3545,351468,"Lung"
"M22.MAA001847.3_39_F.1.1",2879,410022,"Lung"
"O7.MAA001847.3_39_F.1.1",4183,463848,"Lung"
"P18.MAA001847.3_39_F.1.1",1746,118829,"Lung"
"G5.MAA001847.3_39_F.1.1",3812,377818,"Lung"
"H17.MAA001847.3_39_F.1.1",3766,366591,"Lung"
"J7.MAA001847.3_39_F.1.1",2537,243176,"Lung"
"L8.MAA001847.3_39_F.1.1",2354,255762,"Lung"
"N2.MAA001847.3_39_F.1.1",3240,615708,"Lung"
"G6.MAA001847.3_39_F.1.1",2775,792451,"Lung"
"H20.MAA001847.3_39_F.1.1",2200,208361,"Lung"
"G8.MAA001847.3_39_F.1.1",3566,642660,"Lung"
"H21.MAA001847.3_39_F.1.1",2658,343434,"Lung"
"J10.MAA001847.3_39_F.1.1",3577,603436,"Lung"
"L12.MAA001847.3_39_F.1.1",3609,460070,"Lung"
"N4.MAA001847.3_39_F.1.1",4537,605593,"Lung"
"O9.MAA001847.3_39_F.1.1",3168,376891,"Lung"
"P19.MAA001847.3_39_F.1.1",1745,132380,"Lung"
"J11.MAA001847.3_39_F.1.1",3743,308951,"Lung"
"L13.MAA001847.3_39_F.1.1",2315,270261,"Lung"
"G9.MAA001847.3_39_F.1.1",4960,760001,"Lung"
"N5.MAA001847.3_39_F.1.1",4716,672290,"Lung"
"O10.MAA001847.3_39_F.1.1",4031,751066,"Lung"
"P20.MAA001847.3_39_F.1.1",1665,115520,"Lung"
"I1.MAA001847.3_39_F.1.1",2181,148844,"Lung"
"N6.MAA001847.3_39_F.1.1",2889,226348,"Lung"
"O11.MAA001847.3_39_F.1.1",3514,208756,"Lung"
"J14.MAA001847.3_39_F.1.1",3025,308509,"Lung"
"L14.MAA001847.3_39_F.1.1",2722,156826,"Lung"
"G10.MAA001847.3_39_F.1.1",4047,900460,"Lung"
"I2.MAA001847.3_39_F.1.1",4427,519289,"Lung"
"J16.MAA001847.3_39_F.1.1",4741,515557,"Lung"
"L15.MAA001847.3_39_F.1.1",3675,446412,"Lung"
"O13.MAA001847.3_39_F.1.1",3677,382925,"Lung"
"N7.MAA001847.3_39_F.1.1",1291,108334,"Lung"
"G12.MAA001847.3_39_F.1.1",4757,1030121,"Lung"
"O14.MAA001847.3_39_F.1.1",3837,483257,"Lung"
"I4.MAA001847.3_39_F.1.1",3183,219487,"Lung"
"J17.MAA001847.3_39_F.1.1",3338,363794,"Lung"
"L17.MAA001847.3_39_F.1.1",3186,479742,"Lung"
"N8.MAA001847.3_39_F.1.1",1502,342683,"Lung"
"G13.MAA001847.3_39_F.1.1",3820,907668,"Lung"
"I6.MAA001847.3_39_F.1.1",3708,391408,"Lung"
"J20.MAA001847.3_39_F.1.1",2263,212498,"Lung"
"L19.MAA001847.3_39_F.1.1",3875,626462,"Lung"
"N9.MAA001847.3_39_F.1.1",3776,454207,"Lung"
"O16.MAA001847.3_39_F.1.1",2935,356856,"Lung"
"G14.MAA001847.3_39_F.1.1",2318,283490,"Lung"
"I7.MAA001847.3_39_F.1.1",3804,488963,"Lung"
"J21.MAA001847.3_39_F.1.1",2336,270699,"Lung"
"L21.MAA001847.3_39_F.1.1",2707,311124,"Lung"
"N10.MAA001847.3_39_F.1.1",1642,326725,"Lung"
"O17.MAA001847.3_39_F.1.1",3533,543689,"Lung"
"G16.MAA001847.3_39_F.1.1",3221,503055,"Lung"
"O19.MAA001847.3_39_F.1.1",2300,187083,"Lung"
"I8.MAA001847.3_39_F.1.1",4193,303749,"Lung"
"J22.MAA001847.3_39_F.1.1",2780,367517,"Lung"
"L22.MAA001847.3_39_F.1.1",1462,114868,"Lung"
"N11.MAA001847.3_39_F.1.1",2835,289447,"Lung"
"G17.MAA001847.3_39_F.1.1",2756,864035,"Lung"
"I9.MAA001847.3_39_F.1.1",4068,594618,"Lung"
"M1.MAA001847.3_39_F.1.1",2109,144916,"Lung"
"F4.MAA001847.3_39_F.1.1",4258,628103,"Lung"
"G18.MAA001847.3_39_F.1.1",2495,202873,"Lung"
"I10.MAA001847.3_39_F.1.1",3732,296545,"Lung"
"K4.MAA001847.3_39_F.1.1",3806,347545,"Lung"
"M2.MAA001847.3_39_F.1.1",2726,745470,"Lung"
"N13.MAA001847.3_39_F.1.1",3013,197458,"Lung"
"N12.MAA001847.3_39_F.1.1",3294,289242,"Lung"
"O21.MAA001847.3_39_F.1.1",2244,236998,"Lung"
"O20.MAA001847.3_39_F.1.1",1472,134242,"Lung"
"G21.MAA001847.3_39_F.1.1",2242,221521,"Lung"
"I11.MAA001847.3_39_F.1.1",3523,347391,"Lung"
"K5.MAA001847.3_39_F.1.1",3522,368586,"Lung"
"M3.MAA001847.3_39_F.1.1",2078,84856,"Lung"
"N15.MAA001847.3_39_F.1.1",3631,291878,"Lung"
"F5.MAA001847.3_39_F.1.1",3585,558037,"Lung"
"I12.MAA001847.3_39_F.1.1",3418,295030,"Lung"
"K6.MAA001847.3_39_F.1.1",4178,627035,"Lung"
"M5.MAA001847.3_39_F.1.1",4057,532512,"Lung"
"N16.MAA001847.3_39_F.1.1",2194,181030,"Lung"
"F7.MAA001847.3_39_F.1.1",3872,568739,"Lung"
"G22.MAA001847.3_39_F.1.1",2482,260650,"Lung"
"P2.MAA001847.3_39_F.1.1",3448,529791,"Lung"
"F8.MAA001847.3_39_F.1.1",2848,254106,"Lung"
"H1.MAA001847.3_39_F.1.1",4020,441980,"Lung"
"I14.MAA001847.3_39_F.1.1",3957,463288,"Lung"
"K7.MAA001847.3_39_F.1.1",4867,603014,"Lung"
"M7.MAA001847.3_39_F.1.1",2027,159915,"Lung"
"N17.MAA001847.3_39_F.1.1",3371,433095,"Lung"
"F10.MAA001847.3_39_F.1.1",3013,240321,"Lung"
"N18.MAA001847.3_39_F.1.1",2582,258396,"Lung"
"P3.MAA001847.3_39_F.1.1",3904,449382,"Lung"
"F11.MAA001847.3_39_F.1.1",2886,306156,"Lung"
"H3.MAA001847.3_39_F.1.1",4486,508467,"Lung"
"I15.MAA001847.3_39_F.1.1",4041,422774,"Lung"
"K11.MAA001847.3_39_F.1.1",2922,312211,"Lung"
"M8.MAA001847.3_39_F.1.1",5659,783836,"Lung"
"H4.MAA001847.3_39_F.1.1",1951,98698,"Lung"
"I16.MAA001847.3_39_F.1.1",3792,527374,"Lung"
"K12.MAA001847.3_39_F.1.1",3327,110843,"Lung"
"M10.MAA001847.3_39_F.1.1",3053,410640,"Lung"
"N20.MAA001847.3_39_F.1.1",2745,224785,"Lung"
"P4.MAA001847.3_39_F.1.1",1691,101423,"Lung"
"K13.MAA001847.3_39_F.1.1",3800,837481,"Lung"
"M11.MAA001847.3_39_F.1.1",2932,360331,"Lung"
"N21.MAA001847.3_39_F.1.1",1934,164486,"Lung"
"P5.MAA001847.3_39_F.1.1",3638,558554,"Lung"
"F12.MAA001847.3_39_F.1.1",2414,206541,"Lung"
"H5.MAA001847.3_39_F.1.1",4474,647785,"Lung"
"I17.MAA001847.3_39_F.1.1",3137,330015,"Lung"
"A4.MAA001889.3_38_F.1.1",2176,1181427,"Lung"
"B5.MAA001889.3_38_F.1.1",648,561497,"Lung"
"C7.MAA001889.3_38_F.1.1",1913,1734660,"Lung"
"A5.MAA001889.3_38_F.1.1",2147,1162667,"Lung"
"A6.MAA001889.3_38_F.1.1",1498,1399455,"Lung"
"C11.MAA001889.3_38_F.1.1",2073,1672072,"Lung"
"B10.MAA001889.3_38_F.1.1",2634,1800446,"Lung"
"A10.MAA001889.3_38_F.1.1",1474,624766,"Lung"
"A14.MAA001889.3_38_F.1.1",2225,1989023,"Lung"
"A16.MAA001889.3_38_F.1.1",2429,1809165,"Lung"
"B20.MAA001889.3_38_F.1.1",3082,611152,"Lung"
"C2.MAA001889.3_38_F.1.1",1389,1346856,"Lung"
"C3.MAA001889.3_38_F.1.1",1446,1237368,"Lung"
"B2.MAA001889.3_38_F.1.1",1372,1143444,"Lung"
"A1.MAA001889.3_38_F.1.1",2072,182800,"Lung"
"B3.MAA001889.3_38_F.1.1",906,252032,"Lung"
"C5.MAA001889.3_38_F.1.1",1904,1929974,"Lung"
"C4.MAA001889.3_38_F.1.1",1237,1042498,"Lung"
"B4.MAA001889.3_38_F.1.1",2009,1821699,"Lung"
"H5.MAA001889.3_38_F.1.1",2353,1565046,"Lung"
"I9.MAA001889.3_38_F.1.1",1045,322032,"Lung"
"K17.MAA001889.3_38_F.1.1",1309,447085,"Lung"
"F22.MAA001889.3_38_F.1.1",1777,1701459,"Lung"
"H6.MAA001889.3_38_F.1.1",2590,1530512,"Lung"
"I10.MAA001889.3_38_F.1.1",2982,1102560,"Lung"
"K18.MAA001889.3_38_F.1.1",2577,1719674,"Lung"
"N4.MAA001889.3_38_F.1.1",1861,617570,"Lung"
"O9.MAA001889.3_38_F.1.1",2287,1378405,"Lung"
"O8.MAA001889.3_38_F.1.1",3668,814721,"Lung"
"P12.MAA001889.3_38_F.1.1",1849,749223,"Lung"
"D11.MAA001889.3_38_F.1.1",2267,920171,"Lung"
"G2.MAA001889.3_38_F.1.1",2328,1353256,"Lung"
"H7.MAA001889.3_38_F.1.1",933,394263,"Lung"
"I11.MAA001889.3_38_F.1.1",3611,1284356,"Lung"
"J13.MAA001889.3_38_F.1.1",2693,1083052,"Lung"
"M1.MAA001889.3_38_F.1.1",2212,827207,"Lung"
"N5.MAA001889.3_38_F.1.1",2171,1253114,"Lung"
"P14.MAA001889.3_38_F.1.1",1442,943041,"Lung"
"M2.MAA001889.3_38_F.1.1",3213,1643804,"Lung"
"N6.MAA001889.3_38_F.1.1",1344,993722,"Lung"
"O11.MAA001889.3_38_F.1.1",3833,986904,"Lung"
"P15.MAA001889.3_38_F.1.1",1379,917302,"Lung"
"D14.MAA001889.3_38_F.1.1",2830,1652332,"Lung"
"D13.MAA001889.3_38_F.1.1",2842,1509350,"Lung"
"G5.MAA001889.3_38_F.1.1",1302,1170250,"Lung"
"H8.MAA001889.3_38_F.1.1",1642,770853,"Lung"
"I12.MAA001889.3_38_F.1.1",2266,1113052,"Lung"
"O12.MAA001889.3_38_F.1.1",2471,1321929,"Lung"
"F1.MAA001889.3_38_F.1.1",1733,1082196,"Lung"
"H9.MAA001889.3_38_F.1.1",1581,603414,"Lung"
"H10.MAA001889.3_38_F.1.1",3257,1147222,"Lung"
"I13.MAA001889.3_38_F.1.1",1435,740877,"Lung"
"J15.MAA001889.3_38_F.1.1",2933,1469628,"Lung"
"K22.MAA001889.3_38_F.1.1",2745,1535573,"Lung"
"M5.MAA001889.3_38_F.1.1",2824,1426341,"Lung"
"N7.MAA001889.3_38_F.1.1",3830,1375243,"Lung"
"J16.MAA001889.3_38_F.1.1",2401,1701239,"Lung"
"F2.MAA001889.3_38_F.1.1",1645,894994,"Lung"
"G8.MAA001889.3_38_F.1.1",2537,1429499,"Lung"
"J17.MAA001889.3_38_F.1.1",853,576225,"Lung"
"L2.MAA001889.3_38_F.1.1",2773,746404,"Lung"
"M7.MAA001889.3_38_F.1.1",1856,1035915,"Lung"
"L1.MAA001889.3_38_F.1.1",2042,846273,"Lung"
"N9.MAA001889.3_38_F.1.1",968,444070,"Lung"
"O14.MAA001889.3_38_F.1.1",1296,1520903,"Lung"
"P18.MAA001889.3_38_F.1.1",1989,1968817,"Lung"
"N8.MAA001889.3_38_F.1.1",4167,1357953,"Lung"
"P17.MAA001889.3_38_F.1.1",1929,1315898,"Lung"
"H12.MAA001889.3_38_F.1.1",2882,1983563,"Lung"
"I16.MAA001889.3_38_F.1.1",1728,623065,"Lung"
"L3.MAA001889.3_38_F.1.1",2190,693059,"Lung"
"M8.MAA001889.3_38_F.1.1",2790,1267530,"Lung"
"N10.MAA001889.3_38_F.1.1",1432,409313,"Lung"
"O15.MAA001889.3_38_F.1.1",1275,861086,"Lung"
"N11.MAA001889.3_38_F.1.1",2955,1782278,"Lung"
"O16.MAA001889.3_38_F.1.1",2516,1571879,"Lung"
"C15.MAA001889.3_38_F.1.1",2934,1657030,"Lung"
"F5.MAA001889.3_38_F.1.1",1567,792574,"Lung"
"L4.MAA001889.3_38_F.1.1",2758,900743,"Lung"
"P22.MAA001889.3_38_F.1.1",1241,1617261,"Lung"
"F6.MAA001889.3_38_F.1.1",1601,1136959,"Lung"
"G12.MAA001889.3_38_F.1.1",2455,679603,"Lung"
"H14.MAA001889.3_38_F.1.1",2908,1341750,"Lung"
"H15.MAA001889.3_38_F.1.1",3670,1331079,"Lung"
"L5.MAA001889.3_38_F.1.1",2144,539395,"Lung"
"M10.MAA001889.3_38_F.1.1",1416,746175,"Lung"
"C19.MAA001889.3_38_F.1.1",2279,1801954,"Lung"
"G13.MAA001889.3_38_F.1.1",2923,1967576,"Lung"
"L7.MAA001889.3_38_F.1.1",1090,411080,"Lung"
"M12.MAA001889.3_38_F.1.1",2023,444463,"Lung"
"L6.MAA001889.3_38_F.1.1",1677,941328,"Lung"
"O19.MAA001889.3_38_F.1.1",1897,1228315,"Lung"
"N13.MAA001889.3_38_F.1.1",2778,1773125,"Lung"
"G14.MAA001889.3_38_F.1.1",2832,1186854,"Lung"
"K5.MAA001889.3_38_F.1.1",2242,1227009,"Lung"
"L8.MAA001889.3_38_F.1.1",1660,686261,"Lung"
"N15.MAA001889.3_38_F.1.1",2647,1353100,"Lung"
"O20.MAA001889.3_38_F.1.1",2053,1937206,"Lung"
"M14.MAA001889.3_38_F.1.1",2710,1395965,"Lung"
"N16.MAA001889.3_38_F.1.1",2393,1652078,"Lung"
"P1.MAA001889.3_38_F.1.1",1201,483739,"Lung"
"E7.MAA001889.3_38_F.1.1",1264,813037,"Lung"
"F9.MAA001889.3_38_F.1.1",1740,632774,"Lung"
"G15.MAA001889.3_38_F.1.1",1969,1013678,"Lung"
"L9.MAA001889.3_38_F.1.1",2467,1137995,"Lung"
"H19.MAA001889.3_38_F.1.1",1553,1787593,"Lung"
"E8.MAA001889.3_38_F.1.1",1522,831737,"Lung"
"J1.MAA001889.3_38_F.1.1",4392,888990,"Lung"
"J2.MAA001889.3_38_F.1.1",1591,857692,"Lung"
"K7.MAA001889.3_38_F.1.1",2316,1226715,"Lung"
"L10.MAA001889.3_38_F.1.1",3178,1320920,"Lung"
"P2.MAA001889.3_38_F.1.1",2360,874395,"Lung"
"D2.MAA001889.3_38_F.1.1",1136,741068,"Lung"
"E9.MAA001889.3_38_F.1.1",1179,557728,"Lung"
"F12.MAA001889.3_38_F.1.1",3699,1486627,"Lung"
"J3.MAA001889.3_38_F.1.1",1678,986008,"Lung"
"M17.MAA001889.3_38_F.1.1",1677,1475392,"Lung"
"L11.MAA001889.3_38_F.1.1",2408,1049538,"Lung"
"N19.MAA001889.3_38_F.1.1",1611,1653312,"Lung"
"P4.MAA001889.3_38_F.1.1",3280,787753,"Lung"
"M16.MAA001889.3_38_F.1.1",1704,1052523,"Lung"
"P3.MAA001889.3_38_F.1.1",4029,1003218,"Lung"
"K10.MAA001889.3_38_F.1.1",2779,1527983,"Lung"
"L13.MAA001889.3_38_F.1.1",1897,952148,"Lung"
"N20.MAA001889.3_38_F.1.1",1475,1854987,"Lung"
"P5.MAA001889.3_38_F.1.1",3279,154757,"Lung"
"D3.MAA001889.3_38_F.1.1",1276,674673,"Lung"
"I1.MAA001889.3_38_F.1.1",5587,744243,"Lung"
"L14.MAA001889.3_38_F.1.1",2405,1264247,"Lung"
"F14.MAA001889.3_38_F.1.1",3401,841639,"Lung"
"G20.MAA001889.3_38_F.1.1",643,1828028,"Lung"
"M19.MAA001889.3_38_F.1.1",1373,1954785,"Lung"
"E12.MAA001889.3_38_F.1.1",2323,1317592,"Lung"
"F15.MAA001889.3_38_F.1.1",2625,1472901,"Lung"
"L15.MAA001889.3_38_F.1.1",871,1102861,"Lung"
"O1.MAA001889.3_38_F.1.1",3521,1481933,"Lung"
"I2.MAA001889.3_38_F.1.1",2578,1637585,"Lung"
"J6.MAA001889.3_38_F.1.1",1501,772126,"Lung"
"K12.MAA001889.3_38_F.1.1",1493,605865,"Lung"
"D6.MAA001889.3_38_F.1.1",908,967472,"Lung"
"H1.MAA001889.3_38_F.1.1",5071,1098047,"Lung"
"I5.MAA001889.3_38_F.1.1",2968,1831193,"Lung"
"K13.MAA001889.3_38_F.1.1",3110,1705870,"Lung"
"D7.MAA001889.3_38_F.1.1",1186,452047,"Lung"
"L16.MAA001889.3_38_F.1.1",2214,1645398,"Lung"
"M21.MAA001889.3_38_F.1.1",1867,107101,"Lung"
"O2.MAA001889.3_38_F.1.1",3532,720682,"Lung"
"P8.MAA001889.3_38_F.1.1",1908,754136,"Lung"
"O5.MAA001889.3_38_F.1.1",4140,1158421,"Lung"
"P9.MAA001889.3_38_F.1.1",1622,427794,"Lung"
"H2.MAA001889.3_38_F.1.1",2129,1067180,"Lung"
"D8.MAA001889.3_38_F.1.1",1049,312394,"Lung"
"I6.MAA001889.3_38_F.1.1",1736,853868,"Lung"
"J8.MAA001889.3_38_F.1.1",2445,948736,"Lung"
"N1.MAA001889.3_38_F.1.1",3508,134927,"Lung"
"O6.MAA001889.3_38_F.1.1",3077,886498,"Lung"
"P10.MAA001889.3_38_F.1.1",2832,1210195,"Lung"
"H3.MAA001889.3_38_F.1.1",2024,1298913,"Lung"
"H4.MAA001889.3_38_F.1.1",2338,1073389,"Lung"
"I8.MAA001889.3_38_F.1.1",2680,1432824,"Lung"
"J10.MAA001889.3_38_F.1.1",3450,1677619,"Lung"
"N2.MAA001889.3_38_F.1.1",2503,1358975,"Lung"
"O7.MAA001889.3_38_F.1.1",4635,728344,"Lung"
"A17.MAA001892.3_38_F.1.1",1940,458087,"Lung"
"C3.MAA001892.3_38_F.1.1",1648,428443,"Lung"
"A16.MAA001892.3_38_F.1.1",3754,509675,"Lung"
"C2.MAA001892.3_38_F.1.1",1531,457565,"Lung"
"A18.MAA001892.3_38_F.1.1",1947,486281,"Lung"
"C4.MAA001892.3_38_F.1.1",1349,264784,"Lung"
"A19.MAA001892.3_38_F.1.1",1638,529739,"Lung"
"C5.MAA001892.3_38_F.1.1",1909,512488,"Lung"
"A21.MAA001892.3_38_F.1.1",2365,773413,"Lung"
"A20.MAA001892.3_38_F.1.1",2301,758520,"Lung"
"C6.MAA001892.3_38_F.1.1",2114,1346240,"Lung"
"C7.MAA001892.3_38_F.1.1",1895,861302,"Lung"
"A22.MAA001892.3_38_F.1.1",1941,495986,"Lung"
"C9.MAA001892.3_38_F.1.1",1767,546817,"Lung"
"C10.MAA001892.3_38_F.1.1",1541,511160,"Lung"
"C11.MAA001892.3_38_F.1.1",1519,647670,"Lung"
"A1.MAA001892.3_38_F.1.1",1536,347210,"Lung"
"C12.MAA001892.3_38_F.1.1",1414,480697,"Lung"
"A2.MAA001892.3_38_F.1.1",1410,403995,"Lung"
"C14.MAA001892.3_38_F.1.1",1961,605801,"Lung"
"A3.MAA001892.3_38_F.1.1",2462,568411,"Lung"
"A4.MAA001892.3_38_F.1.1",1308,319745,"Lung"
"A5.MAA001892.3_38_F.1.1",1677,411184,"Lung"
"B13.MAA001892.3_38_F.1.1",575,72302,"Lung"
"A6.MAA001892.3_38_F.1.1",1535,180122,"Lung"
"B14.MAA001892.3_38_F.1.1",1989,481731,"Lung"
"A7.MAA001892.3_38_F.1.1",2050,625671,"Lung"
"B15.MAA001892.3_38_F.1.1",2516,989895,"Lung"
"A8.MAA001892.3_38_F.1.1",1681,376005,"Lung"
"B16.MAA001892.3_38_F.1.1",3218,584241,"Lung"
"A9.MAA001892.3_38_F.1.1",1448,306876,"Lung"
"A10.MAA001892.3_38_F.1.1",1749,324250,"Lung"
"B17.MAA001892.3_38_F.1.1",3236,783952,"Lung"
"B18.MAA001892.3_38_F.1.1",2615,514927,"Lung"
"A11.MAA001892.3_38_F.1.1",2067,389882,"Lung"
"B19.MAA001892.3_38_F.1.1",1224,232497,"Lung"
"A12.MAA001892.3_38_F.1.1",1592,369149,"Lung"
"A13.MAA001892.3_38_F.1.1",2395,384757,"Lung"
"B21.MAA001892.3_38_F.1.1",2234,573730,"Lung"
"B20.MAA001892.3_38_F.1.1",1768,477094,"Lung"
"A14.MAA001892.3_38_F.1.1",1869,341857,"Lung"
"B22.MAA001892.3_38_F.1.1",1237,250355,"Lung"
"C1.MAA001892.3_38_F.1.1",1639,483690,"Lung"
"D17.MAA001892.3_38_F.1.1",1881,343632,"Lung"
"F7.MAA001892.3_38_F.1.1",1535,319811,"Lung"
"G17.MAA001892.3_38_F.1.1",1381,291348,"Lung"
"N11.MAA001892.3_38_F.1.1",2286,408752,"Lung"
"P1.MAA001892.3_38_F.1.1",1451,279232,"Lung"
"D18.MAA001892.3_38_F.1.1",1638,422948,"Lung"
"J7.MAA001892.3_38_F.1.1",1894,443002,"Lung"
"K17.MAA001892.3_38_F.1.1",2588,490474,"Lung"
"M4.MAA001892.3_38_F.1.1",1831,510054,"Lung"
"F9.MAA001892.3_38_F.1.1",1566,146144,"Lung"
"G20.MAA001892.3_38_F.1.1",3551,544975,"Lung"
"I3.MAA001892.3_38_F.1.1",2055,472365,"Lung"
"J9.MAA001892.3_38_F.1.1",2029,506172,"Lung"
"K18.MAA001892.3_38_F.1.1",1761,317474,"Lung"
"M6.MAA001892.3_38_F.1.1",1065,154624,"Lung"
"N12.MAA001892.3_38_F.1.1",2095,598277,"Lung"
"P3.MAA001892.3_38_F.1.1",3064,691288,"Lung"
"M7.MAA001892.3_38_F.1.1",2088,393787,"Lung"
"N13.MAA001892.3_38_F.1.1",1515,335853,"Lung"
"P7.MAA001892.3_38_F.1.1",1437,291451,"Lung"
"D20.MAA001892.3_38_F.1.1",2032,542131,"Lung"
"D21.MAA001892.3_38_F.1.1",2393,631167,"Lung"
"F10.MAA001892.3_38_F.1.1",1611,291623,"Lung"
"G21.MAA001892.3_38_F.1.1",838,59448,"Lung"
"I4.MAA001892.3_38_F.1.1",734,67517,"Lung"
"J10.MAA001892.3_38_F.1.1",1573,389001,"Lung"
"K19.MAA001892.3_38_F.1.1",1507,127394,"Lung"
"P8.MAA001892.3_38_F.1.1",596,92822,"Lung"
"F11.MAA001892.3_38_F.1.1",2275,430266,"Lung"
"H1.MAA001892.3_38_F.1.1",2904,714827,"Lung"
"I5.MAA001892.3_38_F.1.1",1980,323858,"Lung"
"J11.MAA001892.3_38_F.1.1",1862,390467,"Lung"
"K20.MAA001892.3_38_F.1.1",1497,454760,"Lung"
"M8.MAA001892.3_38_F.1.1",2425,681034,"Lung"
"N15.MAA001892.3_38_F.1.1",2247,599370,"Lung"
"P9.MAA001892.3_38_F.1.1",1806,438720,"Lung"
"E1.MAA001892.3_38_F.1.1",1571,329380,"Lung"
"D22.MAA001892.3_38_F.1.1",1622,362865,"Lung"
"F13.MAA001892.3_38_F.1.1",2233,792087,"Lung"
"H3.MAA001892.3_38_F.1.1",2003,519733,"Lung"
"I7.MAA001892.3_38_F.1.1",1953,378371,"Lung"
"F12.MAA001892.3_38_F.1.1",3183,632310,"Lung"
"I6.MAA001892.3_38_F.1.1",1925,385536,"Lung"
"J12.MAA001892.3_38_F.1.1",2581,433589,"Lung"
"L2.MAA001892.3_38_F.1.1",1587,289083,"Lung"
"M9.MAA001892.3_38_F.1.1",1250,300762,"Lung"
"N16.MAA001892.3_38_F.1.1",2376,635918,"Lung"
"J14.MAA001892.3_38_F.1.1",2038,403657,"Lung"
"E2.MAA001892.3_38_F.1.1",2340,599102,"Lung"
"F14.MAA001892.3_38_F.1.1",2570,541429,"Lung"
"H4.MAA001892.3_38_F.1.1",1791,353691,"Lung"
"I8.MAA001892.3_38_F.1.1",1370,309902,"Lung"
"J16.MAA001892.3_38_F.1.1",2433,480490,"Lung"
"L5.MAA001892.3_38_F.1.1",1675,368289,"Lung"
"M11.MAA001892.3_38_F.1.1",2270,447241,"Lung"
"L4.MAA001892.3_38_F.1.1",2474,629577,"Lung"
"M10.MAA001892.3_38_F.1.1",1572,262866,"Lung"
"N17.MAA001892.3_38_F.1.1",1971,471288,"Lung"
"P10.MAA001892.3_38_F.1.1",1764,399600,"Lung"
"N18.MAA001892.3_38_F.1.1",1605,473042,"Lung"
"F15.MAA001892.3_38_F.1.1",2252,371929,"Lung"
"H5.MAA001892.3_38_F.1.1",2124,318966,"Lung"
"I9.MAA001892.3_38_F.1.1",1584,290643,"Lung"
"J17.MAA001892.3_38_F.1.1",1437,334204,"Lung"
"L6.MAA001892.3_38_F.1.1",2218,545096,"Lung"
"M12.MAA001892.3_38_F.1.1",1966,534537,"Lung"
"N21.MAA001892.3_38_F.1.1",2483,1031518,"Lung"
"P11.MAA001892.3_38_F.1.1",1468,300826,"Lung"
"P12.MAA001892.3_38_F.1.1",1600,463833,"Lung"
"E4.MAA001892.3_38_F.1.1",1575,333430,"Lung"
"F17.MAA001892.3_38_F.1.1",2529,843015,"Lung"
"H6.MAA001892.3_38_F.1.1",2020,371649,"Lung"
"I10.MAA001892.3_38_F.1.1",1539,216127,"Lung"
"J18.MAA001892.3_38_F.1.1",3279,590378,"Lung"
"L7.MAA001892.3_38_F.1.1",1625,353192,"Lung"
"M14.MAA001892.3_38_F.1.1",1204,246028,"Lung"
"O1.MAA001892.3_38_F.1.1",2138,553281,"Lung"
"E5.MAA001892.3_38_F.1.1",1386,270537,"Lung"
"F18.MAA001892.3_38_F.1.1",3289,1234659,"Lung"
"H7.MAA001892.3_38_F.1.1",1750,399558,"Lung"
"I12.MAA001892.3_38_F.1.1",1687,300228,"Lung"
"J19.MAA001892.3_38_F.1.1",2076,423852,"Lung"
"L9.MAA001892.3_38_F.1.1",1842,428508,"Lung"
"M16.MAA001892.3_38_F.1.1",1726,414847,"Lung"
"P16.MAA001892.3_38_F.1.1",2949,515097,"Lung"
"O3.MAA001892.3_38_F.1.1",1209,264723,"Lung"
"P17.MAA001892.3_38_F.1.1",1913,347760,"Lung"
"F20.MAA001892.3_38_F.1.1",3436,606982,"Lung"
"H8.MAA001892.3_38_F.1.1",1713,375028,"Lung"
"I13.MAA001892.3_38_F.1.1",1783,298426,"Lung"
"J20.MAA001892.3_38_F.1.1",1631,321651,"Lung"
"L10.MAA001892.3_38_F.1.1",2460,352281,"Lung"
"M17.MAA001892.3_38_F.1.1",2003,542104,"Lung"
"O4.MAA001892.3_38_F.1.1",1395,325783,"Lung"
"P18.MAA001892.3_38_F.1.1",1423,259929,"Lung"
"E6.MAA001892.3_38_F.1.1",1883,365142,"Lung"
"I14.MAA001892.3_38_F.1.1",2195,430820,"Lung"
"J21.MAA001892.3_38_F.1.1",1429,305702,"Lung"
"L11.MAA001892.3_38_F.1.1",2258,455308,"Lung"
"M18.MAA001892.3_38_F.1.1",1991,593580,"Lung"
"O5.MAA001892.3_38_F.1.1",1848,288967,"Lung"
"P20.MAA001892.3_38_F.1.1",1487,354601,"Lung"
"E8.MAA001892.3_38_F.1.1",1560,324207,"Lung"
"F21.MAA001892.3_38_F.1.1",2506,551510,"Lung"
"H9.MAA001892.3_38_F.1.1",1594,226664,"Lung"
"H11.MAA001892.3_38_F.1.1",1992,258553,"Lung"
"I15.MAA001892.3_38_F.1.1",1434,245910,"Lung"
"K1.MAA001892.3_38_F.1.1",1624,345089,"Lung"
"L12.MAA001892.3_38_F.1.1",1520,327469,"Lung"
"M20.MAA001892.3_38_F.1.1",1926,356004,"Lung"
"O6.MAA001892.3_38_F.1.1",1522,252803,"Lung"
"P21.MAA001892.3_38_F.1.1",890,183606,"Lung"
"C16.MAA001892.3_38_F.1.1",2805,489037,"Lung"
"E9.MAA001892.3_38_F.1.1",2726,374578,"Lung"
"F22.MAA001892.3_38_F.1.1",1421,219513,"Lung"
"E10.MAA001892.3_38_F.1.1",2693,432443,"Lung"
"G2.MAA001892.3_38_F.1.1",1732,300187,"Lung"
"H12.MAA001892.3_38_F.1.1",2488,442402,"Lung"
"I17.MAA001892.3_38_F.1.1",2261,343541,"Lung"
"L13.MAA001892.3_38_F.1.1",2371,387220,"Lung"
"M21.MAA001892.3_38_F.1.1",1971,522902,"Lung"
"O8.MAA001892.3_38_F.1.1",1287,536800,"Lung"
"C18.MAA001892.3_38_F.1.1",2217,729507,"Lung"
"E11.MAA001892.3_38_F.1.1",1070,161667,"Lung"
"H13.MAA001892.3_38_F.1.1",3037,505659,"Lung"
"E12.MAA001892.3_38_F.1.1",1772,199124,"Lung"
"G4.MAA001892.3_38_F.1.1",1522,298635,"Lung"
"H14.MAA001892.3_38_F.1.1",2604,419836,"Lung"
"I19.MAA001892.3_38_F.1.1",3353,368359,"Lung"
"K4.MAA001892.3_38_F.1.1",1890,444137,"Lung"
"L15.MAA001892.3_38_F.1.1",2148,461597,"Lung"
"N1.MAA001892.3_38_F.1.1",1551,273956,"Lung"
"O11.MAA001892.3_38_F.1.1",1706,322519,"Lung"
"O12.MAA001892.3_38_F.1.1",2438,673925,"Lung"
"E19.MAA001892.3_38_F.1.1",1719,499726,"Lung"
"G6.MAA001892.3_38_F.1.1",631,77429,"Lung"
"H16.MAA001892.3_38_F.1.1",2039,262656,"Lung"
"D5.MAA001892.3_38_F.1.1",1230,176088,"Lung"
"D7.MAA001892.3_38_F.1.1",1497,343492,"Lung"
"E22.MAA001892.3_38_F.1.1",3090,601430,"Lung"
"G8.MAA001892.3_38_F.1.1",1642,245151,"Lung"
"H17.MAA001892.3_38_F.1.1",2324,390792,"Lung"
"I22.MAA001892.3_38_F.1.1",1714,235133,"Lung"
"K9.MAA001892.3_38_F.1.1",2989,414443,"Lung"
"L18.MAA001892.3_38_F.1.1",1938,350377,"Lung"
"N5.MAA001892.3_38_F.1.1",1615,389312,"Lung"
"O14.MAA001892.3_38_F.1.1",1544,211473,"Lung"
"O15.MAA001892.3_38_F.1.1",1703,313952,"Lung"
"F2.MAA001892.3_38_F.1.1",2395,437713,"Lung"
"G11.MAA001892.3_38_F.1.1",1360,200099,"Lung"
"H19.MAA001892.3_38_F.1.1",3535,393826,"Lung"
"D12.MAA001892.3_38_F.1.1",2038,531180,"Lung"
"O18.MAA001892.3_38_F.1.1",1609,283098,"Lung"
"D14.MAA001892.3_38_F.1.1",2113,378219,"Lung"
"F3.MAA001892.3_38_F.1.1",1522,302917,"Lung"
"G13.MAA001892.3_38_F.1.1",1872,494624,"Lung"
"H20.MAA001892.3_38_F.1.1",2134,287155,"Lung"
"J4.MAA001892.3_38_F.1.1",865,193629,"Lung"
"K14.MAA001892.3_38_F.1.1",2801,575776,"Lung"
"M1.MAA001892.3_38_F.1.1",1738,665811,"Lung"
"N8.MAA001892.3_38_F.1.1",1842,724652,"Lung"
"K15.MAA001892.3_38_F.1.1",2774,492635,"Lung"
"D16.MAA001892.3_38_F.1.1",1985,417514,"Lung"
"M2.MAA001892.3_38_F.1.1",2137,399984,"Lung"
"N9.MAA001892.3_38_F.1.1",1643,702554,"Lung"
"O20.MAA001892.3_38_F.1.1",2309,428132,"Lung"
"I18.MAA001892.3_38_F.1.1",2729,275869,"Lung"
"K3.MAA001892.3_38_F.1.1",1718,424664,"Lung"
"L14.MAA001892.3_38_F.1.1",2075,419182,"Lung"
"M22.MAA001892.3_38_F.1.1",1147,388029,"Lung"
"O9.MAA001892.3_38_F.1.1",1546,581753,"Lung"
"K5.MAA001892.3_38_F.1.1",2283,538986,"Lung"
"L16.MAA001892.3_38_F.1.1",1297,127771,"Lung"
"N2.MAA001892.3_38_F.1.1",581,55050,"Lung"
"D3.MAA001892.3_38_F.1.1",1625,203466,"Lung"
"E15.MAA001892.3_38_F.1.1",2670,423932,"Lung"
"G5.MAA001892.3_38_F.1.1",1774,345123,"Lung"
"H15.MAA001892.3_38_F.1.1",1910,456876,"Lung"
"I20.MAA001892.3_38_F.1.1",2181,425192,"Lung"
"I21.MAA001892.3_38_F.1.1",3296,666333,"Lung"
"K7.MAA001892.3_38_F.1.1",2214,534340,"Lung"
"L17.MAA001892.3_38_F.1.1",1034,138960,"Lung"
"N3.MAA001892.3_38_F.1.1",1693,342043,"Lung"
"O13.MAA001892.3_38_F.1.1",2354,969219,"Lung"
"K11.MAA001892.3_38_F.1.1",2237,541815,"Lung"
"L20.MAA001892.3_38_F.1.1",1738,293000,"Lung"
"N6.MAA001892.3_38_F.1.1",2602,461752,"Lung"
"D11.MAA001892.3_38_F.1.1",2181,518303,"Lung"
"F1.MAA001892.3_38_F.1.1",1381,209027,"Lung"
"G9.MAA001892.3_38_F.1.1",1109,164449,"Lung"
"H18.MAA001892.3_38_F.1.1",3301,781504,"Lung"
"J1.MAA001892.3_38_F.1.1",1617,346778,"Lung"
"J3.MAA001892.3_38_F.1.1",1907,569922,"Lung"
"K12.MAA001892.3_38_F.1.1",2111,297054,"Lung"
"L21.MAA001892.3_38_F.1.1",1503,228483,"Lung"
"N7.MAA001892.3_38_F.1.1",2524,614834,"Lung"
"O17.MAA001892.3_38_F.1.1",2469,895822,"Lung"
"J5.MAA001892.3_38_F.1.1",1409,223694,"Lung"
"D15.MAA001892.3_38_F.1.1",3154,576608,"Lung"
"F4.MAA001892.3_38_F.1.1",2099,326620,"Lung"
"G14.MAA001892.3_38_F.1.1",1492,222092,"Lung"
"H21.MAA001892.3_38_F.1.1",1752,376303,"Lung"
"F6.MAA001892.3_38_F.1.1",1889,377847,"Lung"
"G15.MAA001892.3_38_F.1.1",1779,370145,"Lung"
"H22.MAA001892.3_38_F.1.1",974,270198,"Lung"
"J6.MAA001892.3_38_F.1.1",2980,553805,"Lung"
"K16.MAA001892.3_38_F.1.1",1862,335422,"Lung"
"M3.MAA001892.3_38_F.1.1",1745,423994,"Lung"
"N10.MAA001892.3_38_F.1.1",1487,248166,"Lung"
"O21.MAA001892.3_38_F.1.1",2169,481232,"Lung"
"C1.D043522.3_39_F.1.1",2419,980957,"Lung"
"D10.D043522.3_39_F.1.1",1900,856260,"Lung"
"E22.D043522.3_39_F.1.1",1403,344357,"Lung"
"G12.D043522.3_39_F.1.1",1743,827826,"Lung"
"A12.D043522.3_39_F.1.1",1495,592714,"Lung"
"I4.D043522.3_39_F.1.1",2471,1056975,"Lung"
"C3.D043522.3_39_F.1.1",1592,323055,"Lung"
"D11.D043522.3_39_F.1.1",2663,1345254,"Lung"
"F1.D043522.3_39_F.1.1",1520,322236,"Lung"
"A14.D043522.3_39_F.1.1",2317,1351562,"Lung"
"I8.D043522.3_39_F.1.1",2392,882320,"Lung"
"G13.D043522.3_39_F.1.1",4111,1550170,"Lung"
"A15.D043522.3_39_F.1.1",2440,1279450,"Lung"
"C4.D043522.3_39_F.1.1",2019,875429,"Lung"
"D12.D043522.3_39_F.1.1",1670,581285,"Lung"
"G14.D043522.3_39_F.1.1",1886,925237,"Lung"
"I12.D043522.3_39_F.1.1",3164,1381717,"Lung"
"A16.D043522.3_39_F.1.1",1521,580951,"Lung"
"C5.D043522.3_39_F.1.1",1959,1148559,"Lung"
"D13.D043522.3_39_F.1.1",1377,471490,"Lung"
"F3.D043522.3_39_F.1.1",1794,858204,"Lung"
"G15.D043522.3_39_F.1.1",1730,797550,"Lung"
"I13.D043522.3_39_F.1.1",1929,535809,"Lung"
"A17.D043522.3_39_F.1.1",1643,874535,"Lung"
"C6.D043522.3_39_F.1.1",2211,1063085,"Lung"
"D15.D043522.3_39_F.1.1",2371,784519,"Lung"
"F4.D043522.3_39_F.1.1",2142,1200713,"Lung"
"G18.D043522.3_39_F.1.1",2865,1927027,"Lung"
"I14.D043522.3_39_F.1.1",2180,619643,"Lung"
"A19.D043522.3_39_F.1.1",1892,421793,"Lung"
"C7.D043522.3_39_F.1.1",1536,546256,"Lung"
"D17.D043522.3_39_F.1.1",2761,1632995,"Lung"
"F5.D043522.3_39_F.1.1",1904,331665,"Lung"
"G19.D043522.3_39_F.1.1",2513,1595407,"Lung"
"I15.D043522.3_39_F.1.1",3266,1048711,"Lung"
"A20.D043522.3_39_F.1.1",2670,1450732,"Lung"
"C8.D043522.3_39_F.1.1",897,372316,"Lung"
"D20.D043522.3_39_F.1.1",1379,565254,"Lung"
"F6.D043522.3_39_F.1.1",1665,167559,"Lung"
"I16.D043522.3_39_F.1.1",2689,1094251,"Lung"
"A21.D043522.3_39_F.1.1",1876,841269,"Lung"
"C9.D043522.3_39_F.1.1",2624,923652,"Lung"
"D21.D043522.3_39_F.1.1",2389,594584,"Lung"
"F9.D043522.3_39_F.1.1",2351,743840,"Lung"
"I19.D043522.3_39_F.1.1",2039,1208357,"Lung"
"A22.D043522.3_39_F.1.1",1488,313350,"Lung"
"C12.D043522.3_39_F.1.1",1978,908666,"Lung"
"D22.D043522.3_39_F.1.1",1038,217012,"Lung"
"F10.D043522.3_39_F.1.1",2002,617075,"Lung"
"G22.D043522.3_39_F.1.1",2211,1197095,"Lung"
"I21.D043522.3_39_F.1.1",2470,1532445,"Lung"
"C13.D043522.3_39_F.1.1",1996,793376,"Lung"
"E1.D043522.3_39_F.1.1",1590,388835,"Lung"
"F11.D043522.3_39_F.1.1",1835,807710,"Lung"
"H2.D043522.3_39_F.1.1",2043,892771,"Lung"
"E2.D043522.3_39_F.1.1",2420,804748,"Lung"
"F15.D043522.3_39_F.1.1",2370,1597717,"Lung"
"H3.D043522.3_39_F.1.1",1803,754395,"Lung"
"B4.D043522.3_39_F.1.1",2082,894934,"Lung"
"C14.D043522.3_39_F.1.1",2072,817345,"Lung"
"J2.D043522.3_39_F.1.1",2127,634088,"Lung"
"B5.D043522.3_39_F.1.1",1489,1083016,"Lung"
"C15.D043522.3_39_F.1.1",2116,999257,"Lung"
"E3.D043522.3_39_F.1.1",2222,1285120,"Lung"
"F16.D043522.3_39_F.1.1",3001,1630375,"Lung"
"H4.D043522.3_39_F.1.1",2334,1173120,"Lung"
"B6.D043522.3_39_F.1.1",1647,1071830,"Lung"
"C16.D043522.3_39_F.1.1",2404,1076537,"Lung"
"E4.D043522.3_39_F.1.1",1787,840976,"Lung"
"F18.D043522.3_39_F.1.1",2042,588249,"Lung"
"H7.D043522.3_39_F.1.1",1979,899713,"Lung"
"H9.D043522.3_39_F.1.1",1766,564575,"Lung"
"B7.D043522.3_39_F.1.1",1814,602597,"Lung"
"C17.D043522.3_39_F.1.1",1886,944349,"Lung"
"E5.D043522.3_39_F.1.1",2534,420319,"Lung"
"F19.D043522.3_39_F.1.1",2056,1089452,"Lung"
"B9.D043522.3_39_F.1.1",2158,1111984,"Lung"
"C18.D043522.3_39_F.1.1",2187,950141,"Lung"
"E7.D043522.3_39_F.1.1",2001,749120,"Lung"
"F20.D043522.3_39_F.1.1",1364,513166,"Lung"
"H10.D043522.3_39_F.1.1",1758,960777,"Lung"
"A2.D043522.3_39_F.1.1",1284,524024,"Lung"
"A3.D043522.3_39_F.1.1",2386,845120,"Lung"
"B13.D043522.3_39_F.1.1",2284,1255901,"Lung"
"C20.D043522.3_39_F.1.1",1308,506214,"Lung"
"E9.D043522.3_39_F.1.1",3213,702828,"Lung"
"F21.D043522.3_39_F.1.1",1649,353627,"Lung"
"H13.D043522.3_39_F.1.1",1570,670887,"Lung"
"B14.D043522.3_39_F.1.1",1738,862425,"Lung"
"C21.D043522.3_39_F.1.1",1044,450264,"Lung"
"E10.D043522.3_39_F.1.1",2182,559352,"Lung"
"F22.D043522.3_39_F.1.1",3194,1174166,"Lung"
"H18.D043522.3_39_F.1.1",2096,1052459,"Lung"
"A4.D043522.3_39_F.1.1",2429,856949,"Lung"
"D1.D043522.3_39_F.1.1",2555,1121943,"Lung"
"E11.D043522.3_39_F.1.1",2420,1078337,"Lung"
"G1.D043522.3_39_F.1.1",2012,846315,"Lung"
"H19.D043522.3_39_F.1.1",2309,1460594,"Lung"
"A5.D043522.3_39_F.1.1",1768,765351,"Lung"
"B15.D043522.3_39_F.1.1",2233,965760,"Lung"
"D2.D043522.3_39_F.1.1",3122,1535593,"Lung"
"E13.D043522.3_39_F.1.1",2875,771742,"Lung"
"G2.D043522.3_39_F.1.1",2947,1927485,"Lung"
"H20.D043522.3_39_F.1.1",3096,1686743,"Lung"
"A6.D043522.3_39_F.1.1",1100,439198,"Lung"
"B16.D043522.3_39_F.1.1",3751,1853038,"Lung"
"E15.D043522.3_39_F.1.1",1660,361182,"Lung"
"G3.D043522.3_39_F.1.1",2077,827552,"Lung"
"H21.D043522.3_39_F.1.1",1681,737783,"Lung"
"B17.D043522.3_39_F.1.1",1861,1124783,"Lung"
"E16.D043522.3_39_F.1.1",3048,1558439,"Lung"
"G4.D043522.3_39_F.1.1",2488,1193315,"Lung"
"H22.D043522.3_39_F.1.1",2438,1896428,"Lung"
"A8.D043522.3_39_F.1.1",2335,854832,"Lung"
"B18.D043522.3_39_F.1.1",1600,1007774,"Lung"
"B19.D043522.3_39_F.1.1",2082,885288,"Lung"
"D5.D043522.3_39_F.1.1",2970,1384829,"Lung"
"E19.D043522.3_39_F.1.1",2158,1057289,"Lung"
"G7.D043522.3_39_F.1.1",2061,1025434,"Lung"
"I1.D043522.3_39_F.1.1",2235,667180,"Lung"
"A9.D043522.3_39_F.1.1",2578,1126006,"Lung"
"A10.D043522.3_39_F.1.1",1991,980589,"Lung"
"B20.D043522.3_39_F.1.1",960,224026,"Lung"
"D6.D043522.3_39_F.1.1",2516,1238061,"Lung"
"E20.D043522.3_39_F.1.1",2623,1702993,"Lung"
"G9.D043522.3_39_F.1.1",2943,1570680,"Lung"
"I2.D043522.3_39_F.1.1",3628,1166518,"Lung"
"B22.D043522.3_39_F.1.1",1262,670769,"Lung"
"D9.D043522.3_39_F.1.1",2035,896736,"Lung"
"E21.D043522.3_39_F.1.1",1642,319627,"Lung"
"L22.D043522.3_39_F.1.1",1074,93059,"Lung"
"N13.D043522.3_39_F.1.1",3000,1106224,"Lung"
"P21.D043522.3_39_F.1.1",2655,310553,"Lung"
"G11.D043522.3_39_F.1.1",2035,1040117,"Lung"
"I3.D043522.3_39_F.1.1",1918,801558,"Lung"
"K3.D043522.3_39_F.1.1",2237,593213,"Lung"
"K5.D043522.3_39_F.1.1",1840,232402,"Lung"
"M2.D043522.3_39_F.1.1",2472,850503,"Lung"
"N15.D043522.3_39_F.1.1",2133,371107,"Lung"
"P22.D043522.3_39_F.1.1",1560,99194,"Lung"
"K6.D043522.3_39_F.1.1",2053,392619,"Lung"
"M3.D043522.3_39_F.1.1",1927,421834,"Lung"
"N17.D043522.3_39_F.1.1",1874,621351,"Lung"
"K8.D043522.3_39_F.1.1",1330,348384,"Lung"
"M6.D043522.3_39_F.1.1",1893,707551,"Lung"
"N19.D043522.3_39_F.1.1",2475,675424,"Lung"
"K9.D043522.3_39_F.1.1",3264,864750,"Lung"
"M7.D043522.3_39_F.1.1",2150,705630,"Lung"
"N20.D043522.3_39_F.1.1",3152,1122832,"Lung"
"K10.D043522.3_39_F.1.1",2238,521905,"Lung"
"M8.D043522.3_39_F.1.1",2276,675780,"Lung"
"N21.D043522.3_39_F.1.1",1362,408148,"Lung"
"K11.D043522.3_39_F.1.1",1996,641472,"Lung"
"M9.D043522.3_39_F.1.1",1967,690496,"Lung"
"O3.D043522.3_39_F.1.1",1618,446255,"Lung"
"K13.D043522.3_39_F.1.1",1677,376400,"Lung"
"M10.D043522.3_39_F.1.1",2508,577034,"Lung"
"O4.D043522.3_39_F.1.1",1634,172096,"Lung"
"K15.D043522.3_39_F.1.1",1781,780701,"Lung"
"M13.D043522.3_39_F.1.1",3951,1186709,"Lung"
"K18.D043522.3_39_F.1.1",2247,667987,"Lung"
"M15.D043522.3_39_F.1.1",3023,967941,"Lung"
"O13.D043522.3_39_F.1.1",3481,371324,"Lung"
"K19.D043522.3_39_F.1.1",2016,558572,"Lung"
"M17.D043522.3_39_F.1.1",2997,1106866,"Lung"
"O14.D043522.3_39_F.1.1",2272,297349,"Lung"
"K21.D043522.3_39_F.1.1",2592,659145,"Lung"
"M18.D043522.3_39_F.1.1",2989,826190,"Lung"
"O15.D043522.3_39_F.1.1",1776,193513,"Lung"
"K22.D043522.3_39_F.1.1",2386,306287,"Lung"
"J9.D043522.3_39_F.1.1",3159,805466,"Lung"
"M19.D043522.3_39_F.1.1",2180,803357,"Lung"
"O19.D043522.3_39_F.1.1",2489,834273,"Lung"
"J10.D043522.3_39_F.1.1",2645,488936,"Lung"
"M20.D043522.3_39_F.1.1",2241,352135,"Lung"
"O22.D043522.3_39_F.1.1",1282,141955,"Lung"
"L3.D043522.3_39_F.1.1",1930,406586,"Lung"
"M21.D043522.3_39_F.1.1",2689,941462,"Lung"
"P1.D043522.3_39_F.1.1",2543,248869,"Lung"
"P3.D043522.3_39_F.1.1",1748,335036,"Lung"
"J11.D043522.3_39_F.1.1",2800,625625,"Lung"
"L4.D043522.3_39_F.1.1",2201,348298,"Lung"
"M22.D043522.3_39_F.1.1",1352,484776,"Lung"
"L5.D043522.3_39_F.1.1",2541,353579,"Lung"
"N3.D043522.3_39_F.1.1",2308,559180,"Lung"
"J13.D043522.3_39_F.1.1",2921,733843,"Lung"
"J14.D043522.3_39_F.1.1",1737,254104,"Lung"
"L6.D043522.3_39_F.1.1",2159,202022,"Lung"
"N4.D043522.3_39_F.1.1",2651,661467,"Lung"
"P7.D043522.3_39_F.1.1",2013,451522,"Lung"
"L8.D043522.3_39_F.1.1",1696,409831,"Lung"
"N5.D043522.3_39_F.1.1",2099,656902,"Lung"
"P9.D043522.3_39_F.1.1",1960,83747,"Lung"
"J15.D043522.3_39_F.1.1",1680,390186,"Lung"
"N7.D043522.3_39_F.1.1",1744,506576,"Lung"
"P10.D043522.3_39_F.1.1",3160,351232,"Lung"
"J16.D043522.3_39_F.1.1",2918,771449,"Lung"
"L9.D043522.3_39_F.1.1",2882,566270,"Lung"
"J20.D043522.3_39_F.1.1",1889,464486,"Lung"
"L13.D043522.3_39_F.1.1",1804,261084,"Lung"
"J18.D043522.3_39_F.1.1",2340,622020,"Lung"
"L11.D043522.3_39_F.1.1",2625,760425,"Lung"
"N8.D043522.3_39_F.1.1",2101,702870,"Lung"
"P11.D043522.3_39_F.1.1",1605,419550,"Lung"
"N9.D043522.3_39_F.1.1",1705,383029,"Lung"
"P15.D043522.3_39_F.1.1",2004,424677,"Lung"
"J22.D043522.3_39_F.1.1",1108,160175,"Lung"
"L20.D043522.3_39_F.1.1",2614,739006,"Lung"
"N10.D043522.3_39_F.1.1",2484,923778,"Lung"
"P17.D043522.3_39_F.1.1",2053,122154,"Lung"
"N11.D043522.3_39_F.1.1",2459,270679,"Lung"
"P20.D043522.3_39_F.1.1",2860,921604,"Lung"
"K1.D043522.3_39_F.1.1",2533,368528,"Lung"
"L21.D043522.3_39_F.1.1",1033,194932,"Lung"
